N_at_first_fluid_shell,all_halo_flux_status,black_hole_grid_index,black_hole_mass_factor,black_hole_mass_msun,black_hole_to_represented_halo_mass,bridge_status,first_shell_gravothermal_luminosity_msun_kms2_per_myr,fp_boundary_angular_kernel_status,fp_geometric_admissible,fp_geometric_reason,fp_loss_cone_kernel_status,halo_grid_index,halo_mass_factor,index,interface_implementation_status,maximum_absolute_gravothermal_luminosity_msun_kms2_per_myr,maximum_outward_gravothermal_luminosity_msun_kms2_per_myr,prep_reason,prep_status,r_h_pc,r_in_over_r_g,r_in_over_r_h,r_in_pc,r_out_pc,radius_of_maximum_absolute_luminosity_pc,represented_halo_mass_msun,rho_boundary_msun_pc3,sigma0_over_m_cm2_g,sigma_boundary_kms,sigma_grid_index,tag,yukawa_w_kms
0.7791114920953792,ALL_HALO_FLUX_COMPLETE,0,0.1,400000.0,0.00026172484058483987,SUBGRID_MASS_FRACTION_TOO_LARGE,1910584.5285410038,,False,MATCHING_RADIUS_OUTSIDE_CONSERVATIVE_KEPLER_DOMAIN,NONLOCAL_JUMP_OPERATOR_REQUIRED,0,0.1,0,RESOLVED_FP_REPLACEMENT_REQUIRED,6090933.055888698,6090933.055888698,,INTERFACE_COMPLETE,5.30672717398466,657270580.6792102,2.3708079418481702,12.581230929304327,,60.71617210836754,1528322642.6126614,4.136086333777572,10.0,16.492858938020966,0,s0010_h00_bh00,80.0
0.7574909708692539,ALL_HALO_FLUX_COMPLETE,1,0.1291549665014884,516619.8660059536,0.00033803063018342385,SUBGRID_MASS_FRACTION_TOO_LARGE,2601790.252625941,,False,MATCHING_RADIUS_OUTSIDE_CONSERVATIVE_KEPLER_DOMAIN,NONLOCAL_JUMP_OPERATOR_REQUIRED,0,0.1,1,RESOLVED_FP_REPLACEMENT_REQUIRED,7740824.029919274,7740824.029919274,,INTERFACE_COMPLETE,6.074285800914684,506372513.74013644,2.0609381240974147,12.51872718376867,,48.44234933374925,1528322642.6126614,4.547727559294423,10.0,17.03330362920681,0,s0010_h00_bh01,80.0
0.7540606621351414,ALL_HALO_FLUX_COMPLETE,2,0.16681005372000587,667240.2148800235,0.00043658334717817113,SUBGRID_MASS_FRACTION_TOO_LARGE,3801618.9001793168,,False,MATCHING_RADIUS_OUTSIDE_CONSERVATIVE_KEPLER_DOMAIN,NONLOCAL_JUMP_OPERATOR_REQUIRED,0,0.1,2,RESOLVED_FP_REPLACEMENT_REQUIRED,10135057.031961964,10135057.031961964,,INTERFACE_COMPLETE,6.736938608762501,379109478.3424209,1.7968143824078329,12.105028185623079,,44.16346151923768,1528322642.6126614,5.172453197766921,10.0,17.78639607685308,0,s0010_h00_bh02,80.0
0.7720241022784814,ALL_HALO_FLUX_COMPLETE,3,0.21544346900318834,861773.8760127533,0.0005638690757990436,SUBGRID_MASS_FRACTION_TOO_LARGE,6052970.156571516,,False,MATCHING_RADIUS_OUTSIDE_CONSERVATIVE_KEPLER_DOMAIN,NONLOCAL_JUMP_OPERATOR_REQUIRED,0,0.1,3,RESOLVED_FP_REPLACEMENT_REQUIRED,13568648.642736988,13568648.642736988,,INTERFACE_COMPLETE,7.1958440520739915,271971153.90240246,1.5586671218214752,11.215925537722349,,41.366842577332626,1528322642.6126614,6.199368273116972,10.0,18.891369263476673,0,s0010_h00_bh03,80.0
0.8150372209106163,ALL_HALO_FLUX_COMPLETE,4,0.2782559402207124,1113023.7608828498,0.000728264915960507,SUBGRID_MASS_FRACTION_TOO_LARGE,10625695.247573826,,False,MATCHING_RADIUS_OUTSIDE_CONSERVATIVE_KEPLER_DOMAIN,NONLOCAL_JUMP_OPERATOR_REQUIRED,0,0.1,4,RESOLVED_FP_REPLACEMENT_REQUIRED,18594335.180183284,18594335.180183284,,INTERFACE_COMPLETE,7.3610272276910615,182210744.62516916,1.3184356673354918,9.70504084521559,,39.076943808844085,1528322642.6126614,8.113195690973452,10.0,20.64705488092949,0,s0010_h00_bh04,80.0
0.8857080075208807,ALL_HALO_FLUX_COMPLETE,5,0.35938136638046275,1437525.465521851,0.0009405903082508855,SUBGRID_MASS_FRACTION_TOO_LARGE,20637657.23413038,,False,MATCHING_RADIUS_OUTSIDE_CONSERVATIVE_KEPLER_DOMAIN,NONLOCAL_JUMP_OPERATOR_REQUIRED,0,0.1,5,RESOLVED_FP_REPLACEMENT_REQUIRED,26199565.036015034,26199565.036015034,,INTERFACE_COMPLETE,7.184406879558035,108351748.19569808,1.037479438870635,7.453674418022199,,36.4883208765019,1528322642.6126614,12.510947262812001,10.0,23.809349279899795,0,s0010_h00_bh05,80.0
0.9821373684410905,ALL_HALO_FLUX_COMPLETE,6,0.46415888336127786,1856635.5334451115,0.0012148190975376774,SUBGRID_MASS_FRACTION_TOO_LARGE,43978491.31550531,ANGULAR_JUMP_CORRECTION_REQUIRED,False,MATCHING_RADIUS_OUTSIDE_CONSERVATIVE_KEPLER_DOMAIN,NONLOCAL_JUMP_OPERATOR_REQUIRED,0,0.1,6,RESOLVED_FP_REPLACEMENT_REQUIRED,43978491.31550531,43978491.31550531,,INTERFACE_COMPLETE,6.685709625833948,56601800.54155146,0.752191364255927,5.028933044475021,,4.992590975730476,1528322642.6126614,23.738818611876365,10.0,29.924954677964895,0,s0010_h00_bh06,80.0
1.0927713149738014,ALL_HALO_FLUX_COMPLETE,7,0.5994842503189409,2397937.001275764,0.0015689991984784706,SUBGRID_MASS_FRACTION_TOO_LARGE,100742164.3289457,ANGULAR_JUMP_CORRECTION_REQUIRED,False,MATCHING_RADIUS_OUTSIDE_CONSERVATIVE_KEPLER_DOMAIN,NONLOCAL_JUMP_OPERATOR_REQUIRED,0,0.1,7,RESOLVED_FP_REPLACEMENT_REQUIRED,100742164.3289457,100742164.3289457,,INTERFACE_COMPLETE,5.950735096436696,28665430.043199413,0.5527701233745334,3.289388573426478,,4.143411620443258,1528322642.6126614,51.59387544527003,10.0,39.38495564787363,0,s0010_h00_bh07,80.0
1.19311325122358,ALL_HALO_FLUX_COMPLETE,8,0.774263682681127,3097054.730724508,0.00202644038920349,SUBGRID_MASS_FRACTION_TOO_LARGE,241259355.18557838,ANGULAR_JUMP_CORRECTION_REQUIRED,True,GEOMETRIC_FP_DOMAIN_PASS,NONLOCAL_JUMP_OPERATOR_REQUIRED,0,0.1,8,RESOLVED_FP_REPLACEMENT_REQUIRED,241259355.18557838,241259355.18557838,,INTERFACE_COMPLETE,5.0985012835078605,15600439.484000348,0.4534841676022177,2.3120896105704007,,3.3741931882929963,1528322642.6126614,114.01851629538866,10.0,51.44983908559351,0,s0010_h00_bh08,80.0
1.2505830467766834,ALL_HALO_FLUX_COMPLETE,9,1.0,4000000.0,0.0026172484058483987,SUBGRID_MASS_FRACTION_TOO_LARGE,587457866.8191746,ANGULAR_JUMP_CORRECTION_REQUIRED,True,GEOMETRIC_FP_DOMAIN_PASS,NONLOCAL_JUMP_OPERATOR_REQUIRED,0,0.1,9,RESOLVED_FP_REPLACEMENT_REQUIRED,587457866.8191746,587457866.8191746,,INTERFACE_COMPLETE,4.2390072350242916,9560635.635626065,0.4317193847872298,1.8300615956133033,,2.7071828285054313,1528322642.6126614,223.98795079114961,10.0,64.57865844290721,0,s0010_h00_bh09,80.0
1.2435844330304708,ALL_HALO_FLUX_COMPLETE,10,1.2589254117941673,5035701.647176669,0.0032949205271003233,SUBGRID_MASS_FRACTION_TOO_LARGE,1303251074.4516342,ANGULAR_JUMP_CORRECTION_REQUIRED,True,GEOMETRIC_FP_DOMAIN_PASS,NONLOCAL_JUMP_OPERATOR_REQUIRED,0,0.1,10,RESOLVED_FP_REPLACEMENT_REQUIRED,1303251074.4516342,1303251074.4516342,,INTERFACE_COMPLETE,3.5221056019288786,6586275.059491085,0.45062619218231886,1.5871530358612247,,2.199520944378699,1528322642.6126614,380.819213014108,10.0,77.19139990408512,0,s0010_h00_bh10,80.0
1.175253463263147,ALL_HALO_FLUX_COMPLETE,11,1.5848931924611136,6339572.769844455,0.004148059181408829,SUBGRID_MASS_FRACTION_TOO_LARGE,2847929527.729387,ANGULAR_JUMP_CORRECTION_REQUIRED,True,GEOMETRIC_FP_DOMAIN_PASS,NONLOCAL_JUMP_OPERATOR_REQUIRED,0,0.1,11,RESOLVED_FP_REPLACEMENT_REQUIRED,2847929527.729387,2847929527.729387,,INTERFACE_COMPLETE,2.8886558698746905,4731407.220429071,0.4969051086484294,1.4353878588680065,,1.7756323555374571,1528322642.6126614,616.1745323387212,10.0,90.72511348094002,0,s0010_h00_bh11,80.0
1.055793350346084,ALL_HALO_FLUX_COMPLETE,12,1.9952623149688797,7981049.259875519,0.005222097113101686,SUBGRID_MASS_FRACTION_TOO_LARGE,6092883572.486162,ANGULAR_JUMP_CORRECTION_REQUIRED,False,MATCHING_RADIUS_OUTSIDE_CONSERVATIVE_KEPLER_DOMAIN,NONLOCAL_JUMP_OPERATOR_REQUIRED,0,0.1,12,RESOLVED_FP_REPLACEMENT_REQUIRED,6092883572.486162,6092883572.486162,,INTERFACE_COMPLETE,2.3474584826110623,3498227.4387824656,0.5691530428301647,1.3360631382955672,,1.4269497447626294,1528322642.6126614,963.3271356560417,10.0,105.39074805837625,0,s0010_h00_bh12,80.0
0.9050307518997607,ALL_HALO_FLUX_COMPLETE,13,2.51188643150958,10047545.72603832,0.006574230758540672,SUBGRID_MASS_FRACTION_TOO_LARGE,12725323086.362188,ANGULAR_JUMP_CORRECTION_REQUIRED,False,MATCHING_RADIUS_OUTSIDE_CONSERVATIVE_KEPLER_DOMAIN,NONLOCAL_JUMP_OPERATOR_REQUIRED,0,0.1,13,RESOLVED_FP_REPLACEMENT_REQUIRED,12725323086.362188,12725323086.362188,,INTERFACE_COMPLETE,1.895465018332092,2443868.901607743,0.6199277417008894,1.1750513482876488,,1.1431097258979226,1528322642.6126614,1722.1253057944368,10.0,122.71172855588274,0,s0010_h00_bh13,80.0
0.744368987876795,ALL_HALO_FLUX_COMPLETE,14,3.1622776601683795,12649110.640673518,0.008276466164925696,SUBGRID_MASS_FRACTION_TOO_LARGE,25926700944.99973,ANGULAR_JUMP_CORRECTION_REQUIRED,False,MATCHING_RADIUS_OUTSIDE_CONSERVATIVE_KEPLER_DOMAIN,NONLOCAL_JUMP_OPERATOR_REQUIRED,0,0.1,14,RESOLVED_FP_REPLACEMENT_REQUIRED,25926700944.99973,25926700944.99973,,INTERFACE_COMPLETE,1.5236925401761443,1903503.6285105888,0.7561976229863636,1.1522126770432546,,0.9137049674373009,1528322642.6126614,2463.854339027714,10.0,138.4109434048599,0,s0010_h00_bh14,80.0
0.5909355642388011,ALL_HALO_FLUX_COMPLETE,15,3.981071705534973,15924286.822139893,0.010419453574879575,SUBGRID_MASS_FRACTION_TOO_LARGE,51560291900.217804,ANGULAR_JUMP_CORRECTION_REQUIRED,False,MATCHING_RADIUS_OUTSIDE_CONSERVATIVE_KEPLER_DOMAIN,NONLOCAL_JUMP_OPERATOR_REQUIRED,0,0.1,15,RESOLVED_FP_REPLACEMENT_REQUIRED,51560291900.217804,51560291900.217804,,INTERFACE_COMPLETE,1.2210261649327139,1507726.7376445378,0.9409717958829705,1.148951183236832,,0.7292010426007214,1528322642.6126614,3437.271708022555,10.0,154.96990313615044,0,s0010_h00_bh15,80.0
0.4553644945672895,ALL_HALO_FLUX_COMPLETE,16,5.011872336272724,20047489.345090896,0.013117314882425476,SUBGRID_MASS_FRACTION_TOO_LARGE,100227782552.04742,,False,MATCHING_RADIUS_OUTSIDE_CONSERVATIVE_KEPLER_DOMAIN,NONLOCAL_JUMP_OPERATOR_REQUIRED,0,0.1,16,RESOLVED_FP_REPLACEMENT_REQUIRED,100227782552.04742,100227782552.04742,,INTERFACE_COMPLETE,0.9763261673625032,1211904.6043987796,1.1908373463676958,1.1626456623313062,,0.5813064342903291,1528322642.6126614,4700.402186415246,10.0,172.44799503467547,0,s0010_h00_bh16,80.0
0.34228914379857817,ALL_HALO_FLUX_COMPLETE,17,6.309573444801933,25238293.779207733,0.01651372103999125,SUBGRID_MASS_FRACTION_TOO_LARGE,190805657512.2632,,False,MATCHING_RADIUS_OUTSIDE_CONSERVATIVE_KEPLER_DOMAIN,NONLOCAL_JUMP_OPERATOR_REQUIRED,0,0.1,17,RESOLVED_FP_REPLACEMENT_REQUIRED,190805657512.2632,190805657512.2632,,INTERFACE_COMPLETE,0.779429969295068,981802.8942367798,1.5213395218430175,1.1857776167974765,,0.4630323462240292,1528322642.6126614,6305.205398633045,10.0,190.80531527936117,0,s0010_h00_bh17,80.0
0.25203434313926326,ALL_HALO_FLUX_COMPLETE,18,7.943282347242816,31773129.38897126,0.020789543060524985,SUBGRID_MASS_FRACTION_TOO_LARGE,356493588047.862,,False,MATCHING_RADIUS_OUTSIDE_CONSERVATIVE_KEPLER_DOMAIN,NONLOCAL_JUMP_OPERATOR_REQUIRED,0,0.1,18,RESOLVED_FP_REPLACEMENT_REQUIRED,356493588047.862,356493588047.862,,INTERFACE_COMPLETE,0.6215225948526034,803370.2240984893,1.965340254983968,1.221503375045913,,0.36860124456072224,1528322642.6126614,8293.298894642752,10.0,209.93827227701664,0,s0010_h00_bh18,80.0
0.18241632374620886,ALL_HALO_FLUX_COMPLETE,19,10.0,40000000.0,0.026172484058483988,SUBGRID_MASS_FRACTION_TOO_LARGE,655110155969.7773,,False,MATCHING_RADIUS_OUTSIDE_CONSERVATIVE_KEPLER_DOMAIN,NONLOCAL_JUMP_OPERATOR_REQUIRED,0,0.1,19,RESOLVED_FP_REPLACEMENT_REQUIRED,655110155969.7773,655110155969.7773,,INTERFACE_COMPLETE,0.49518057029585344,663960.5834407532,2.5665967640916287,1.2709288493623847,,0.29329543976040473,1528322642.6126614,10679.63067621567,10.0,229.6581902290968,0,s0010_h00_bh19,80.0
0.8678419656641392,ALL_HALO_FLUX_COMPLETE,0,0.1,400000.0,0.00020264403892034902,SUBGRID_MASS_FRACTION_TOO_LARGE,2336670.129766953,,False,MATCHING_RADIUS_OUTSIDE_CONSERVATIVE_KEPLER_DOMAIN,NONLOCAL_JUMP_OPERATOR_REQUIRED,1,0.1291549665014884,20,RESOLVED_FP_REPLACEMENT_REQUIRED,8007433.174235734,8007433.174235734,,INTERFACE_COMPLETE,4.920324306900358,662052060.1144994,2.575593691368185,12.6727562443381,,84.39565105036735,1973904597.101045,3.9227625802597728,10.0,17.619680990144527,0,s0010_h01_bh00,80.0
0.8259601441122655,ALL_HALO_FLUX_COMPLETE,1,0.1291549665014884,516619.8660059536,0.00026172484058483987,SUBGRID_MASS_FRACTION_TOO_LARGE,3001376.3255625283,,False,MATCHING_RADIUS_OUTSIDE_CONSERVATIVE_KEPLER_DOMAIN,NONLOCAL_JUMP_OPERATOR_REQUIRED,1,0.1291549665014884,21,RESOLVED_FP_REPLACEMENT_REQUIRED,9669608.123892555,9669608.123892555,,INTERFACE_COMPLETE,5.779147746938198,519339284.95655847,2.2216591484331474,12.83929646213206,,66.12130560676894,1973904597.101045,4.233519177562402,10.0,18.084312638153254,0,s0010_h01_bh01,80.0
0.8002718216437295,ALL_HALO_FLUX_COMPLETE,2,0.16681005372000587,667240.2148800235,0.0003380306301834238,SUBGRID_MASS_FRACTION_TOO_LARGE,4069363.8109130072,,False,MATCHING_RADIUS_OUTSIDE_CONSERVATIVE_KEPLER_DOMAIN,NONLOCAL_JUMP_OPERATOR_REQUIRED,1,0.1291549665014884,22,RESOLVED_FP_REPLACEMENT_REQUIRED,12270818.09012212,12270818.09012212,,INTERFACE_COMPLETE,6.615036716548617,399060863.3480359,1.9262295503787707,12.742079200256502,,52.75483077045419,1973904597.101045,4.681351437659368,10.0,18.710791353386824,0,s0010_h01_bh02,80.0
0.7928425112900602,ALL_HALO_FLUX_COMPLETE,3,0.21544346900318834,861773.8760127533,0.0004365833471781711,SUBGRID_MASS_FRACTION_TOO_LARGE,5910944.904012088,,False,MATCHING_RADIUS_OUTSIDE_CONSERVATIVE_KEPLER_DOMAIN,NONLOCAL_JUMP_OPERATOR_REQUIRED,1,0.1291549665014884,23,RESOLVED_FP_REPLACEMENT_REQUIRED,16044253.255972588,16044253.255972588,,INTERFACE_COMPLETE,7.336680840303454,297812762.53078246,1.6740019201567853,12.281617814245479,,48.09502368750048,1973904597.101045,5.364236590230196,10.0,19.58545926417228,0,s0010_h01_bh03,80.0
0.8063307888651154,ALL_HALO_FLUX_COMPLETE,4,0.2782559402207124,1113023.7608828498,0.0005638690757990436,SUBGRID_MASS_FRACTION_TOO_LARGE,9337349.369481077,,False,MATCHING_RADIUS_OUTSIDE_CONSERVATIVE_KEPLER_DOMAIN,NONLOCAL_JUMP_OPERATOR_REQUIRED,1,0.1291549665014884,24,RESOLVED_FP_REPLACEMENT_REQUIRED,21444305.185092863,21444305.185092863,,INTERFACE_COMPLETE,7.8364394055775,212879768.7557087,1.4469015923096469,11.338556653968148,,45.04944144306432,1973904597.101045,6.492782612475268,10.0,20.87027800582197,0,s0010_h01_bh04,80.0
0.8433898439666,ALL_HALO_FLUX_COMPLETE,5,0.35938136638046275,1437525.465521851,0.0007282649159605072,SUBGRID_MASS_FRACTION_TOO_LARGE,16221938.74048973,,False,MATCHING_RADIUS_OUTSIDE_CONSERVATIVE_KEPLER_DOMAIN,NONLOCAL_JUMP_OPERATOR_REQUIRED,1,0.1291549665014884,25,RESOLVED_FP_REPLACEMENT_REQUIRED,29325497.173055578,29325497.173055578,,INTERFACE_COMPLETE,8.016327676804135,142283439.73808897,1.2209936079102275,9.787884852291693,,42.55568910292071,1973904597.101045,8.599440985958573,10.0,22.90287275431454,0,s0010_h01_bh05,80.0
0.9049257282852902,ALL_HALO_FLUX_COMPLETE,6,0.46415888336127786,1856635.5334451115,0.0009405903082508854,SUBGRID_MASS_FRACTION_TOO_LARGE,31093116.072300494,ANGULAR_JUMP_CORRECTION_REQUIRED,False,MATCHING_RADIUS_OUTSIDE_CONSERVATIVE_KEPLER_DOMAIN,NONLOCAL_JUMP_OPERATOR_REQUIRED,1,0.1291549665014884,26,RESOLVED_FP_REPLACEMENT_REQUIRED,41204113.10626853,41204113.10626853,,INTERFACE_COMPLETE,7.823984062084311,83677933.6544246,0.950229692283466,7.4345819677451175,,39.73661928895741,1973904597.101045,13.331809736301457,10.0,26.465208981525677,0,s0010_h01_bh06,80.0
0.9866253519323412,ALL_HALO_FLUX_COMPLETE,7,0.5994842503189409,2397937.001275764,0.0012148190975376774,SUBGRID_MASS_FRACTION_TOO_LARGE,65202244.86255123,ANGULAR_JUMP_CORRECTION_REQUIRED,False,MATCHING_RADIUS_OUTSIDE_CONSERVATIVE_KEPLER_DOMAIN,NONLOCAL_JUMP_OPERATOR_REQUIRED,1,0.1291549665014884,27,RESOLVED_FP_REPLACEMENT_REQUIRED,65202244.86255123,65202244.86255123,,INTERFACE_COMPLETE,7.280891301560877,47586224.76858572,0.7499864587796182,5.460569884016968,,5.43704621376121,1973904597.101045,23.713601957276413,10.0,32.69333400338224,0,s0010_h01_bh07,80.0
1.0746448749710367,ALL_HALO_FLUX_COMPLETE,8,0.774263682681127,3097054.730724508,0.0015689991984784706,SUBGRID_MASS_FRACTION_TOO_LARGE,146633000.5810922,ANGULAR_JUMP_CORRECTION_REQUIRED,False,MATCHING_RADIUS_OUTSIDE_CONSERVATIVE_KEPLER_DOMAIN,NONLOCAL_JUMP_OPERATOR_REQUIRED,1,0.1291549665014884,28,RESOLVED_FP_REPLACEMENT_REQUIRED,146633000.5810922,146633000.5810922,,INTERFACE_COMPLETE,6.480487162368195,25709494.05362417,0.5879680191531758,3.810319200005213,,4.512270396773063,1973904597.101045,47.890778933911,10.0,41.839349953688696,0,s0010_h01_bh08,80.0
1.1444496194787708,ALL_HALO_FLUX_COMPLETE,9,1.0,4000000.0,0.00202644038920349,SUBGRID_MASS_FRACTION_TOO_LARGE,344288272.48306125,ANGULAR_JUMP_CORRECTION_REQUIRED,False,MATCHING_RADIUS_OUTSIDE_CONSERVATIVE_KEPLER_DOMAIN,NONLOCAL_JUMP_OPERATOR_REQUIRED,1,0.1291549665014884,29,RESOLVED_FP_REPLACEMENT_REQUIRED,344288272.48306125,344288272.48306125,,INTERFACE_COMPLETE,5.552384970871155,14727388.172066944,0.5077209732655095,2.81906230135549,,3.674573861164922,1973904597.101045,98.42111292511494,10.0,53.34888917830029,0,s0010_h01_bh09,80.0
1.1682522658431798,ALL_HALO_FLUX_COMPLETE,10,1.2589254117941673,5035701.647176669,0.0025511373014543365,SUBGRID_MASS_FRACTION_TOO_LARGE,753283806.3453771,ANGULAR_JUMP_CORRECTION_REQUIRED,True,GEOMETRIC_FP_DOMAIN_PASS,NONLOCAL_JUMP_OPERATOR_REQUIRED,1,0.1291549665014884,30,RESOLVED_FP_REPLACEMENT_REQUIRED,753283806.3453771,753283806.3453771,,INTERFACE_COMPLETE,4.707656248682401,9646413.288762433,0.49378746575379573,2.3245816486769035,,3.0155046052281125,1973904597.101045,175.46471305801722,10.0,64.81827038965524,0,s0010_h01_bh10,80.0
1.1403119426988342,ALL_HALO_FLUX_COMPLETE,11,1.5848931924611136,6339572.769844455,0.0032116915777768615,SUBGRID_MASS_FRACTION_TOO_LARGE,1644408306.4818535,ANGULAR_JUMP_CORRECTION_REQUIRED,False,MATCHING_RADIUS_OUTSIDE_CONSERVATIVE_KEPLER_DOMAIN,NONLOCAL_JUMP_OPERATOR_REQUIRED,1,0.1291549665014884,31,RESOLVED_FP_REPLACEMENT_REQUIRED,1644408306.4818535,1644408306.4818535,,INTERFACE_COMPLETE,3.9182563834407937,6677924.079508481,0.5170440772829898,2.02591125633433,,2.4521134025787323,1973904597.101045,295.04460008794916,10.0,77.19655626472084,0,s0010_h01_bh11,80.0
1.059647323893634,ALL_HALO_FLUX_COMPLETE,12,1.9952623149688797,7981049.259875519,0.004043280142108594,SUBGRID_MASS_FRACTION_TOO_LARGE,3543475972.7560177,ANGULAR_JUMP_CORRECTION_REQUIRED,False,MATCHING_RADIUS_OUTSIDE_CONSERVATIVE_KEPLER_DOMAIN,NONLOCAL_JUMP_OPERATOR_REQUIRED,1,0.1291549665014884,32,RESOLVED_FP_REPLACEMENT_REQUIRED,3543475972.7560177,3543475972.7560177,,INTERFACE_COMPLETE,3.2175364658904053,4805242.517932832,0.5703885168489948,1.8352458526867848,,1.9807550469687063,1973904597.101045,475.1233036213214,10.0,90.59050952728144,0,s0010_h01_bh12,80.0
0.9380344967281837,ALL_HALO_FLUX_COMPLETE,13,2.51188643150958,10047545.72603832,0.005090188117903239,SUBGRID_MASS_FRACTION_TOO_LARGE,7489733499.119205,ANGULAR_JUMP_CORRECTION_REQUIRED,False,MATCHING_RADIUS_OUTSIDE_CONSERVATIVE_KEPLER_DOMAIN,NONLOCAL_JUMP_OPERATOR_REQUIRED,1,0.1291549665014884,33,RESOLVED_FP_REPLACEMENT_REQUIRED,7489733499.119205,7489733499.119205,,INTERFACE_COMPLETE,2.6169896145010396,3372553.6103908625,0.6196348033129648,1.6215778450534233,,1.5924736045411445,1973904597.101045,825.4988563323079,10.0,106.01198394192096,0,s0010_h01_bh13,80.0
0.7940964435194314,ALL_HALO_FLUX_COMPLETE,14,3.1622776601683795,12649110.640673518,0.006408167172441114,SUBGRID_MASS_FRACTION_TOO_LARGE,15479694532.890377,ANGULAR_JUMP_CORRECTION_REQUIRED,False,MATCHING_RADIUS_OUTSIDE_CONSERVATIVE_KEPLER_DOMAIN,NONLOCAL_JUMP_OPERATOR_REQUIRED,1,0.1291549665014884,34,RESOLVED_FP_REPLACEMENT_REQUIRED,15479694532.890377,15479694532.890377,,INTERFACE_COMPLETE,2.1143721578382815,2507788.3267231067,0.717940387810972,1.5179931669751376,,1.2760888036294615,1973904597.101045,1282.7435439188114,10.0,121.19185386882947,0,s0010_h01_bh14,80.0
0.6463457687206984,ALL_HALO_FLUX_COMPLETE,15,3.981071705534973,15924286.822139893,0.008067404496411294,SUBGRID_MASS_FRACTION_TOO_LARGE,31252914739.23421,ANGULAR_JUMP_CORRECTION_REQUIRED,False,MATCHING_RADIUS_OUTSIDE_CONSERVATIVE_KEPLER_DOMAIN,NONLOCAL_JUMP_OPERATOR_REQUIRED,1,0.1291549665014884,35,RESOLVED_FP_REPLACEMENT_REQUIRED,31252914739.23421,31252914739.23421,,INTERFACE_COMPLETE,1.7003777277190564,1959958.9707785496,0.8783761041295605,1.4935711640225393,,1.020210605919442,1973904597.101045,1824.5464896147985,10.0,136.5403666568567,0,s0010_h01_bh15,80.0
0.5087093760076007,ALL_HALO_FLUX_COMPLETE,16,5.011872336272724,20047489.345090896,0.010156260527754705,SUBGRID_MASS_FRACTION_TOO_LARGE,61663080620.711945,,False,MATCHING_RADIUS_OUTSIDE_CONSERVATIVE_KEPLER_DOMAIN,NONLOCAL_JUMP_OPERATOR_REQUIRED,1,0.1291549665014884,36,RESOLVED_FP_REPLACEMENT_REQUIRED,61663080620.711945,61663080620.711945,,INTERFACE_COMPLETE,1.3630162591102766,1558803.3031475318,1.0971581186193158,1.495444354492969,,0.8143204666077064,1973904597.101045,2536.9331119104954,10.0,152.74624919771978,0,s0010_h01_bh16,80.0
0.38922856854162957,ALL_HALO_FLUX_COMPLETE,17,6.309573444801933,25238293.779207733,0.012785974467192436,SUBGRID_MASS_FRACTION_TOO_LARGE,119046870109.50026,,False,MATCHING_RADIUS_OUTSIDE_CONSERVATIVE_KEPLER_DOMAIN,NONLOCAL_JUMP_OPERATOR_REQUIRED,1,0.1291549665014884,37,RESOLVED_FP_REPLACEMENT_REQUIRED,119046870109.50026,119046870109.50026,,INTERFACE_COMPLETE,1.0900896733705612,1250855.1006990005,1.3858739085325609,1.5107268362850423,,0.6492314222222706,1973904597.101045,3455.2833159370452,10.0,169.80690968042296,0,s0010_h01_bh17,80.0
0.29087100032869406,ALL_HALO_FLUX_COMPLETE,18,7.943282347242816,31773129.38897126,0.016096588171299945,SUBGRID_MASS_FRACTION_TOO_LARGE,225291267504.51712,,False,MATCHING_RADIUS_OUTSIDE_CONSERVATIVE_KEPLER_DOMAIN,NONLOCAL_JUMP_OPERATOR_REQUIRED,1,0.1291549665014884,38,RESOLVED_FP_REPLACEMENT_REQUIRED,225291267504.51712,225291267504.51712,,INTERFACE_COMPLETE,0.8703830116375627,1014835.7556576798,1.7728185800076217,1.5430311747540613,,0.5171776050585408,1973904597.101045,4611.455958947822,10.0,187.65590892953367,0,s0010_h01_bh18,80.0
0.21314353234113664,ALL_HALO_FLUX_COMPLETE,19,10.0,40000000.0,0.0202644038920349,SUBGRID_MASS_FRACTION_TOO_LARGE,418780402757.65717,,False,MATCHING_RADIUS_OUTSIDE_CONSERVATIVE_KEPLER_DOMAIN,NONLOCAL_JUMP_OPERATOR_REQUIRED,1,0.1291549665014884,39,RESOLVED_FP_REPLACEMENT_REQUIRED,418780402757.65717,418780402757.65717,,INTERFACE_COMPLETE,0.694126847811815,832102.6583634461,2.294652929693747,1.592780204910467,,0.4117281988377781,1973904597.101045,6025.827962351446,10.0,206.15793933096688,0,s0010_h01_bh19,80.0
0.9805715699565597,ALL_HALO_FLUX_COMPLETE,0,0.1,400000.0,0.0001568999198478471,SUBGRID_MASS_FRACTION_TOO_LARGE,2969725.688989349,,False,MATCHING_RADIUS_OUTSIDE_CONSERVATIVE_KEPLER_DOMAIN,NONLOCAL_JUMP_OPERATOR_REQUIRED,2,0.16681005372000587,40,RESOLVED_FP_REPLACEMENT_REQUIRED,10982963.790433325,10982963.790433325,,INTERFACE_COMPLETE,4.468906629582675,662242001.8358005,2.836575719610522,12.67639203868071,,105.47575084437169,2549395821.1571937,3.75352993972096,10.0,18.88375615564083,0,s0010_h02_bh00,80.0
0.9187065546577222,ALL_HALO_FLUX_COMPLETE,1,0.1291549665014884,516619.8660059536,0.00020264403892034905,SUBGRID_MASS_FRACTION_TOO_LARGE,3659119.9534997796,,False,MATCHING_RADIUS_OUTSIDE_CONSERVATIVE_KEPLER_DOMAIN,NONLOCAL_JUMP_OPERATOR_REQUIRED,2,0.16681005372000587,41,RESOLVED_FP_REPLACEMENT_REQUIRED,12656722.688896632,12656722.688896632,,INTERFACE_COMPLETE,5.358346151998864,526790786.86232334,2.430510246706948,13.023515227835986,,91.90880190904682,2549395821.1571937,3.993481719658173,10.0,19.289550521204735,0,s0010_h02_bh01,80.0
0.8718800797212296,ALL_HALO_FLUX_COMPLETE,2,0.16681005372000587,667240.2148800235,0.00026172484058483987,SUBGRID_MASS_FRACTION_TOO_LARGE,4683765.701358984,,False,MATCHING_RADIUS_OUTSIDE_CONSERVATIVE_KEPLER_DOMAIN,NONLOCAL_JUMP_OPERATOR_REQUIRED,2,0.16681005372000587,42,RESOLVED_FP_REPLACEMENT_REQUIRED,15264649.520692233,15264649.520692233,,INTERFACE_COMPLETE,6.293624598730417,412548123.9984733,2.0930275473519595,13.172729657834685,,73.29252164574434,2549395821.1571937,4.327793738096653,10.0,19.824138051739705,0,s0010_h02_bh02,80.0
0.8414709768851584,ALL_HALO_FLUX_COMPLETE,3,0.21544346900318834,861773.8760127533,0.0003380306301834238,SUBGRID_MASS_FRACTION_TOO_LARGE,6320823.731761455,,False,MATCHING_RADIUS_OUTSIDE_CONSERVATIVE_KEPLER_DOMAIN,NONLOCAL_JUMP_OPERATOR_REQUIRED,2,0.16681005372000587,43,RESOLVED_FP_REPLACEMENT_REQUIRED,19341757.74876367,19341757.74876367,,INTERFACE_COMPLETE,7.2039268805391,316428135.102539,1.8114154560710605,13.049304495814306,,58.46260422348698,2549395821.1571937,4.81028276134669,10.0,20.5449340425673,0,s0010_h02_bh03,80.0
0.8291848986490096,ALL_HALO_FLUX_COMPLETE,4,0.2782559402207124,1113023.7608828498,0.00043658334717817113,SUBGRID_MASS_FRACTION_TOO_LARGE,9124001.962593334,,False,MATCHING_RADIUS_OUTSIDE_CONSERVATIVE_KEPLER_DOMAIN,NONLOCAL_JUMP_OPERATOR_REQUIRED,2,0.16681005372000587,44,RESOLVED_FP_REPLACEMENT_REQUIRED,25251827.59845316,25251827.59845316,,INTERFACE_COMPLETE,7.989813901890763,235707430.7269994,1.5713031990344,12.554420143730477,,52.37658516630598,2549395821.1571937,5.547739709673434,10.0,21.551083528651972,0,s0010_h02_bh04,80.0
0.837044202070379,ALL_HALO_FLUX_COMPLETE,5,0.35938136638046275,1437525.465521851,0.0005638690757990437,SUBGRID_MASS_FRACTION_TOO_LARGE,14293733.111735767,,False,MATCHING_RADIUS_OUTSIDE_CONSERVATIVE_KEPLER_DOMAIN,NONLOCAL_JUMP_OPERATOR_REQUIRED,2,0.16681005372000587,45,RESOLVED_FP_REPLACEMENT_REQUIRED,33691242.22229607,33691242.22229607,,INTERFACE_COMPLETE,8.534062455062173,168298900.03167787,1.3566254384978034,11.57752622026636,,49.05987616865233,2549395821.1571937,6.76685037130232,10.0,23.02429932153059,0,s0010_h02_bh05,80.0
0.8666107177467957,ALL_HALO_FLUX_COMPLETE,6,0.46415888336127786,1856635.5334451115,0.000728264915960507,SUBGRID_MASS_FRACTION_TOO_LARGE,24566172.564724237,,False,MATCHING_RADIUS_OUTSIDE_CONSERVATIVE_KEPLER_DOMAIN,NONLOCAL_JUMP_OPERATOR_REQUIRED,2,0.16681005372000587,46,RESOLVED_FP_REPLACEMENT_REQUIRED,45970239.98226793,45970239.98226793,,INTERFACE_COMPLETE,8.729964913069931,112789946.69232255,1.1478985307326615,10.021113897060662,,46.344122608036955,2549395821.1571937,9.023630476185607,10.0,25.326824394503067,0,s0010_h02_bh06,80.0
0.9170955015739912,ALL_HALO_FLUX_COMPLETE,7,0.5994842503189409,2397937.001275764,0.0009405903082508854,SUBGRID_MASS_FRACTION_TOO_LARGE,46452208.070516765,ANGULAR_JUMP_CORRECTION_REQUIRED,False,MATCHING_RADIUS_OUTSIDE_CONSERVATIVE_KEPLER_DOMAIN,NONLOCAL_JUMP_OPERATOR_REQUIRED,2,0.16681005372000587,47,RESOLVED_FP_REPLACEMENT_REQUIRED,64397986.53514988,64397986.53514988,,INTERFACE_COMPLETE,8.520498299995173,67714897.35316733,0.9119603325457196,7.770356463118837,,43.27409084840665,2549395821.1571937,13.889634354608708,10.0,29.205381591984615,0,s0010_h02_bh07,80.0
0.9820854187626139,ALL_HALO_FLUX_COMPLETE,8,0.774263682681127,3097054.730724508,0.0012148190975376774,SUBGRID_MASS_FRACTION_TOO_LARGE,95839045.68343315,ANGULAR_JUMP_CORRECTION_REQUIRED,False,MATCHING_RADIUS_OUTSIDE_CONSERVATIVE_KEPLER_DOMAIN,NONLOCAL_JUMP_OPERATOR_REQUIRED,2,0.16681005372000587,48,RESOLVED_FP_REPLACEMENT_REQUIRED,95839045.68343315,95839045.68343315,,INTERFACE_COMPLETE,7.929057813146135,40206560.38256997,0.7515245392235479,5.958881519501521,,5.921068173675106,2549395821.1571937,23.7307891849599,10.0,35.52633899191476,0,s0010_h02_bh08,80.0
1.0463192358381814,ALL_HALO_FLUX_COMPLETE,9,1.0,4000000.0,0.0015689991984784708,SUBGRID_MASS_FRACTION_TOO_LARGE,211612907.11727023,ANGULAR_JUMP_CORRECTION_REQUIRED,False,MATCHING_RADIUS_OUTSIDE_CONSERVATIVE_KEPLER_DOMAIN,NONLOCAL_JUMP_OPERATOR_REQUIRED,2,0.16681005372000587,49,RESOLVED_FP_REPLACEMENT_REQUIRED,211612907.11727023,211612907.11727023,,INTERFACE_COMPLETE,7.057399326474236,23237935.497499548,0.630277480638353,4.448119867348991,,4.913966074028669,2549395821.1571937,44.07661653656486,10.0,44.32079618885171,0,s0010_h02_bh09,80.0
1.0843114226106936,ALL_HALO_FLUX_COMPLETE,10,1.2589254117941673,5035701.647176669,0.0019752529620492274,SUBGRID_MASS_FRACTION_TOO_LARGE,447808270.6320433,ANGULAR_JUMP_CORRECTION_REQUIRED,False,MATCHING_RADIUS_OUTSIDE_CONSERVATIVE_KEPLER_DOMAIN,NONLOCAL_JUMP_OPERATOR_REQUIRED,2,0.16681005372000587,50,RESOLVED_FP_REPLACEMENT_REQUIRED,447808270.6320433,447808270.6320433,,INTERFACE_COMPLETE,6.150018114138013,14581118.502910435,0.5713383612382584,3.5137412709172167,,4.08774384403231,2549395821.1571937,79.94064225756232,10.0,54.193099236641736,0,s0010_h02_bh10,80.0
1.0856730360664804,ALL_HALO_FLUX_COMPLETE,11,1.5848931924611136,6339572.769844455,0.0024866961486454723,SUBGRID_MASS_FRACTION_TOO_LARGE,962274565.6711344,ANGULAR_JUMP_CORRECTION_REQUIRED,False,MATCHING_RADIUS_OUTSIDE_CONSERVATIVE_KEPLER_DOMAIN,NONLOCAL_JUMP_OPERATOR_REQUIRED,2,0.16681005372000587,51,RESOLVED_FP_REPLACEMENT_REQUIRED,962274565.6711344,962274565.6711344,,INTERFACE_COMPLETE,5.226926930955956,9687559.735860026,0.5622725794930415,2.938957688290252,,3.3585628803774608,2549395821.1571937,138.80790903408112,10.0,65.27144714726782,0,s0010_h02_bh11,80.0
1.0406717052263674,ALL_HALO_FLUX_COMPLETE,12,1.9952623149688797,7981049.259875519,0.0031305649729404706,SUBGRID_MASS_FRACTION_TOO_LARGE,2067719732.7501075,ANGULAR_JUMP_CORRECTION_REQUIRED,False,MATCHING_RADIUS_OUTSIDE_CONSERVATIVE_KEPLER_DOMAIN,NONLOCAL_JUMP_OPERATOR_REQUIRED,2,0.16681005372000587,52,RESOLVED_FP_REPLACEMENT_REQUIRED,2067719732.7501075,2067719732.7501075,,INTERFACE_COMPLETE,4.358251620475856,6747698.233992856,0.5913196238635642,2.577119708922552,,2.733496088570883,2549395821.1571937,230.3705408980047,10.0,77.401476451959,0,s0010_h02_bh12,80.0
0.9514542535010635,ALL_HALO_FLUX_COMPLETE,13,2.51188643150958,10047545.72603832,0.003941147797707477,SUBGRID_MASS_FRACTION_TOO_LARGE,4395280906.760871,ANGULAR_JUMP_CORRECTION_REQUIRED,False,MATCHING_RADIUS_OUTSIDE_CONSERVATIVE_KEPLER_DOMAIN,NONLOCAL_JUMP_OPERATOR_REQUIRED,2,0.16681005372000587,53,RESOLVED_FP_REPLACEMENT_REQUIRED,4395280906.760871,4395280906.760871,,INTERFACE_COMPLETE,3.583442842262852,4662303.570171469,0.6255744550187725,2.241710303139505,,2.2094469069716443,2549395821.1571937,402.6137758329889,10.0,91.27311485762264,0,s0010_h02_bh13,80.0
0.8304689150794908,ALL_HALO_FLUX_COMPLETE,14,3.1622776601683795,12649110.640673518,0.004961611114170562,SUBGRID_MASS_FRACTION_TOO_LARGE,9181646378.156437,ANGULAR_JUMP_CORRECTION_REQUIRED,False,MATCHING_RADIUS_OUTSIDE_CONSERVATIVE_KEPLER_DOMAIN,NONLOCAL_JUMP_OPERATOR_REQUIRED,2,0.16681005372000587,54,RESOLVED_FP_REPLACEMENT_REQUIRED,9181646378.156437,9181646378.156437,,INTERFACE_COMPLETE,2.9172294352898143,3356070.928553868,0.6963690872403518,2.031468399123455,,1.7771260092781425,2549395821.1571937,655.7748592746161,10.0,105.48845649550476,0,s0010_h02_bh14,80.0
0.6947057338888648,ALL_HALO_FLUX_COMPLETE,15,3.981071705534973,15924286.822139893,0.006246298315069692,SUBGRID_MASS_FRACTION_TOO_LARGE,18784935896.255543,ANGULAR_JUMP_CORRECTION_REQUIRED,False,MATCHING_RADIUS_OUTSIDE_CONSERVATIVE_KEPLER_DOMAIN,NONLOCAL_JUMP_OPERATOR_REQUIRED,2,0.16681005372000587,55,RESOLVED_FP_REPLACEMENT_REQUIRED,18784935896.255543,18784935896.255543,,INTERFACE_COMPLETE,2.3584286304794233,2580016.143285412,0.8336401539859872,1.9660808066778275,,1.4244983021462196,2549395821.1571937,953.9867118735535,10.0,119.72002648309693,0,s0010_h02_bh15,80.0
0.5598640082676528,ALL_HALO_FLUX_COMPLETE,16,5.011872336272724,20047489.345090896,0.007863623678488325,SUBGRID_MASS_FRACTION_TOO_LARGE,37594037311.10696,,False,MATCHING_RADIUS_OUTSIDE_CONSERVATIVE_KEPLER_DOMAIN,NONLOCAL_JUMP_OPERATOR_REQUIRED,2,0.16681005372000587,56,RESOLVED_FP_REPLACEMENT_REQUIRED,37594037311.10696,37594037311.10696,,INTERFACE_COMPLETE,1.8974759673087065,2026356.7827630278,1.0245155880657981,1.9439937064879984,,1.1391085080802579,2549395821.1571937,1351.3905162585522,10.0,134.72928116140426,0,s0010_h02_bh16,80.0
0.4370481486664358,ALL_HALO_FLUX_COMPLETE,17,6.309573444801933,25238293.779207733,0.009899715677635278,SUBGRID_MASS_FRACTION_TOO_LARGE,73610267844.08076,,False,MATCHING_RADIUS_OUTSIDE_CONSERVATIVE_KEPLER_DOMAIN,NONLOCAL_JUMP_OPERATOR_REQUIRED,2,0.16681005372000587,57,RESOLVED_FP_REPLACEMENT_REQUIRED,73610267844.08076,73610267844.08076,,INTERFACE_COMPLETE,1.521475872481787,1608109.2713880257,1.2765252987355211,1.9422024426387008,,0.9093632713618826,2549395821.1571937,1871.3668561570707,10.0,150.56192895560355,0,s0010_h02_bh17,80.0
0.33215122826239296,ALL_HALO_FLUX_COMPLETE,18,7.943282347242816,31773129.38897126,0.012463003636112165,SUBGRID_MASS_FRACTION_TOO_LARGE,141175026738.22067,,False,MATCHING_RADIUS_OUTSIDE_CONSERVATIVE_KEPLER_DOMAIN,NONLOCAL_JUMP_OPERATOR_REQUIRED,2,0.16681005372000587,58,RESOLVED_FP_REPLACEMENT_REQUIRED,141175026738.22067,141175026738.22067,,INTERFACE_COMPLETE,1.2170847118447994,1292139.9153682978,1.61423840450686,1.9646648833980405,,0.7250859353723713,2549395821.1571937,2536.4090395426956,10.0,167.17828614647485,0,s0010_h02_bh18,80.0
0.24684241251029668,ALL_HALO_FLUX_COMPLETE,19,10.0,40000000.0,0.01568999198478471,SUBGRID_MASS_FRACTION_TOO_LARGE,265645620829.3171,,False,MATCHING_RADIUS_OUTSIDE_CONSERVATIVE_KEPLER_DOMAIN,NONLOCAL_JUMP_OPERATOR_REQUIRED,2,0.16681005372000587,59,RESOLVED_FP_REPLACEMENT_REQUIRED,265645620829.3171,265645620829.3171,,INTERFACE_COMPLETE,0.9719353467184183,1050259.9469924392,2.0684182788629863,2.0103688370254105,,0.5776500541618098,2549395821.1571937,3364.619453889169,10.0,184.4835144520366,0,s0010_h02_bh19,80.0
1.117987941140837,ALL_HALO_FLUX_COMPLETE,0,0.1,400000.0,0.00012148190975376777,SUBGRID_MASS_FRACTION_TOO_LARGE,3866402.1742186164,,False,MATCHING_RADIUS_OUTSIDE_CONSERVATIVE_KEPLER_DOMAIN,NONLOCAL_JUMP_OPERATOR_REQUIRED,3,0.21544346900318834,60,RESOLVED_FP_REPLACEMENT_REQUIRED,15500029.763454385,15500029.763454385,,INTERFACE_COMPLETE,3.9931311414132593,656802914.9921247,3.1484763710606143,12.572279045285947,,124.65784196958667,3292671318.8059177,3.6403826082427546,10.0,20.235880846641017,0,s0010_h03_bh00,80.0
1.0358674765758429,ALL_HALO_FLUX_COMPLETE,1,0.1291549665014884,516619.8660059536,0.00015689991984784712,SUBGRID_MASS_FRACTION_TOO_LARGE,4631514.854003212,,False,MATCHING_RADIUS_OUTSIDE_CONSERVATIVE_KEPLER_DOMAIN,NONLOCAL_JUMP_OPERATOR_REQUIRED,3,0.21544346900318834,61,RESOLVED_FP_REPLACEMENT_REQUIRED,17268724.25675931,17268724.25675931,,INTERFACE_COMPLETE,4.866741935828132,528644423.55946,2.6854395994482436,13.069341514768267,,114.86551463152881,3292671318.8059177,3.8248715064929146,10.0,20.60737914238296,0,s0010_h03_bh01,80.0
0.968207215039229,ALL_HALO_FLUX_COMPLETE,2,0.16681005372000587,667240.2148800235,0.00020264403892034907,SUBGRID_MASS_FRACTION_TOO_LARGE,5690989.999197676,,False,MATCHING_RADIUS_OUTSIDE_CONSERVATIVE_KEPLER_DOMAIN,NONLOCAL_JUMP_OPERATOR_REQUIRED,3,0.21544346900318834,62,RESOLVED_FP_REPLACEMENT_REQUIRED,19885232.650607586,19885232.650607586,,INTERFACE_COMPLETE,5.835361999284254,421362858.9146693,2.3056299848298285,13.454185597886314,,100.09079571310072,3292671318.8059177,4.060917554385719,10.0,21.112317133456646,0,s0010_h03_bh02,80.0
0.9159036977908775,ALL_HALO_FLUX_COMPLETE,3,0.21544346900318834,861773.8760127533,0.00026172484058483987,SUBGRID_MASS_FRACTION_TOO_LARGE,7257763.7770259315,,False,MATCHING_RADIUS_OUTSIDE_CONSERVATIVE_KEPLER_DOMAIN,NONLOCAL_JUMP_OPERATOR_REQUIRED,3,0.21544346900318834,63,RESOLVED_FP_REPLACEMENT_REQUIRED,23952904.085744243,23952904.085744243,,INTERFACE_COMPLETE,6.853901703885257,329689621.59487104,1.9837168299186927,13.596200160605589,,79.81723903442703,3292671318.8059177,4.416669315918232,10.0,21.722132374189123,0,s0010_h03_bh03,80.0
0.8800899962821699,ALL_HALO_FLUX_COMPLETE,4,0.2782559402207124,1113023.7608828498,0.0003380306301834239,SUBGRID_MASS_FRACTION_TOO_LARGE,9746178.233220724,,False,MATCHING_RADIUS_OUTSIDE_CONSERVATIVE_KEPLER_DOMAIN,NONLOCAL_JUMP_OPERATOR_REQUIRED,3,0.21544346900318834,64,RESOLVED_FP_REPLACEMENT_REQUIRED,30302010.855898052,30302010.855898052,,INTERFACE_COMPLETE,7.845241791376039,252650502.6062915,1.7152886661146332,13.456854327676181,,63.66711843311391,3292671318.8059177,4.9311834944191615,10.0,22.54477182182343,0,s0010_h03_bh04,80.0
0.8620501016182954,ALL_HALO_FLUX_COMPLETE,5,0.35938136638046275,1437525.465521851,0.0004365833471781713,SUBGRID_MASS_FRACTION_TOO_LARGE,13976178.641499067,,False,MATCHING_RADIUS_OUTSIDE_CONSERVATIVE_KEPLER_DOMAIN,NONLOCAL_JUMP_OPERATOR_REQUIRED,3,0.21544346900318834,65,RESOLVED_FP_REPLACEMENT_REQUIRED,39497210.67016332,39497210.67016332,,INTERFACE_COMPLETE,8.701090803373049,188157999.80695304,1.4875907955377423,12.943662590235848,,57.03930393106919,3292671318.8059177,5.716320325490607,10.0,23.688921456382847,0,s0010_h03_bh05,80.0
0.8631011163901575,ALL_HALO_FLUX_COMPLETE,6,0.46415888336127786,1856635.5334451115,0.0005638690757990437,SUBGRID_MASS_FRACTION_TOO_LARGE,21706591.18869112,,False,MATCHING_RADIUS_OUTSIDE_CONSERVATIVE_KEPLER_DOMAIN,NONLOCAL_JUMP_OPERATOR_REQUIRED,3,0.21544346900318834,66,RESOLVED_FP_REPLACEMENT_REQUIRED,52599904.05797937,52599904.05797937,,INTERFACE_COMPLETE,9.29378997495554,134575512.69086602,1.286526676804913,11.956708731402369,,54.400773206712756,3292671318.8059177,7.007822717988428,10.0,25.3520838535325,0,s0010_h03_bh06,80.0
0.883678394902946,ALL_HALO_FLUX_COMPLETE,7,0.5994842503189409,2397937.001275764,0.0007282649159605072,SUBGRID_MASS_FRACTION_TOO_LARGE,36893717.63126495,,False,MATCHING_RADIUS_OUTSIDE_CONSERVATIVE_KEPLER_DOMAIN,NONLOCAL_JUMP_OPERATOR_REQUIRED,3,0.21544346900318834,67,RESOLVED_FP_REPLACEMENT_REQUIRED,71600078.0055557,71600078.0055557,,INTERFACE_COMPLETE,9.507132250089906,90880493.71935402,1.0969273383990652,10.428633274899036,,51.416023036002336,3292671318.8059177,9.356340691708668,10.0,27.902432205166118,0,s0010_h03_bh07,80.0
0.9214090470755744,ALL_HALO_FLUX_COMPLETE,8,0.774263682681127,3097054.730724508,0.0009405903082508855,SUBGRID_MASS_FRACTION_TOO_LARGE,68805741.73206976,ANGULAR_JUMP_CORRECTION_REQUIRED,False,MATCHING_RADIUS_OUTSIDE_CONSERVATIVE_KEPLER_DOMAIN,NONLOCAL_JUMP_OPERATOR_REQUIRED,3,0.21544346900318834,68,RESOLVED_FP_REPLACEMENT_REQUIRED,99992393.3228431,99992393.3228431,,INTERFACE_COMPLETE,9.27901829862385,55994602.66555397,0.8943591718665831,8.298775121292097,,48.04214130131407,3292671318.8059177,14.16650373148863,10.0,32.00903573305795,0,s0010_h03_bh08,80.0
0.9682362355531168,ALL_HALO_FLUX_COMPLETE,9,1.0,4000000.0,0.0012148190975376776,SUBGRID_MASS_FRACTION_TOO_LARGE,139661339.15670618,ANGULAR_JUMP_CORRECTION_REQUIRED,False,MATCHING_RADIUS_OUTSIDE_CONSERVATIVE_KEPLER_DOMAIN,NONLOCAL_JUMP_OPERATOR_REQUIRED,3,0.21544346900318834,69,RESOLVED_FP_REPLACEMENT_REQUIRED,144131611.03014952,144131611.03014952,,INTERFACE_COMPLETE,8.634926027632776,34124635.22474738,0.7564641245840167,6.5320117583409685,,44.25696439072937,3292671318.8059177,23.78625209874234,10.0,38.41716356406729,0,s0010_h03_bh09,80.0
1.005285792384329,ALL_HALO_FLUX_COMPLETE,10,1.2589254117941673,5035701.647176669,0.0015293666326230396,SUBGRID_MASS_FRACTION_TOO_LARGE,279637491.93820244,ANGULAR_JUMP_CORRECTION_REQUIRED,False,MATCHING_RADIUS_OUTSIDE_CONSERVATIVE_KEPLER_DOMAIN,NONLOCAL_JUMP_OPERATOR_REQUIRED,3,0.21544346900318834,70,RESOLVED_FP_REPLACEMENT_REQUIRED,279637491.93820244,279637491.93820244,,INTERFACE_COMPLETE,7.790019180822906,22220431.665485274,0.6873736894564803,5.354654225258989,,5.457116845355757,3292671318.8059177,37.93027881199424,10.0,45.894331342630466,0,s0010_h03_bh10,80.0
1.0217122770100628,ALL_HALO_FLUX_COMPLETE,11,1.5848931924611136,6339572.769844455,0.001925358517759219,SUBGRID_MASS_FRACTION_TOO_LARGE,580160847.8854039,ANGULAR_JUMP_CORRECTION_REQUIRED,False,MATCHING_RADIUS_OUTSIDE_CONSERVATIVE_KEPLER_DOMAIN,NONLOCAL_JUMP_OPERATOR_REQUIRED,3,0.21544346900318834,71,RESOLVED_FP_REPLACEMENT_REQUIRED,580160847.8854039,580160847.8854039,,INTERFACE_COMPLETE,6.809873126774841,14355374.541756855,0.6395204661007485,4.355053236122008,,4.5466736661017375,3292671318.8059177,65.65552191408744,10.0,55.25445322587987,0,s0010_h03_bh11,80.0
1.0037673841175054,ALL_HALO_FLUX_COMPLETE,12,1.9952623149688797,7981049.259875519,0.0024238827648214323,SUBGRID_MASS_FRACTION_TOO_LARGE,1224789506.3446846,ANGULAR_JUMP_CORRECTION_REQUIRED,False,MATCHING_RADIUS_OUTSIDE_CONSERVATIVE_KEPLER_DOMAIN,NONLOCAL_JUMP_OPERATOR_REQUIRED,3,0.21544346900318834,72,RESOLVED_FP_REPLACEMENT_REQUIRED,1224789506.3446846,1224789506.3446846,,INTERFACE_COMPLETE,5.802111782977425,9683024.66424026,0.6373880055528494,3.698196457346668,,3.7402156213049973,3292671318.8059177,110.90971603190238,10.0,65.94620953478693,0,s0010_h03_bh12,80.0
0.945373646834992,ALL_HALO_FLUX_COMPLETE,13,2.51188643150958,10047545.72603832,0.0030514876078436056,SUBGRID_MASS_FRACTION_TOO_LARGE,2591479073.9088063,ANGULAR_JUMP_CORRECTION_REQUIRED,False,MATCHING_RADIUS_OUTSIDE_CONSERVATIVE_KEPLER_DOMAIN,NONLOCAL_JUMP_OPERATOR_REQUIRED,3,0.21544346900318834,73,RESOLVED_FP_REPLACEMENT_REQUIRED,2591479073.9088063,2591479073.9088063,,INTERFACE_COMPLETE,4.8468164212929175,6447195.303512225,0.6395775277368013,3.099914864124655,,3.046904573554762,3292671318.8059177,201.32996358640872,10.0,78.47787671586231,0,s0010_h03_bh13,80.0
0.8509009765131371,ALL_HALO_FLUX_COMPLETE,14,3.1622776601683795,12649110.640673518,0.0038415952932893097,SUBGRID_MASS_FRACTION_TOO_LARGE,5435888985.356465,ANGULAR_JUMP_CORRECTION_REQUIRED,False,MATCHING_RADIUS_OUTSIDE_CONSERVATIVE_KEPLER_DOMAIN,NONLOCAL_JUMP_OPERATOR_REQUIRED,3,0.21544346900318834,74,RESOLVED_FP_REPLACEMENT_REQUIRED,5435888985.356465,5435888985.356465,,INTERFACE_COMPLETE,3.990471718533124,4571710.60257004,0.6934791910989131,2.7673090994714404,,2.4643923484383907,3292671318.8059177,329.5178167481246,10.0,91.31502940382096,0,s0010_h03_bh14,80.0
0.7327569551898319,ALL_HALO_FLUX_COMPLETE,15,3.981071705534973,15924286.822139893,0.004836281936550779,SUBGRID_MASS_FRACTION_TOO_LARGE,11226576102.545563,ANGULAR_JUMP_CORRECTION_REQUIRED,False,MATCHING_RADIUS_OUTSIDE_CONSERVATIVE_KEPLER_DOMAIN,NONLOCAL_JUMP_OPERATOR_REQUIRED,3,0.21544346900318834,75,RESOLVED_FP_REPLACEMENT_REQUIRED,11226576102.545563,11226576102.545563,,INTERFACE_COMPLETE,3.2516382970620925,3445809.089339204,0.8075472126909118,2.625851443471516,,1.9831059149211145,3292671318.8059177,491.2635244532481,10.0,104.457499175494,0,s0010_h03_bh15,80.0
0.6060482293157324,ALL_HALO_FLUX_COMPLETE,16,5.011872336272724,20047489.345090896,0.006088518228524882,SUBGRID_MASS_FRACTION_TOO_LARGE,22743877859.0337,ANGULAR_JUMP_CORRECTION_REQUIRED,False,MATCHING_RADIUS_OUTSIDE_CONSERVATIVE_KEPLER_DOMAIN,NONLOCAL_JUMP_OPERATOR_REQUIRED,3,0.21544346900318834,76,RESOLVED_FP_REPLACEMENT_REQUIRED,22743877859.0337,22743877859.0337,,INTERFACE_COMPLETE,2.6304997601267552,2653419.4805453755,0.9677130258635062,2.5455688824054894,,1.5901207464584233,3292671318.8059177,710.2455432251637,10.0,118.32923966914215,0,s0010_h03_bh16,80.0
0.48383078988936973,ALL_HALO_FLUX_COMPLETE,17,6.309573444801933,25238293.779207733,0.00766499031806198,SUBGRID_MASS_FRACTION_TOO_LARGE,45131224908.76225,,False,MATCHING_RADIUS_OUTSIDE_CONSERVATIVE_KEPLER_DOMAIN,NONLOCAL_JUMP_OPERATOR_REQUIRED,3,0.21544346900318834,77,RESOLVED_FP_REPLACEMENT_REQUIRED,45131224908.76225,45131224908.76225,,INTERFACE_COMPLETE,2.1173331610574566,2088765.8662748905,1.1914600985769916,2.522717976793851,,1.2718366947879587,3292671318.8059177,1001.3922678529872,10.0,132.99178764423104,0,s0010_h03_bh17,80.0
0.3747677200664364,ALL_HALO_FLUX_COMPLETE,18,7.943282347242816,31773129.38897126,0.009649651092564483,SUBGRID_MASS_FRACTION_TOO_LARGE,87718717313.23244,,False,MATCHING_RADIUS_OUTSIDE_CONSERVATIVE_KEPLER_DOMAIN,NONLOCAL_JUMP_OPERATOR_REQUIRED,3,0.21544346900318834,78,RESOLVED_FP_REPLACEMENT_REQUIRED,87718717313.23244,87718717313.23244,,INTERFACE_COMPLETE,1.698307894840494,1659875.418932827,1.4860656824762728,2.5237970808009806,,1.0154839250636871,3292671318.8059177,1379.725916898478,10.0,148.42572267618903,0,s0010_h03_bh18,80.0
0.2830010603983229,ALL_HALO_FLUX_COMPLETE,19,10.0,40000000.0,0.012148190975376777,SUBGRID_MASS_FRACTION_TOO_LARGE,167162482837.7732,,False,MATCHING_RADIUS_OUTSIDE_CONSERVATIVE_KEPLER_DOMAIN,NONLOCAL_JUMP_OPERATOR_REQUIRED,3,0.21544346900318834,79,RESOLVED_FP_REPLACEMENT_REQUIRED,167162482837.7732,167162482837.7732,,INTERFACE_COMPLETE,1.358846497293469,1336053.7821825503,1.8820557406173273,2.557424850848921,,0.8097945868703684,3292671318.8059177,1859.0551308004453,10.0,164.56581662531013,0,s0010_h03_bh19,80.0
1.2805580252559934,ALL_HALO_FLUX_COMPLETE,0,0.1,400000.0,9.405903082508855e-05,SUBGRID_MASS_FRACTION_TOO_LARGE,5097294.725914978,,False,MATCHING_RADIUS_OUTSIDE_CONSERVATIVE_KEPLER_DOMAIN,NONLOCAL_JUMP_OPERATOR_REQUIRED,4,0.2782559402207124,80,RESOLVED_FP_REPLACEMENT_REQUIRED,22300999.065301556,22300999.065301556,,INTERFACE_COMPLETE,3.5224627767757286,651522348.7898842,3.54047755387,12.47120039551706,,144.5145176453178,4252648538.8078995,3.529232656199209,10.0,21.78309159229053,0,s0010_h04_bh00,80.0
1.1777897603145966,ALL_HALO_FLUX_COMPLETE,1,0.1291549665014884,516619.8660059536,0.00012148190975376776,SUBGRID_MASS_FRACTION_TOO_LARGE,6000602.739344349,,False,MATCHING_RADIUS_OUTSIDE_CONSERVATIVE_KEPLER_DOMAIN,NONLOCAL_JUMP_OPERATOR_REQUIRED,4,0.2782559402207124,81,RESOLVED_FP_REPLACEMENT_REQUIRED,24226306.436459083,24226306.436459083,,INTERFACE_COMPLETE,4.348611504329431,528864575.1232064,3.006657221398592,13.074784182549077,,135.75525233112327,4252648538.8078995,3.6775980265623582,10.0,22.112176939065986,0,s0010_h04_bh01,80.0
1.0890959647340268,ALL_HALO_FLUX_COMPLETE,2,0.16681005372000587,667240.2148800235,0.0001568999198478471,SUBGRID_MASS_FRACTION_TOO_LARGE,7172269.074311532,,False,MATCHING_RADIUS_OUTSIDE_CONSERVATIVE_KEPLER_DOMAIN,NONLOCAL_JUMP_OPERATOR_REQUIRED,4,0.2782559402207124,82,RESOLVED_FP_REPLACEMENT_REQUIRED,26977422.010564983,26977422.010564983,,INTERFACE_COMPLETE,5.29999371952869,425547943.2695025,2.5637419119362446,13.58781603175457,,125.0911830059755,4252648538.8078995,3.8717996195179225,10.0,22.533314386442985,0,s0010_h04_bh02,80.0
1.0152354524706082,ALL_HALO_FLUX_COMPLETE,3,0.21544346900318834,861773.8760127533,0.00020264403892034902,SUBGRID_MASS_FRACTION_TOO_LARGE,8787174.416517686,,False,MATCHING_RADIUS_OUTSIDE_CONSERVATIVE_KEPLER_DOMAIN,NONLOCAL_JUMP_OPERATOR_REQUIRED,4,0.2782559402207124,83,RESOLVED_FP_REPLACEMENT_REQUIRED,31040955.557965226,31040955.557965226,,INTERFACE_COMPLETE,6.354843210341752,338584089.08820885,2.1972222046526353,13.963002608848935,,109.00117484281498,4252648538.8078995,4.132001828734762,10.0,23.079260166455867,0,s0010_h04_bh03,80.0
0.9569307965634074,ALL_HALO_FLUX_COMPLETE,4,0.2782559402207124,1113023.7608828498,0.00026172484058483987,SUBGRID_MASS_FRACTION_TOO_LARGE,11162688.398159675,,False,MATCHING_RADIUS_OUTSIDE_CONSERVATIVE_KEPLER_DOMAIN,NONLOCAL_JUMP_OPERATOR_REQUIRED,4,0.2782559402207124,84,RESOLVED_FP_REPLACEMENT_REQUIRED,37343577.44656381,37343577.44656381,,INTERFACE_COMPLETE,7.4640563366295645,265219232.70456034,1.8925767049031683,14.126299146789995,,86.92280609298403,4252648538.8078995,4.49813699866721,10.0,23.788480927139428,0,s0010_h04_bh04,80.0
0.915027827507244,ALL_HALO_FLUX_COMPLETE,5,0.35938136638046275,1437525.465521851,0.0003380306301834239,SUBGRID_MASS_FRACTION_TOO_LARGE,14912324.152668232,,False,MATCHING_RADIUS_OUTSIDE_CONSERVATIVE_KEPLER_DOMAIN,NONLOCAL_JUMP_OPERATOR_REQUIRED,4,0.2782559402207124,85,RESOLVED_FP_REPLACEMENT_REQUIRED,47163839.191005096,47163839.191005096,,INTERFACE_COMPLETE,8.543648455319543,203318549.30016106,1.6370733092210201,13.986578849571021,,70.55736842957168,4252648538.8078995,5.039463894377177,10.0,24.717156146110657,0,s0010_h04_bh05,80.0
0.8903410374650045,ALL_HALO_FLUX_COMPLETE,6,0.46415888336127786,1856635.5334451115,0.0004365833471781712,SUBGRID_MASS_FRACTION_TOO_LARGE,21238355.472146403,,False,MATCHING_RADIUS_OUTSIDE_CONSERVATIVE_KEPLER_DOMAIN,NONLOCAL_JUMP_OPERATOR_REQUIRED,4,0.2782559402207124,86,RESOLVED_FP_REPLACEMENT_REQUIRED,61376485.48610091,61376485.48610091,,INTERFACE_COMPLETE,9.475687681615042,151643910.0281474,1.4218698415229776,13.473194542179211,,63.224764769288505,4252648538.8078995,5.862908596029945,10.0,26.002969417347263,0,s0010_h04_bh06,80.0
0.883445196313373,ALL_HALO_FLUX_COMPLETE,7,0.5994842503189409,2397937.001275764,0.0005638690757990437,SUBGRID_MASS_FRACTION_TOO_LARGE,32692130.88354938,,False,MATCHING_RADIUS_OUTSIDE_CONSERVATIVE_KEPLER_DOMAIN,NONLOCAL_JUMP_OPERATOR_REQUIRED,4,0.2782559402207124,87,RESOLVED_FP_REPLACEMENT_REQUIRED,81576923.65892795,81576923.65892795,,INTERFACE_COMPLETE,10.121150689182969,108953802.83451878,1.2352908374405562,12.502564710702892,,59.243691187011734,4252648538.8078995,7.20229253019264,10.0,27.849349477957077,0,s0010_h04_bh07,80.0
0.8936781940186844,ALL_HALO_FLUX_COMPLETE,8,0.774263682681127,3097054.730724508,0.000728264915960507,SUBGRID_MASS_FRACTION_TOO_LARGE,54937337.14900283,,False,MATCHING_RADIUS_OUTSIDE_CONSERVATIVE_KEPLER_DOMAIN,NONLOCAL_JUMP_OPERATOR_REQUIRED,4,0.2782559402207124,88,RESOLVED_FP_REPLACEMENT_REQUIRED,110768577.65119627,110768577.65119627,,INTERFACE_COMPLETE,10.353485325625877,74449260.04355891,1.06571638360964,11.033878938981486,,55.9932297144873,4252648538.8078995,9.577344638879975,10.0,30.61463767535263,0,s0010_h04_bh08,80.0
0.9172977458434387,ALL_HALO_FLUX_COMPLETE,9,1.0,4000000.0,0.0009405903082508855,SUBGRID_MASS_FRACTION_TOO_LARGE,101039060.9020944,ANGULAR_JUMP_CORRECTION_REQUIRED,False,MATCHING_RADIUS_OUTSIDE_CONSERVATIVE_KEPLER_DOMAIN,NONLOCAL_JUMP_OPERATOR_REQUIRED,4,0.2782559402207124,89,RESOLVED_FP_REPLACEMENT_REQUIRED,154183074.06876606,154183074.06876606,,INTERFACE_COMPLETE,10.105063994466672,47170943.45318828,0.8935408964102765,9.029287939898959,,52.318995033449795,4252648538.8078995,14.187344850779898,10.0,34.875163796211304,0,s0010_h04_bh09,80.0
0.942580234721353,ALL_HALO_FLUX_COMPLETE,10,1.2589254117941673,5035701.647176669,0.0011841330411443488,SUBGRID_MASS_FRACTION_TOO_LARGE,187686621.0204184,ANGULAR_JUMP_CORRECTION_REQUIRED,False,MATCHING_RADIUS_OUTSIDE_CONSERVATIVE_KEPLER_DOMAIN,NONLOCAL_JUMP_OPERATOR_REQUIRED,4,0.2782559402207124,90,RESOLVED_FP_REPLACEMENT_REQUIRED,213078032.64665937,213078032.64665937,,INTERFACE_COMPLETE,9.491311522834135,30440117.405125614,0.7728568051128389,7.3354246998682635,,48.53209670113399,4252648538.8078995,22.376587603025467,10.0,40.56440615853456,0,s0010_h04_bh10,80.0
0.960357002325235,ALL_HALO_FLUX_COMPLETE,11,1.5848931924611136,6339572.769844455,0.0014907351764417288,SUBGRID_MASS_FRACTION_TOO_LARGE,367999195.2128387,ANGULAR_JUMP_CORRECTION_REQUIRED,False,MATCHING_RADIUS_OUTSIDE_CONSERVATIVE_KEPLER_DOMAIN,NONLOCAL_JUMP_OPERATOR_REQUIRED,4,0.2782559402207124,91,RESOLVED_FP_REPLACEMENT_REQUIRED,367999195.2128387,367999195.2128387,,INTERFACE_COMPLETE,8.595354517640557,20271547.20894081,0.7154874876871116,6.149868609606706,,6.05914608793557,4252648538.8078995,35.758353175255436,10.0,47.92605420596785,0,s0010_h04_bh11,80.0
0.9574743002798278,ALL_HALO_FLUX_COMPLETE,12,1.9952623149688797,7981049.259875519,0.001876724395877954,SUBGRID_MASS_FRACTION_TOO_LARGE,748760939.762457,ANGULAR_JUMP_CORRECTION_REQUIRED,False,MATCHING_RADIUS_OUTSIDE_CONSERVATIVE_KEPLER_DOMAIN,NONLOCAL_JUMP_OPERATOR_REQUIRED,4,0.2782559402207124,92,RESOLVED_FP_REPLACEMENT_REQUIRED,748760939.762457,748760939.762457,,INTERFACE_COMPLETE,7.538136117280287,13436587.055908274,0.6807755271578646,5.131778589029226,,5.056333563716613,4252648538.8078995,59.536661086337034,10.0,56.936143284723904,0,s0010_h04_bh12,80.0
0.9233803450367742,ALL_HALO_FLUX_COMPLETE,13,2.51188643150958,10047545.72603832,0.002362656032904813,SUBGRID_MASS_FRACTION_TOO_LARGE,1553500926.4888349,ANGULAR_JUMP_CORRECTION_REQUIRED,False,MATCHING_RADIUS_OUTSIDE_CONSERVATIVE_KEPLER_DOMAIN,NONLOCAL_JUMP_OPERATOR_REQUIRED,4,0.2782559402207124,93,RESOLVED_FP_REPLACEMENT_REQUIRED,1553500926.4888349,1553500926.4888349,,INTERFACE_COMPLETE,6.439026387564867,8893017.82006725,0.6640608819459457,4.275905541799542,,4.1647373127017415,4252648538.8078995,103.78098368256624,10.0,67.6138761647548,0,s0010_h04_bh13,80.0
0.8549775222229812,ALL_HALO_FLUX_COMPLETE,14,3.1622776601683795,12649110.640673518,0.002974407719152665,SUBGRID_MASS_FRACTION_TOO_LARGE,3237754459.938418,ANGULAR_JUMP_CORRECTION_REQUIRED,False,MATCHING_RADIUS_OUTSIDE_CONSERVATIVE_KEPLER_DOMAIN,NONLOCAL_JUMP_OPERATOR_REQUIRED,4,0.2782559402207124,94,RESOLVED_FP_REPLACEMENT_REQUIRED,3237754459.938418,3237754459.938418,,INTERFACE_COMPLETE,5.389195383763519,6343323.3000758095,0.7124786546057853,3.8396866764315405,,3.39595207296521,4252648538.8078995,163.71325528818133,10.0,78.76563689178886,0,s0010_h04_bh14,80.0
0.7580594051298691,ALL_HALO_FLUX_COMPLETE,15,3.981071705534973,15924286.822139893,0.003744557462678019,SUBGRID_MASS_FRACTION_TOO_LARGE,6704147335.0300665,ANGULAR_JUMP_CORRECTION_REQUIRED,False,MATCHING_RADIUS_OUTSIDE_CONSERVATIVE_KEPLER_DOMAIN,NONLOCAL_JUMP_OPERATOR_REQUIRED,4,0.2782559402207124,95,RESOLVED_FP_REPLACEMENT_REQUIRED,6704147335.0300665,6704147335.0300665,,INTERFACE_COMPLETE,4.44317670656336,4675674.264681229,0.8019173365733064,3.5630604304518454,,2.7485878290878203,4252648538.8078995,249.73533585222194,10.0,90.77276102357224,0,s0010_h04_bh15,80.0
0.6444580208709596,ALL_HALO_FLUX_COMPLETE,16,5.011872336272724,20047489.345090896,0.004714118545688847,SUBGRID_MASS_FRACTION_TOO_LARGE,13693123376.289824,ANGULAR_JUMP_CORRECTION_REQUIRED,False,MATCHING_RADIUS_OUTSIDE_CONSERVATIVE_KEPLER_DOMAIN,NONLOCAL_JUMP_OPERATOR_REQUIRED,4,0.2782559402207124,96,RESOLVED_FP_REPLACEMENT_REQUIRED,13693123376.289824,13693123376.289824,,INTERFACE_COMPLETE,3.6240619154156337,3535426.7611520663,0.9358907962020498,3.3917261915038632,,2.212864239620768,4252648538.8078995,368.74892509212856,10.0,103.52316293482893,0,s0010_h04_bh16,80.0
0.5272918267028096,ALL_HALO_FLUX_COMPLETE,17,6.309573444801933,25238293.779207733,0.005934723631377852,SUBGRID_MASS_FRACTION_TOO_LARGE,27477308096.89992,,False,MATCHING_RADIUS_OUTSIDE_CONSERVATIVE_KEPLER_DOMAIN,NONLOCAL_JUMP_OPERATOR_REQUIRED,4,0.2782559402207124,97,RESOLVED_FP_REPLACEMENT_REQUIRED,27477308096.89992,27477308096.89992,,INTERFACE_COMPLETE,2.933777377951214,2744450.6512830746,1.1298146731838665,3.3146247294641715,,1.7749457747593826,4252648538.8078995,529.7742716227515,10.0,117.052169011101,0,s0010_h04_bh17,80.0
0.4172033634025552,ALL_HALO_FLUX_COMPLETE,18,7.943282347242816,31773129.38897126,0.007471374391516937,SUBGRID_MASS_FRACTION_TOO_LARGE,54076020593.3592,,False,MATCHING_RADIUS_OUTSIDE_CONSERVATIVE_KEPLER_DOMAIN,NONLOCAL_JUMP_OPERATOR_REQUIRED,4,0.2782559402207124,98,RESOLVED_FP_REPLACEMENT_REQUIRED,54076020593.3592,54076020593.3592,,INTERFACE_COMPLETE,2.362564509832066,2153375.291700474,1.385846055229383,3.274150706175709,,1.4200005064553214,4252648538.8078995,742.5604577545992,10.0,131.34158563290597,0,s0010_h04_bh18,80.0
0.3207817649903845,ALL_HALO_FLUX_COMPLETE,19,10.0,40000000.0,0.009405903082508856,SUBGRID_MASS_FRACTION_TOO_LARGE,104356786651.92958,,False,MATCHING_RADIUS_OUTSIDE_CONSERVATIVE_KEPLER_DOMAIN,NONLOCAL_JUMP_OPERATOR_REQUIRED,4,0.2782559402207124,99,RESOLVED_FP_REPLACEMENT_REQUIRED,104356786651.92958,104356786651.92958,,INTERFACE_COMPLETE,1.8956345466526732,1714325.8808560977,1.7310822648144373,3.2814993442799985,,1.1339712233675738,4252648538.8078995,1016.7962077391115,10.0,146.3464718291675,0,s0010_h04_bh19,80.0
1.468006398207009,ALL_HALO_FLUX_COMPLETE,0,0.1,400000.0,7.282649159605069e-05,SUBGRID_MASS_FRACTION_TOO_LARGE,6742744.581743458,,False,MATCHING_RADIUS_OUTSIDE_CONSERVATIVE_KEPLER_DOMAIN,NONLOCAL_JUMP_OPERATOR_REQUIRED,5,0.35938136638046275,100,RESOLVED_FP_REPLACEMENT_REQUIRED,32491617.356833674,32491617.356833674,,INTERFACE_COMPLETE,3.076183957860802,645225280.9062612,4.014930321082131,12.350664245641772,,164.23535994198954,5492506795.723379,3.4362126512478435,10.0,23.490322081931655,0,s0010_h05_bh00,80.0
1.3444685342285334,ALL_HALO_FLUX_COMPLETE,1,0.1291549665014884,516619.8660059536,9.405903082508854e-05,SUBGRID_MASS_FRACTION_TOO_LARGE,7866962.991544869,,False,MATCHING_RADIUS_OUTSIDE_CONSERVATIVE_KEPLER_DOMAIN,NONLOCAL_JUMP_OPERATOR_REQUIRED,5,0.35938136638046275,101,RESOLVED_FP_REPLACEMENT_REQUIRED,34630282.27149379,34630282.27149379,,INTERFACE_COMPLETE,3.836042847628019,527371375.8093091,3.3987807954206186,13.037868760928733,,157.37962809621803,5492506795.723379,3.556841124276897,10.0,23.78398121991872,0,s0010_h05_bh01,80.0
1.234484171393031,ALL_HALO_FLUX_COMPLETE,2,0.16681005372000587,667240.2148800235,0.00012148190975376773,SUBGRID_MASS_FRACTION_TOO_LARGE,9244764.702109363,,False,MATCHING_RADIUS_OUTSIDE_CONSERVATIVE_KEPLER_DOMAIN,NONLOCAL_JUMP_OPERATOR_REQUIRED,5,0.35938136638046275,102,RESOLVED_FP_REPLACEMENT_REQUIRED,37607758.35565556,37607758.35565556,,INTERFACE_COMPLETE,4.735737782178961,428092993.7146694,2.8863675610940436,13.669079912328803,,150.7554864976968,5492506795.723379,3.711862898545168,10.0,24.155222222654547,0,s0010_h05_bh02,80.0
1.1389631559904254,ALL_HALO_FLUX_COMPLETE,3,0.21544346900318834,861773.8760127533,0.00015689991984784704,SUBGRID_MASS_FRACTION_TOO_LARGE,11024118.421764202,,False,MATCHING_RADIUS_OUTSIDE_CONSERVATIVE_KEPLER_DOMAIN,NONLOCAL_JUMP_OPERATOR_REQUIRED,5,0.35938136638046275,103,RESOLVED_FP_REPLACEMENT_REQUIRED,41855867.8220157,41855867.8220157,,INTERFACE_COMPLETE,5.771814860420284,344517817.3987437,2.4615664762927882,14.20770596777911,,136.22717067024155,5492506795.723379,3.914622812086315,10.0,24.629430711211263,0,s0010_h05_bh03,80.0
1.0585469141672996,ALL_HALO_FLUX_COMPLETE,4,0.2782559402207124,1113023.7608828498,0.000202644038920349,SUBGRID_MASS_FRACTION_TOO_LARGE,13464623.055666765,,False,MATCHING_RADIUS_OUTSIDE_CONSERVATIVE_KEPLER_DOMAIN,NONLOCAL_JUMP_OPERATOR_REQUIRED,5,0.35938136638046275,104,RESOLVED_FP_REPLACEMENT_REQUIRED,48124810.02060689,48124810.02060689,,INTERFACE_COMPLETE,6.920570177647916,274232381.0408477,2.11057233958299,14.60636399108663,,120.91456777464414,5492506795.723379,4.185923368950366,10.0,25.242699995298217,0,s0010_h05_bh04,80.0
0.9937569547996867,ALL_HALO_FLUX_COMPLETE,5,0.35938136638046275,1437525.465521851,0.00026172484058483987,SUBGRID_MASS_FRACTION_TOO_LARGE,17034763.338016126,,False,MATCHING_RADIUS_OUTSIDE_CONSERVATIVE_KEPLER_DOMAIN,NONLOCAL_JUMP_OPERATOR_REQUIRED,5,0.35938136638046275,105,RESOLVED_FP_REPLACEMENT_REQUIRED,57822544.82930461,57822544.82930461,,INTERFACE_COMPLETE,8.128528742219677,215112566.53385198,1.8204901434825809,14.797906456225782,,96.35509298862326,5492506795.723379,4.563070469629232,10.0,26.044200103043543,0,s0010_h05_bh05,80.0
0.945119933656973,ALL_HALO_FLUX_COMPLETE,6,0.46415888336127786,1856635.5334451115,0.0003380306301834238,SUBGRID_MASS_FRACTION_TOO_LARGE,22634160.204590842,,False,MATCHING_RADIUS_OUTSIDE_CONSERVATIVE_KEPLER_DOMAIN,NONLOCAL_JUMP_OPERATOR_REQUIRED,5,0.35938136638046275,106,RESOLVED_FP_REPLACEMENT_REQUIRED,72906383.8533265,72906383.8533265,,INTERFACE_COMPLETE,9.304229349352044,165029183.08615065,1.575890180753608,14.662443671123418,,76.83859437670567,5492506795.723379,5.131239669940635,10.0,27.06914260126193,0,s0010_h05_bh06,80.0
0.9129534554559463,ALL_HALO_FLUX_COMPLETE,7,0.5994842503189409,2397937.001275764,0.000436583347178171,SUBGRID_MASS_FRACTION_TOO_LARGE,32008265.142478593,,False,MATCHING_RADIUS_OUTSIDE_CONSERVATIVE_KEPLER_DOMAIN,NONLOCAL_JUMP_OPERATOR_REQUIRED,5,0.35938136638046275,107,RESOLVED_FP_REPLACEMENT_REQUIRED,94709138.98422325,94709138.98422325,,INTERFACE_COMPLETE,10.319241468518314,123498541.9918949,1.3733169279589603,14.171588992412282,,68.85322061747802,5492506795.723379,5.979950718407531,10.0,28.494328549468886,0,s0010_h05_bh07,80.0
0.8970927727671005,ALL_HALO_FLUX_COMPLETE,8,0.774263682681127,3097054.730724508,0.0005638690757990435,SUBGRID_MASS_FRACTION_TOO_LARGE,48821459.23838546,,False,MATCHING_RADIUS_OUTSIDE_CONSERVATIVE_KEPLER_DOMAIN,NONLOCAL_JUMP_OPERATOR_REQUIRED,5,0.35938136638046275,108,RESOLVED_FP_REPLACEMENT_REQUIRED,125620018.74652198,125620018.74652198,,INTERFACE_COMPLETE,11.022165505051682,89359434.16084178,1.2015485154254955,13.243666599368954,,64.51774007191709,5492506795.723379,7.339726241659453,10.0,30.511175768508863,0,s0010_h05_bh08,80.0
0.8958756811381,ALL_HALO_FLUX_COMPLETE,9,1.0,4000000.0,0.0007282649159605069,SUBGRID_MASS_FRACTION_TOO_LARGE,81102597.8260846,,False,MATCHING_RADIUS_OUTSIDE_CONSERVATIVE_KEPLER_DOMAIN,NONLOCAL_JUMP_OPERATOR_REQUIRED,5,0.35938136638046275,109,RESOLVED_FP_REPLACEMENT_REQUIRED,170127095.4327499,170127095.4327499,,INTERFACE_COMPLETE,11.275183259067138,61962766.963307574,1.0519282874064781,11.860684215904687,,60.977912890384566,5492506795.723379,9.679280801285156,10.0,33.45340306243502,0,s0010_h05_bh09,80.0
0.9034212760705164,ALL_HALO_FLUX_COMPLETE,10,1.2589254117941673,5035701.647176669,0.0009168312092208258,SUBGRID_MASS_FRACTION_TOO_LARGE,138065538.00062606,ANGULAR_JUMP_CORRECTION_REQUIRED,False,MATCHING_RADIUS_OUTSIDE_CONSERVATIVE_KEPLER_DOMAIN,NONLOCAL_JUMP_OPERATOR_REQUIRED,5,0.35938136638046275,110,RESOLVED_FP_REPLACEMENT_REQUIRED,228134217.17359984,228134217.17359984,,INTERFACE_COMPLETE,11.055308967101116,42140606.5174629,0.9185627668086099,10.154995192744437,,58.39690835602477,5492506795.723379,13.425547164376912,10.0,37.29444043505342,0,s0010_h05_bh10,80.0
0.9121786006752972,ALL_HALO_FLUX_COMPLETE,11,1.5848931924611136,6339572.769844455,0.0011542221076140725,SUBGRID_MASS_FRACTION_TOO_LARGE,251115889.53888115,ANGULAR_JUMP_CORRECTION_REQUIRED,False,MATCHING_RADIUS_OUTSIDE_CONSERVATIVE_KEPLER_DOMAIN,NONLOCAL_JUMP_OPERATOR_REQUIRED,5,0.35938136638046275,111,RESOLVED_FP_REPLACEMENT_REQUIRED,313111923.08209276,313111923.08209276,,INTERFACE_COMPLETE,10.427872402702182,28308731.2395088,0.8235759142072996,8.588144547292519,,54.28107090735272,5492506795.723379,20.1115583449554,10.0,42.652834453788344,0,s0010_h05_bh11,80.0
0.9121561379322081,ALL_HALO_FLUX_COMPLETE,12,1.9952623149688797,7981049.259875519,0.0014530795421299778,SUBGRID_MASS_FRACTION_TOO_LARGE,482322556.8033981,ANGULAR_JUMP_CORRECTION_REQUIRED,False,MATCHING_RADIUS_OUTSIDE_CONSERVATIVE_KEPLER_DOMAIN,NONLOCAL_JUMP_OPERATOR_REQUIRED,5,0.35938136638046275,112,RESOLVED_FP_REPLACEMENT_REQUIRED,482322556.8033981,482322556.8033981,,INTERFACE_COMPLETE,9.480157368994444,18863692.55808992,0.7599588960355776,7.204529928384564,,6.726243586633695,5492506795.723379,31.848069872581153,10.0,49.69956599477152,0,s0010_h05_bh12,80.0
0.8924176237806176,ALL_HALO_FLUX_COMPLETE,13,2.51188643150958,10047545.72603832,0.0018293187609456619,SUBGRID_MASS_FRACTION_TOO_LARGE,962793578.7878782,ANGULAR_JUMP_CORRECTION_REQUIRED,False,MATCHING_RADIUS_OUTSIDE_CONSERVATIVE_KEPLER_DOMAIN,NONLOCAL_JUMP_OPERATOR_REQUIRED,5,0.35938136638046275,113,RESOLVED_FP_REPLACEMENT_REQUIRED,962793578.7878782,962793578.7878782,,INTERFACE_COMPLETE,8.341564534086334,12789224.957202828,0.7371835790107574,6.149264397786965,,5.622215904104474,5492506795.723379,51.30525080674085,10.0,58.260421254868376,0,s0010_h05_bh13,80.0
0.8452611775874264,ALL_HALO_FLUX_COMPLETE,14,3.1622776601683795,12649110.640673518,0.0023029758744263135,SUBGRID_MASS_FRACTION_TOO_LARGE,1963877177.4294217,ANGULAR_JUMP_CORRECTION_REQUIRED,False,MATCHING_RADIUS_OUTSIDE_CONSERVATIVE_KEPLER_DOMAIN,NONLOCAL_JUMP_OPERATOR_REQUIRED,5,0.35938136638046275,114,RESOLVED_FP_REPLACEMENT_REQUIRED,1963877177.4294217,1963877177.4294217,,INTERFACE_COMPLETE,7.144065074496872,8930959.051351126,0.7567137691294771,5.4060124094287865,,4.636868505958735,5492506795.723379,81.65996071071636,10.0,68.04980706854488,0,s0010_h05_bh14,80.0
0.7698968532227543,ALL_HALO_FLUX_COMPLETE,15,3.981071705534973,15924286.822139893,0.0028992748510641795,SUBGRID_MASS_FRACTION_TOO_LARGE,4033172448.626063,ANGULAR_JUMP_CORRECTION_REQUIRED,False,MATCHING_RADIUS_OUTSIDE_CONSERVATIVE_KEPLER_DOMAIN,NONLOCAL_JUMP_OPERATOR_REQUIRED,5,0.35938136638046275,115,RESOLVED_FP_REPLACEMENT_REQUIRED,4033172448.626063,4033172448.626063,,INTERFACE_COMPLETE,5.99115786899546,6439996.5524523705,0.8191318475678585,4.907548214300965,,3.7846374685804496,5492506795.723379,126.40107154344867,10.0,78.78445318876653,0,s0010_h05_bh15,80.0
0.6728671237925538,ALL_HALO_FLUX_COMPLETE,16,5.011872336272724,20047489.345090896,0.003649970785780445,SUBGRID_MASS_FRACTION_TOO_LARGE,8246434587.672449,ANGULAR_JUMP_CORRECTION_REQUIRED,False,MATCHING_RADIUS_OUTSIDE_CONSERVATIVE_KEPLER_DOMAIN,NONLOCAL_JUMP_OPERATOR_REQUIRED,5,0.35938136638046275,116,RESOLVED_FP_REPLACEMENT_REQUIRED,8246434587.672449,8246434587.672449,,INTERFACE_COMPLETE,4.946586215138589,4774572.532580298,0.9259933174416851,4.580505779367491,,3.065356326717628,5492506795.723379,190.0062450675829,10.0,90.36539026034339,0,s0010_h05_bh16,80.0
0.5650566484385283,ALL_HALO_FLUX_COMPLETE,17,6.309573444801933,25238293.779207733,0.004595040974525326,SUBGRID_MASS_FRACTION_TOO_LARGE,16662393221.299192,,False,MATCHING_RADIUS_OUTSIDE_CONSERVATIVE_KEPLER_DOMAIN,NONLOCAL_JUMP_OPERATOR_REQUIRED,5,0.35938136638046275,117,RESOLVED_FP_REPLACEMENT_REQUIRED,16662393221.299192,16662393221.299192,,INTERFACE_COMPLETE,4.0387703446967365,3650050.7048180862,1.0915124128863711,4.408367964033856,,2.4691305098185086,5492506795.723379,277.86757725591787,10.0,102.75009999223629,0,s0010_h05_bh17,80.0
0.457603167680607,ALL_HALO_FLUX_COMPLETE,18,7.943282347242816,31773129.38897126,0.005784813851065367,SUBGRID_MASS_FRACTION_TOO_LARGE,33127016263.1564,,False,MATCHING_RADIUS_OUTSIDE_CONSERVATIVE_KEPLER_DOMAIN,NONLOCAL_JUMP_OPERATOR_REQUIRED,5,0.35938136638046275,118,RESOLVED_FP_REPLACEMENT_REQUIRED,33127016263.1564,33127016263.1564,,INTERFACE_COMPLETE,3.2718107394854186,2823319.4733638326,1.312051222294846,4.292783279859247,,1.9811904115363705,5492506795.723379,396.0883677405821,10.0,115.90760733886653,0,s0010_h05_bh18,80.0
0.3589988270446536,ALL_HALO_FLUX_COMPLETE,19,10.0,40000000.0,0.007282649159605069,SUBGRID_MASS_FRACTION_TOO_LARGE,64675362897.97678,,False,MATCHING_RADIUS_OUTSIDE_CONSERVATIVE_KEPLER_DOMAIN,NONLOCAL_JUMP_OPERATOR_REQUIRED,5,0.35938136638046275,119,RESOLVED_FP_REPLACEMENT_REQUIRED,64675362897.97678,64675362897.97678,,INTERFACE_COMPLETE,2.6360807798722594,2220208.963632211,1.6121820344870503,4.249842074766669,,1.585389285409149,5492506795.723379,551.1616564425398,10.0,129.7934687679877,0,s0010_h05_bh19,80.0
1.6787763287710962,ALL_HALO_FLUX_COMPLETE,0,0.1,400000.0,5.638690757990437e-05,SUBGRID_MASS_FRACTION_TOO_LARGE,8886491.776144436,,False,MATCHING_RADIUS_OUTSIDE_CONSERVATIVE_KEPLER_DOMAIN,NONLOCAL_JUMP_OPERATOR_REQUIRED,6,0.46415888336127786,120,RESOLVED_FP_REPLACEMENT_REQUIRED,47706715.2675608,47706715.2675608,,INTERFACE_COMPLETE,2.6654551481320925,638659572.0663271,4.586453416135547,12.224985869706517,,186.63448655741038,7093845312.108502,3.3576737291058865,10.0,25.368203657372014,0,s0010_h06_bh00,80.0
1.5350032173502923,ALL_HALO_FLUX_COMPLETE,1,0.1291549665014884,516619.8660059536,7.282649159605072e-05,SUBGRID_MASS_FRACTION_TOO_LARGE,10342427.56009165,,False,MATCHING_RADIUS_OUTSIDE_CONSERVATIVE_KEPLER_DOMAIN,NONLOCAL_JUMP_OPERATOR_REQUIRED,6,0.46415888336127786,121,RESOLVED_FP_REPLACEMENT_REQUIRED,50102467.7273441,50102467.7273441,,INTERFACE_COMPLETE,3.3500349662577418,524965394.1254214,3.874104995672756,12.97838719845753,,178.85607819247574,7093845312.108502,3.4564729932526226,10.0,25.63167512299107,0,s0010_h06_bh01,80.0
1.403819287580359,ALL_HALO_FLUX_COMPLETE,2,0.16681005372000587,667240.2148800235,9.405903082508855e-05,SUBGRID_MASS_FRACTION_TOO_LARGE,12049597.697194176,,False,MATCHING_RADIUS_OUTSIDE_CONSERVATIVE_KEPLER_DOMAIN,NONLOCAL_JUMP_OPERATOR_REQUIRED,6,0.46415888336127786,122,RESOLVED_FP_REPLACEMENT_REQUIRED,53386325.98991597,53386325.98991597,,INTERFACE_COMPLETE,4.177538745294459,429176839.78384817,3.280325601182463,13.703687296121078,,171.39002878930754,7093845312.108502,3.5816407449263865,10.0,25.96135627351758,0,s0010_h06_bh02,80.0
1.2865521415404886,ALL_HALO_FLUX_COMPLETE,3,0.21544346900318834,861773.8760127533,0.00012148190975376773,SUBGRID_MASS_FRACTION_TOO_LARGE,14133464.671675175,,False,MATCHING_RADIUS_OUTSIDE_CONSERVATIVE_KEPLER_DOMAIN,NONLOCAL_JUMP_OPERATOR_REQUIRED,6,0.46415888336127786,123,RESOLVED_FP_REPLACEMENT_REQUIRED,57957807.01905085,57957807.01905085,,INTERFACE_COMPLETE,5.1573271880528,348519768.06842375,2.786859057730382,14.372743987704109,,164.1761864832314,7093845312.108502,3.7423366339387747,10.0,26.377379858911077,0,s0010_h06_bh03,80.0
1.18404321120501,ALL_HALO_FLUX_COMPLETE,4,0.2782559402207124,1113023.7608828498,0.0001568999198478471,SUBGRID_MASS_FRACTION_TOO_LARGE,16812387.512755115,,False,MATCHING_RADIUS_OUTSIDE_CONSERVATIVE_KEPLER_DOMAIN,NONLOCAL_JUMP_OPERATOR_REQUIRED,6,0.46415888336127786,124,RESOLVED_FP_REPLACEMENT_REQUIRED,64469419.59718014,64469419.59718014,,INTERFACE_COMPLETE,6.285638916932718,280662260.00362957,2.37825256363187,14.948836868259487,,148.35451694411356,7093845312.108502,3.95218120272356,10.0,26.907519747525214,0,s0010_h06_bh04,80.0
1.0967986834518069,ALL_HALO_FLUX_COMPLETE,5,0.35938136638046275,1437525.465521851,0.00020264403892034907,SUBGRID_MASS_FRACTION_TOO_LARGE,20468011.336678118,,False,MATCHING_RADIUS_OUTSIDE_CONSERVATIVE_KEPLER_DOMAIN,NONLOCAL_JUMP_OPERATOR_REQUIRED,6,0.46415888336127786,125,RESOLVED_FP_REPLACEMENT_REQUIRED,74071486.96269742,74071486.96269742,,INTERFACE_COMPLETE,7.536659835416154,223647002.5721888,2.0413555959137866,15.385002729525445,,131.67874077878182,7093845312.108502,4.232223133011361,10.0,27.590856323584113,0,s0010_h06_bh05,80.0
1.025118994558545,ALL_HALO_FLUX_COMPLETE,6,0.46415888336127786,1856635.5334451115,0.00026172484058483987,SUBGRID_MASS_FRACTION_TOO_LARGE,25785174.496180434,,False,MATCHING_RADIUS_OUTSIDE_CONSERVATIVE_KEPLER_DOMAIN,NONLOCAL_JUMP_OPERATOR_REQUIRED,6,0.46415888336127786,126,RESOLVED_FP_REPLACEMENT_REQUIRED,88885220.03258489,88885220.03258489,,INTERFACE_COMPLETE,8.852154449697933,175837972.71586326,1.7648560663266124,15.622778480609512,,104.93290879566807,7093845312.108502,4.616463049982426,10.0,28.48370472646301,0,s0010_h06_bh06,80.0
0.9691935614675045,ALL_HALO_FLUX_COMPLETE,7,0.5994842503189409,2397937.001275764,0.0003380306301834238,SUBGRID_MASS_FRACTION_TOO_LARGE,34070189.66130974,,False,MATCHING_RADIUS_OUTSIDE_CONSERVATIVE_KEPLER_DOMAIN,NONLOCAL_JUMP_OPERATOR_REQUIRED,6,0.46415888336127786,127,RESOLVED_FP_REPLACEMENT_REQUIRED,111878201.07979247,111878201.07979247,,INTERFACE_COMPLETE,10.132519407612474,135126087.56572515,1.530306687329284,15.505862208963125,,83.67899366430106,7093845312.108502,5.20590228297001,10.0,29.612435417588163,0,s0010_h06_bh07,80.0
0.9288416090235574,ALL_HALO_FLUX_COMPLETE,8,0.774263682681127,3097054.730724508,0.00043658334717817113,SUBGRID_MASS_FRACTION_TOO_LARGE,47832170.990108095,,False,MATCHING_RADIUS_OUTSIDE_CONSERVATIVE_KEPLER_DOMAIN,NONLOCAL_JUMP_OPERATOR_REQUIRED,6,0.46415888336127786,128,RESOLVED_FP_REPLACEMENT_REQUIRED,145071452.51446152,145071452.51446152,,INTERFACE_COMPLETE,11.237890912360571,101672695.06855616,1.3408720949154433,15.068574330088142,,76.32099877461971,7093845312.108502,6.062663494855019,10.0,31.165738731602254,0,s0010_h06_bh08,80.0
0.9032059304114962,ALL_HALO_FLUX_COMPLETE,9,1.0,4000000.0,0.0005638690757990437,SUBGRID_MASS_FRACTION_TOO_LARGE,72282929.71017912,,False,MATCHING_RADIUS_OUTSIDE_CONSERVATIVE_KEPLER_DOMAIN,NONLOCAL_JUMP_OPERATOR_REQUIRED,6,0.46415888336127786,129,RESOLVED_FP_REPLACEMENT_REQUIRED,192011033.30130184,192011033.30130184,,INTERFACE_COMPLETE,12.003391328872494,74237677.86909406,1.1838572932430955,14.210302368336635,,71.54197961446293,7093845312.108502,7.414941954868822,10.0,33.335417056752235,0,s0010_h06_bh09,80.0
0.8907051121812294,ALL_HALO_FLUX_COMPLETE,10,1.2589254117941673,5035701.647176669,0.0007098691084483076,SUBGRID_MASS_FRACTION_TOO_LARGE,112515723.0530558,,False,MATCHING_RADIUS_OUTSIDE_CONSERVATIVE_KEPLER_DOMAIN,NONLOCAL_JUMP_OPERATOR_REQUIRED,6,0.46415888336127786,130,RESOLVED_FP_REPLACEMENT_REQUIRED,251421804.17694196,251421804.17694196,,INTERFACE_COMPLETE,12.276509718567905,54277383.39331323,1.065425117728817,13.079701812204176,,67.93644578618307,7093845312.108502,9.383379432295955,10.0,36.05727799545107,0,s0010_h06_bh10,80.0
0.8842761233133625,ALL_HALO_FLUX_COMPLETE,11,1.5848931924611136,6339572.769844455,0.000893672259673244,SUBGRID_MASS_FRACTION_TOO_LARGE,187757883.09740195,ANGULAR_JUMP_CORRECTION_REQUIRED,False,MATCHING_RADIUS_OUTSIDE_CONSERVATIVE_KEPLER_DOMAIN,NONLOCAL_JUMP_OPERATOR_REQUIRED,6,0.46415888336127786,131,RESOLVED_FP_REPLACEMENT_REQUIRED,335339477.07370204,335339477.07370204,,INTERFACE_COMPLETE,12.089071883637782,37896024.57095769,0.9509980654662283,11.496683974621703,,63.931349312998414,7093845312.108502,12.636822350403023,10.0,39.81351279481451,0,s0010_h06_bh11,80.0
0.8774174199109183,ALL_HALO_FLUX_COMPLETE,12,1.9952623149688797,7981049.259875519,0.0011250667175181628,SUBGRID_MASS_FRACTION_TOO_LARGE,334514404.2549929,ANGULAR_JUMP_CORRECTION_REQUIRED,False,MATCHING_RADIUS_OUTSIDE_CONSERVATIVE_KEPLER_DOMAIN,NONLOCAL_JUMP_OPERATOR_REQUIRED,6,0.46415888336127786,132,RESOLVED_FP_REPLACEMENT_REQUIRED,457169406.7719235,457169406.7719235,,INTERFACE_COMPLETE,11.451637961659683,26302054.70065082,0.8772048157853604,10.045431968598322,,60.690544836666064,7093845312.108502,18.14242147345975,10.0,44.90582464514795,0,s0010_h06_bh12,80.0
0.8613671768630732,ALL_HALO_FLUX_COMPLETE,13,2.51188643150958,10047545.72603832,0.0014163750806474647,SUBGRID_MASS_FRACTION_TOO_LARGE,629668666.9221097,ANGULAR_JUMP_CORRECTION_REQUIRED,False,MATCHING_RADIUS_OUTSIDE_CONSERVATIVE_KEPLER_DOMAIN,NONLOCAL_JUMP_OPERATOR_REQUIRED,6,0.46415888336127786,133,RESOLVED_FP_REPLACEMENT_REQUIRED,640125030.299436,640125030.299436,,INTERFACE_COMPLETE,10.451788521288663,18106310.263347298,0.8329487569891019,8.705804257120354,,55.79064416369613,7093845312.108502,27.366621304450838,10.0,51.496416907585576,0,s0010_h06_bh13,80.0
0.8273340557370871,ALL_HALO_FLUX_COMPLETE,14,3.1622776601683795,12649110.640673518,0.0017831105816591066,SUBGRID_MASS_FRACTION_TOO_LARGE,1233607461.8148406,ANGULAR_JUMP_CORRECTION_REQUIRED,False,MATCHING_RADIUS_OUTSIDE_CONSERVATIVE_KEPLER_DOMAIN,NONLOCAL_JUMP_OPERATOR_REQUIRED,6,0.46415888336127786,134,RESOLVED_FP_REPLACEMENT_REQUIRED,1233607461.8148406,1233607461.8148406,,INTERFACE_COMPLETE,9.227550012963363,12588994.172976494,0.8258165171592035,7.620263213617767,,6.250401411186491,7093845312.108502,42.2171382031789,10.0,59.51302941554792,0,s0010_h06_bh14,80.0
0.7700508348180765,ALL_HALO_FLUX_COMPLETE,15,3.981071705534973,15924286.822139893,0.002244803223289728,SUBGRID_MASS_FRACTION_TOO_LARGE,2474765337.6766496,ANGULAR_JUMP_CORRECTION_REQUIRED,False,MATCHING_RADIUS_OUTSIDE_CONSERVATIVE_KEPLER_DOMAIN,NONLOCAL_JUMP_OPERATOR_REQUIRED,6,0.46415888336127786,135,RESOLVED_FP_REPLACEMENT_REQUIRED,2474765337.6766496,2474765337.6766496,,INTERFACE_COMPLETE,7.924252087486843,8945422.439142298,0.8602437218321044,6.816788108475504,,5.161863416384733,7093845312.108502,64.9635325299005,10.0,68.74749734345133,0,s0010_h06_bh15,80.0
0.6904056281402221,ALL_HALO_FLUX_COMPLETE,16,5.011872336272724,20047489.345090896,0.002826039822276895,SUBGRID_MASS_FRACTION_TOO_LARGE,5009761131.434548,ANGULAR_JUMP_CORRECTION_REQUIRED,False,MATCHING_RADIUS_OUTSIDE_CONSERVATIVE_KEPLER_DOMAIN,NONLOCAL_JUMP_OPERATOR_REQUIRED,6,0.46415888336127786,136,RESOLVED_FP_REPLACEMENT_REQUIRED,5009761131.434548,5009761131.434548,,INTERFACE_COMPLETE,6.659086626949944,6517521.620581563,0.9389592746801891,6.252611149273466,,4.217413599679517,7093845312.108502,98.31590953930234,10.0,79.00895048895248,0,s0010_h06_bh16,80.0
0.5951487124259995,ALL_HALO_FLUX_COMPLETE,17,6.309573444801933,25238293.779207733,0.0035577733470066545,SUBGRID_MASS_FRACTION_TOO_LARGE,10117965245.749422,,False,MATCHING_RADIUS_OUTSIDE_CONSERVATIVE_KEPLER_DOMAIN,NONLOCAL_JUMP_OPERATOR_REQUIRED,6,0.46415888336127786,137,RESOLVED_FP_REPLACEMENT_REQUIRED,10117965245.749422,10117965245.749422,,INTERFACE_COMPLETE,5.506277439736868,4909594.927983471,1.0768780176154307,5.9295891337444075,,3.418400219934077,7093845312.108502,145.51410965733854,10.0,90.17278077348115,0,s0010_h06_bh17,80.0
0.49398601246829793,ALL_HALO_FLUX_COMPLETE,18,7.943282347242816,31773129.38897126,0.004478971275950665,SUBGRID_MASS_FRACTION_TOO_LARGE,20230180266.79596,,False,MATCHING_RADIUS_OUTSIDE_CONSERVATIVE_KEPLER_DOMAIN,NONLOCAL_JUMP_OPERATOR_REQUIRED,6,0.46415888336127786,138,RESOLVED_FP_REPLACEMENT_REQUIRED,20230180266.79596,20230180266.79596,,INTERFACE_COMPLETE,4.500499306245817,3740501.6277930583,1.26371194077691,5.687334712761038,,2.7549413066917263,7093845312.108502,210.34479554276268,10.0,102.16120104344708,0,s0010_h06_bh18,80.0
0.39616440575714595,ALL_HALO_FLUX_COMPLETE,19,10.0,40000000.0,0.005638690757990437,SUBGRID_MASS_FRACTION_TOO_LARGE,39859174789.69485,,False,MATCHING_RADIUS_OUTSIDE_CONSERVATIVE_KEPLER_DOMAIN,NONLOCAL_JUMP_OPERATOR_REQUIRED,6,0.46415888336127786,139,RESOLVED_FP_REPLACEMENT_REQUIRED,39859174789.69485,39859174789.69485,,INTERFACE_COMPLETE,3.6485507830005557,2902698.5007259473,1.5228617316771746,5.556238363512338,,2.2113279643936186,7093845312.108502,296.9792077186927,10.0,114.91556458699881,0,s0010_h06_bh19,80.0
1.9095179025829825,ALL_HALO_FLUX_COMPLETE,0,0.1,400000.0,4.3658334717817124e-05,SUBGRID_MASS_FRACTION_TOO_LARGE,11608035.512847826,,False,MATCHING_RADIUS_OUTSIDE_CONSERVATIVE_KEPLER_DOMAIN,NONLOCAL_JUMP_OPERATOR_REQUIRED,7,0.5994842503189409,140,RESOLVED_FP_REPLACEMENT_REQUIRED,70306985.8380423,70306985.8380423,,INTERFACE_COMPLETE,2.2955055756611404,632446090.36059,5.273805397801815,12.106049695605885,,207.7792643468075,9162053536.52114,3.290934494435685,10.0,27.429163466509085,0,s0010_h07_bh00,80.0
1.7470555991678205,ALL_HALO_FLUX_COMPLETE,1,0.1291549665014884,516619.8660059536,5.638690757990438e-05,SUBGRID_MASS_FRACTION_TOO_LARGE,13539751.670297658,,False,MATCHING_RADIUS_OUTSIDE_CONSERVATIVE_KEPLER_DOMAIN,NONLOCAL_JUMP_OPERATOR_REQUIRED,7,0.5994842503189409,141,RESOLVED_FP_REPLACEMENT_REQUIRED,73019851.20620607,73019851.20620607,,INTERFACE_COMPLETE,2.9027418611999227,522299655.4007319,4.448374827834024,12.91248382706182,,203.249241411321,9162053536.52114,3.3722584296610214,10.0,27.666494493903635,0,s0010_h07_bh01,80.0
1.5955047421528465,ALL_HALO_FLUX_COMPLETE,2,0.16681005372000587,667240.2148800235,7.282649159605072e-05,SUBGRID_MASS_FRACTION_TOO_LARGE,15739678.051825698,,False,MATCHING_RADIUS_OUTSIDE_CONSERVATIVE_KEPLER_DOMAIN,NONLOCAL_JUMP_OPERATOR_REQUIRED,7,0.5994842503189409,142,RESOLVED_FP_REPLACEMENT_REQUIRED,76672629.82180561,76672629.82180561,,INTERFACE_COMPLETE,3.6482650026410797,429484780.5272332,3.758915507763587,13.713519894858718,,198.75416916850847,9162053536.52114,3.4741080305692154,10.0,27.960870547744864,0,s0010_h07_bh02,80.0
1.4568382135137008,ALL_HALO_FLUX_COMPLETE,3,0.21544346900318834,861773.8760127533,9.405903082508855e-05,SUBGRID_MASS_FRACTION_TOO_LARGE,18310043.442698054,,False,MATCHING_RADIUS_OUTSIDE_CONSERVATIVE_KEPLER_DOMAIN,NONLOCAL_JUMP_OPERATOR_REQUIRED,7,0.5994842503189409,143,RESOLVED_FP_REPLACEMENT_REQUIRED,81675778.38559452,81675778.38559452,,INTERFACE_COMPLETE,4.549435619372084,351309973.459127,3.184529154584659,14.487810366796317,,190.4026410487785,9162053536.52114,3.6029786807169257,10.0,28.328543327553163,0,s0010_h07_bh03,80.0
1.3323596531528825,ALL_HALO_FLUX_COMPLETE,4,0.2782559402207124,1113023.7608828498,0.00012148190975376776,SUBGRID_MASS_FRACTION_TOO_LARGE,21434434.246021703,,False,MATCHING_RADIUS_OUTSIDE_CONSERVATIVE_KEPLER_DOMAIN,NONLOCAL_JUMP_OPERATOR_REQUIRED,7,0.5994842503189409,144,RESOLVED_FP_REPLACEMENT_REQUIRED,88639068.43095966,88639068.43095966,,INTERFACE_COMPLETE,5.61644773169654,285512604.282771,2.7076152311697683,15.207179423410446,,178.79163693713147,9162053536.52114,3.7681436478911623,10.0,28.791446910487576,0,s0010_h07_bh04,80.0
1.2228293076384513,ALL_HALO_FLUX_COMPLETE,5,0.35938136638046275,1437525.465521851,0.00015689991984784712,SUBGRID_MASS_FRACTION_TOO_LARGE,25431948.105820652,,False,MATCHING_RADIUS_OUTSIDE_CONSERVATIVE_KEPLER_DOMAIN,NONLOCAL_JUMP_OPERATOR_REQUIRED,7,0.5994842503189409,145,RESOLVED_FP_REPLACEMENT_REQUIRED,98547220.13523082,98547220.13523082,,INTERFACE_COMPLETE,6.845205113038264,230190924.38078022,2.313322737759437,15.835168632618572,,164.67318975772528,9162053536.52114,3.983279056624024,10.0,29.379558835079944,0,s0010_h07_bh05,80.0
1.128605559795372,ALL_HALO_FLUX_COMPLETE,6,0.46415888336127786,1856635.5334451115,0.00020264403892034907,SUBGRID_MASS_FRACTION_TOO_LARGE,30858209.58358046,,False,MATCHING_RADIUS_OUTSIDE_CONSERVATIVE_KEPLER_DOMAIN,NONLOCAL_JUMP_OPERATOR_REQUIRED,7,0.5994842503189409,146,RESOLVED_FP_REPLACEMENT_REQUIRED,113139770.0283535,113139770.0283535,,INTERFACE_COMPLETE,8.207595619538996,183749615.59933937,1.989097607554674,16.32570881060124,,143.40117235006642,9162053536.52114,4.269299335986059,10.0,30.134559190629496,0,s0010_h07_bh06,80.0
1.0497577128677533,ALL_HALO_FLUX_COMPLETE,7,0.5994842503189409,2397937.001275764,0.0002617248405848399,SUBGRID_MASS_FRACTION_TOO_LARGE,38704598.03483121,,False,MATCHING_RADIUS_OUTSIDE_CONSERVATIVE_KEPLER_DOMAIN,NONLOCAL_JUMP_OPERATOR_REQUIRED,7,0.5994842503189409,147,RESOLVED_FP_REPLACEMENT_REQUIRED,135595787.42022985,135595787.42022985,,INTERFACE_COMPLETE,9.640199461226167,144855719.77163234,1.7242742658607748,16.622347848757187,,114.274347175608,9162053536.52114,4.659521955579085,10.0,31.115545691515134,0,s0010_h07_bh07,80.0
0.9861373532087092,ALL_HALO_FLUX_COMPLETE,8,0.774263682681127,3097054.730724508,0.00033803063018342385,SUBGRID_MASS_FRACTION_TOO_LARGE,50849637.87115343,,False,MATCHING_RADIUS_OUTSIDE_CONSERVATIVE_KEPLER_DOMAIN,NONLOCAL_JUMP_OPERATOR_REQUIRED,7,0.5994842503189409,148,RESOLVED_FP_REPLACEMENT_REQUIRED,170378651.9539909,170378651.9539909,,INTERFACE_COMPLETE,11.034546300472853,112033531.87155037,1.5047396857657227,16.604119732740838,,92.73755023876265,9162053536.52114,5.235053632259043,10.0,32.37387900928089,0,s0010_h07_bh08,80.0
0.9370929683688752,ALL_HALO_FLUX_COMPLETE,9,1.0,4000000.0,0.00043658334717817124,SUBGRID_MASS_FRACTION_TOO_LARGE,70865346.9100784,,False,MATCHING_RADIUS_OUTSIDE_CONSERVATIVE_KEPLER_DOMAIN,NONLOCAL_JUMP_OPERATOR_REQUIRED,7,0.5994842503189409,149,RESOLVED_FP_REPLACEMENT_REQUIRED,220519903.19571045,220519903.19571045,,INTERFACE_COMPLETE,12.238321250975515,84614127.5521872,1.3234269428378889,16.196524078646494,,83.1153201684629,9162053536.52114,6.109077478444315,10.0,34.02213716669935,0,s0010_h07_bh09,80.0
0.9042391456584151,ALL_HALO_FLUX_COMPLETE,10,1.2589254117941673,5035701.647176669,0.0005496258701287551,SUBGRID_MASS_FRACTION_TOO_LARGE,101539218.27585918,,False,MATCHING_RADIUS_OUTSIDE_CONSERVATIVE_KEPLER_DOMAIN,NONLOCAL_JUMP_OPERATOR_REQUIRED,7,0.5994842503189409,150,RESOLVED_FP_REPLACEMENT_REQUIRED,282992219.29828113,282992219.29828113,,INTERFACE_COMPLETE,13.010317410589076,64447506.54976737,1.1937054244016936,15.530486466207977,,78.16547579152552,9162053536.52114,7.266918325839471,10.0,36.05802029188841,0,s0010_h07_bh10,80.0
0.8798498844493874,ALL_HALO_FLUX_COMPLETE,11,1.5848931924611136,6339572.769844455,0.0006919379748845705,SUBGRID_MASS_FRACTION_TOO_LARGE,155273268.92566964,,False,MATCHING_RADIUS_OUTSIDE_CONSERVATIVE_KEPLER_DOMAIN,NONLOCAL_JUMP_OPERATOR_REQUIRED,7,0.5994842503189409,151,RESOLVED_FP_REPLACEMENT_REQUIRED,368951526.9611854,368951526.9611854,,INTERFACE_COMPLETE,13.360488309471936,47954795.67293438,1.0889016444551831,14.548257690908242,,74.288870109536,9162053536.52114,9.04003162490208,10.0,38.78678674874622,0,s0010_h07_bh11,80.0
0.8600277340450121,ALL_HALO_FLUX_COMPLETE,12,1.9952623149688797,7981049.259875519,0.0008710982999675801,SUBGRID_MASS_FRACTION_TOO_LARGE,254115521.40274832,,False,MATCHING_RADIUS_OUTSIDE_CONSERVATIVE_KEPLER_DOMAIN,NONLOCAL_JUMP_OPERATOR_REQUIRED,7,0.5994842503189409,152,RESOLVED_FP_REPLACEMENT_REQUIRED,489559464.90340126,489559464.90340126,,INTERFACE_COMPLETE,13.213142632718743,34852266.93947823,1.007404412465574,13.310978190737853,,71.32521564527603,9162053536.52114,11.847320919928226,10.0,42.4496013955803,0,s0010_h07_bh12,80.0
0.838795666363367,ALL_HALO_FLUX_COMPLETE,13,2.51188643150958,10047545.72603832,0.0010966477859998846,SUBGRID_MASS_FRACTION_TOO_LARGE,443699853.4041602,ANGULAR_JUMP_CORRECTION_REQUIRED,False,MATCHING_RADIUS_OUTSIDE_CONSERVATIVE_KEPLER_DOMAIN,NONLOCAL_JUMP_OPERATOR_REQUIRED,7,0.5994842503189409,153,RESOLVED_FP_REPLACEMENT_REQUIRED,663089535.80587,663089535.80587,,INTERFACE_COMPLETE,12.570088151699814,24470469.42040429,0.9360152346420088,11.765794010784035,,66.51223463118913,9162053536.52114,16.37914622577516,10.0,47.292861171741485,0,s0010_h07_bh13,80.0
0.808710735880957,ALL_HALO_FLUX_COMPLETE,14,3.1622776601683795,12649110.640673518,0.0013805977655830667,SUBGRID_MASS_FRACTION_TOO_LARGE,818872726.088869,ANGULAR_JUMP_CORRECTION_REQUIRED,False,MATCHING_RADIUS_OUTSIDE_CONSERVATIVE_KEPLER_DOMAIN,NONLOCAL_JUMP_OPERATOR_REQUIRED,7,0.5994842503189409,154,RESOLVED_FP_REPLACEMENT_REQUIRED,920799848.5772454,920799848.5772454,,INTERFACE_COMPLETE,11.518294837212917,17333052.352057923,0.9108897137196904,10.491896286807862,,61.23233537102401,9162053536.52114,23.6620928039681,10.0,53.47131796691515,0,s0010_h07_bh14,80.0
0.7629648086185584,ALL_HALO_FLUX_COMPLETE,15,3.981071705534973,15924286.822139893,0.0017380696105587694,SUBGRID_MASS_FRACTION_TOO_LARGE,1575203060.437808,ANGULAR_JUMP_CORRECTION_REQUIRED,False,MATCHING_RADIUS_OUTSIDE_CONSERVATIVE_KEPLER_DOMAIN,NONLOCAL_JUMP_OPERATOR_REQUIRED,7,0.5994842503189409,155,RESOLVED_FP_REPLACEMENT_REQUIRED,1575203060.437808,1575203060.437808,,INTERFACE_COMPLETE,10.204140752385612,12339558.2805152,0.9215143726453878,9.403262363819863,,6.947591708577936,9162053536.52114,35.05991254472526,10.0,60.98481882445951,0,s0010_h07_bh15,80.0
0.6982750439270065,ALL_HALO_FLUX_COMPLETE,16,5.011872336272724,20047489.345090896,0.002188100000199627,SUBGRID_MASS_FRACTION_TOO_LARGE,3109097393.073406,ANGULAR_JUMP_CORRECTION_REQUIRED,False,MATCHING_RADIUS_OUTSIDE_CONSERVATIVE_KEPLER_DOMAIN,NONLOCAL_JUMP_OPERATOR_REQUIRED,7,0.5994842503189409,156,RESOLVED_FP_REPLACEMENT_REQUIRED,3109097393.073406,3109097393.073406,,INTERFACE_COMPLETE,8.787285102635531,8916260.109737774,0.97343498886352,8.553850776024593,,5.745532733671742,9162053536.52114,52.24277992371879,10.0,69.71002861949488,0,s0010_h07_bh16,80.0
0.6166499606912725,ALL_HALO_FLUX_COMPLETE,17,6.309573444801933,25238293.779207733,0.0027546546937981323,SUBGRID_MASS_FRACTION_TOO_LARGE,6206021768.291438,,False,MATCHING_RADIUS_OUTSIDE_CONSERVATIVE_KEPLER_DOMAIN,NONLOCAL_JUMP_OPERATOR_REQUIRED,7,0.5994842503189409,157,RESOLVED_FP_REPLACEMENT_REQUIRED,6206021768.291438,6206021768.291438,,INTERFACE_COMPLETE,7.400009986614611,6649202.376009829,1.0852159938110921,8.030609191835982,,4.6992161563589905,9162053536.52114,77.19808304127871,10.0,79.49612375207684,0,s0010_h07_bh17,80.0
0.524637268493321,ALL_HALO_FLUX_COMPLETE,18,7.943282347242816,31773129.38897126,0.003467904794740549,SUBGRID_MASS_FRACTION_TOO_LARGE,12384405777.566135,,False,MATCHING_RADIUS_OUTSIDE_CONSERVATIVE_KEPLER_DOMAIN,NONLOCAL_JUMP_OPERATOR_REQUIRED,7,0.5994842503189409,158,RESOLVED_FP_REPLACEMENT_REQUIRED,12384405777.566135,12384405777.566135,,INTERFACE_COMPLETE,6.128423794031071,4996948.826951995,1.239752669164028,7.597729756418359,,3.811836918989151,9162053536.52114,112.25714003626653,10.0,90.21800277103476,0,s0010_h07_bh18,80.0
0.43064895750565946,ALL_HALO_FLUX_COMPLETE,19,10.0,40000000.0,0.004365833471781712,SUBGRID_MASS_FRACTION_TOO_LARGE,24509330466.70343,,False,MATCHING_RADIUS_OUTSIDE_CONSERVATIVE_KEPLER_DOMAIN,NONLOCAL_JUMP_OPERATOR_REQUIRED,7,0.5994842503189409,159,RESOLVED_FP_REPLACEMENT_REQUIRED,24509330466.70343,24509330466.70343,,INTERFACE_COMPLETE,5.0145196708588085,3827113.3771729483,1.460901480280401,7.325719210052823,,3.073687568598891,9162053536.52114,160.0661291916445,10.0,101.77949780438418,0,s0010_h07_bh19,80.0
2.1546876979750906,ALL_HALO_FLUX_COMPLETE,0,0.1,400000.0,3.3803063018342384e-05,SUBGRID_MASS_FRACTION_TOO_LARGE,14975092.139511732,,False,MATCHING_RADIUS_OUTSIDE_CONSERVATIVE_KEPLER_DOMAIN,NONLOCAL_JUMP_OPERATOR_REQUIRED,8,0.774263682681127,160,RESOLVED_FP_REPLACEMENT_REQUIRED,103700236.43743408,103700236.43743408,,INTERFACE_COMPLETE,1.9675409336846152,627118789.5059358,6.1010555169925,12.004076468365097,,231.27457586945536,11833247175.94231,3.2339685430223932,10.0,29.687418772120374,0,s0010_h08_bh00,80.0
1.9763668096013844,ALL_HALO_FLUX_COMPLETE,1,0.1291549665014884,516619.8660059536,4.3658334717817124e-05,SUBGRID_MASS_FRACTION_TOO_LARGE,17560790.478902444,,False,MATCHING_RADIUS_OUTSIDE_CONSERVATIVE_KEPLER_DOMAIN,NONLOCAL_JUMP_OPERATOR_REQUIRED,8,0.774263682681127,161,RESOLVED_FP_REPLACEMENT_REQUIRED,106771631.1861455,106771631.1861455,,INTERFACE_COMPLETE,2.4998582818994017,519924085.7683728,5.14179312305937,12.853754122493354,,226.276389955939,11833247175.94231,3.3011153729798255,10.0,29.901755858213438,0,s0010_h08_bh01,80.0
1.806373404867421,ALL_HALO_FLUX_COMPLETE,2,0.16681005372000587,667240.2148800235,5.6386907579904376e-05,SUBGRID_MASS_FRACTION_TOO_LARGE,20463388.267703876,,False,MATCHING_RADIUS_OUTSIDE_CONSERVATIVE_KEPLER_DOMAIN,NONLOCAL_JUMP_OPERATOR_REQUIRED,8,0.774263682681127,162,RESOLVED_FP_REPLACEMENT_REQUIRED,110875689.93087962,110875689.93087962,,INTERFACE_COMPLETE,3.1611525403708693,429582399.57723916,4.339125275372031,13.716636887229743,,221.34309095961223,11833247175.94231,3.3844185265225417,10.0,30.165614967541202,0,s0010_h08_bh02,80.0
1.6474807262522468,ALL_HALO_FLUX_COMPLETE,3,0.21544346900318834,861773.8760127533,7.28264915960507e-05,SUBGRID_MASS_FRACTION_TOO_LARGE,23758972.4579353,,False,MATCHING_RADIUS_OUTSIDE_CONSERVATIVE_KEPLER_DOMAIN,NONLOCAL_JUMP_OPERATOR_REQUIRED,8,0.774263682681127,163,RESOLVED_FP_REPLACEMENT_REQUIRED,116401652.83275242,116401652.83275242,,INTERFACE_COMPLETE,3.973044360299282,353471522.17018855,3.668962640117159,14.576951325466244,,216.4478540701546,11833247175.94231,3.4886039158320044,10.0,30.492317674592066,0,s0010_h08_bh03,80.0
1.5016760968083642,ALL_HALO_FLUX_COMPLETE,4,0.2782559402207124,1113023.7608828498,9.405903082508855e-05,SUBGRID_MASS_FRACTION_TOO_LARGE,27595220.689704217,,False,MATCHING_RADIUS_OUTSIDE_CONSERVATIVE_KEPLER_DOMAIN,NONLOCAL_JUMP_OPERATOR_REQUIRED,8,0.774263682681127,164,RESOLVED_FP_REPLACEMENT_REQUIRED,123965059.06582548,123965059.06582548,,INTERFACE_COMPLETE,4.954439854836713,289385068.4469326,3.111035327945958,15.41343741858046,,207.3528481777785,11833247175.94231,3.6201978300082738,10.0,30.899497044175167,0,s0010_h08_bh04,80.0
1.3702276924831707,ALL_HALO_FLUX_COMPLETE,5,0.35938136638046275,1437525.465521851,0.00012148190975376777,SUBGRID_MASS_FRACTION_TOO_LARGE,32238096.72092509,,False,MATCHING_RADIUS_OUTSIDE_CONSERVATIVE_KEPLER_DOMAIN,NONLOCAL_JUMP_OPERATOR_REQUIRED,8,0.774263682681127,165,RESOLVED_FP_REPLACEMENT_REQUIRED,134485078.03448856,134485078.03448856,,INTERFACE_COMPLETE,6.116440546171574,235467901.03288072,2.6483016409010243,16.198179534899737,,194.708198085256,11833247175.94231,3.7884353348919926,10.0,31.4107224088252,0,s0010_h08_bh05,80.0
1.2538054782593446,ALL_HALO_FLUX_COMPLETE,6,0.46415888336127786,1856635.5334451115,0.0001568999198478471,SUBGRID_MASS_FRACTION_TOO_LARGE,38149365.53817268,,False,MATCHING_RADIUS_OUTSIDE_CONSERVATIVE_KEPLER_DOMAIN,NONLOCAL_JUMP_OPERATOR_REQUIRED,8,0.774263682681127,166,RESOLVED_FP_REPLACEMENT_REQUIRED,149444278.2483193,149444278.2483193,,INTERFACE_COMPLETE,7.454585549503761,190161358.71926814,2.266440778367884,16.895376675227286,,179.33288491537593,11833247175.94231,4.00681886151316,10.0,32.05791192947604,0,s0010_h08_bh06,80.0
1.1526146029786901,ALL_HALO_FLUX_COMPLETE,7,0.5994842503189409,2397937.001275764,0.00020264403892034905,SUBGRID_MASS_FRACTION_TOO_LARGE,46130123.83193335,,False,MATCHING_RADIUS_OUTSIDE_CONSERVATIVE_KEPLER_DOMAIN,NONLOCAL_JUMP_OPERATOR_REQUIRED,8,0.774263682681127,167,RESOLVED_FP_REPLACEMENT_REQUIRED,171443414.96902713,171443414.96902713,,INTERFACE_COMPLETE,8.938260094653176,152157989.87396047,1.9534328741376985,17.46029110648865,,156.16716950476115,11833247175.94231,4.295738332289801,10.0,32.88482717047862,0,s0010_h08_bh07,80.0
1.0664954014189247,ALL_HALO_FLUX_COMPLETE,8,0.774263682681127,3097054.730724508,0.00026172484058483987,SUBGRID_MASS_FRACTION_TOO_LARGE,57601704.62190962,,False,MATCHING_RADIUS_OUTSIDE_CONSERVATIVE_KEPLER_DOMAIN,NONLOCAL_JUMP_OPERATOR_REQUIRED,8,0.774263682681127,168,RESOLVED_FP_REPLACEMENT_REQUIRED,205223515.42413938,205223515.42413938,,INTERFACE_COMPLETE,10.49839857407769,120364686.39676368,1.6991975016755634,17.83885262866711,,126.68156437994246,11833247175.94231,4.687169622830825,10.0,33.95242519849323,0,s0010_h08_bh08,80.0
0.9949806183789712,ALL_HALO_FLUX_COMPLETE,9,1.0,4000000.0,0.00033803063018342385,SUBGRID_MASS_FRACTION_TOO_LARGE,75239862.93321146,,False,MATCHING_RADIUS_OUTSIDE_CONSERVATIVE_KEPLER_DOMAIN,NONLOCAL_JUMP_OPERATOR_REQUIRED,8,0.774263682681127,169,RESOLVED_FP_REPLACEMENT_REQUIRED,257413945.32870382,257413945.32870382,,INTERFACE_COMPLETE,12.016874299377209,93782135.52178514,1.4938518859363117,17.951430335184238,,100.99332167409891,11833247175.94231,5.240820072755057,10.0,35.335095016019736,0,s0010_h08_bh09,80.0
0.9422384673322657,ALL_HALO_FLUX_COMPLETE,10,1.2589254117941673,5035701.647176669,0.00042555535030270876,SUBGRID_MASS_FRACTION_TOO_LARGE,100462059.19504228,,False,MATCHING_RADIUS_OUTSIDE_CONSERVATIVE_KEPLER_DOMAIN,NONLOCAL_JUMP_OPERATOR_REQUIRED,8,0.774263682681127,170,RESOLVED_FP_REPLACEMENT_REQUIRED,323813272.5342163,323813272.5342163,,INTERFACE_COMPLETE,13.211570162367615,73195586.20503476,1.335086479948033,17.638588702661842,,92.35759930271696,11833247175.94231,6.018419986671838,10.0,36.864180252196135,0,s0010_h08_bh10,80.0
0.8991196494390319,ALL_HALO_FLUX_COMPLETE,11,1.5848931924611136,6339572.769844455,0.0005357424446210487,SUBGRID_MASS_FRACTION_TOO_LARGE,141808085.85425007,,False,MATCHING_RADIUS_OUTSIDE_CONSERVATIVE_KEPLER_DOMAIN,NONLOCAL_JUMP_OPERATOR_REQUIRED,8,0.774263682681127,171,RESOLVED_FP_REPLACEMENT_REQUIRED,414015032.12183505,414015032.12183505,,INTERFACE_COMPLETE,14.095663049534945,56430499.70999712,1.2145274270019502,17.11956937543814,,86.94517088652492,11833247175.94231,7.083522480367137,10.0,38.9364502629129,0,s0010_h08_bh11,80.0
0.8632876342011372,ALL_HALO_FLUX_COMPLETE,12,1.9952623149688797,7981049.259875519,0.0006744597777101676,SUBGRID_MASS_FRACTION_TOO_LARGE,213147021.21164796,,False,MATCHING_RADIUS_OUTSIDE_CONSERVATIVE_KEPLER_DOMAIN,NONLOCAL_JUMP_OPERATOR_REQUIRED,8,0.774263682681127,172,RESOLVED_FP_REPLACEMENT_REQUIRED,537514499.6505814,537514499.6505814,,INTERFACE_COMPLETE,14.533395122438346,42688342.26706469,1.12181475836045,16.303777137435116,,82.73652300773816,11833247175.94231,8.665567759574714,10.0,41.65642141347034,0,s0010_h08_bh12,80.0
0.8309843161644725,ALL_HALO_FLUX_COMPLETE,13,2.51188643150958,10047545.72603832,0.0008490945533923751,SUBGRID_MASS_FRACTION_TOO_LARGE,342296996.55211776,,False,MATCHING_RADIUS_OUTSIDE_CONSERVATIVE_KEPLER_DOMAIN,NONLOCAL_JUMP_OPERATOR_REQUIRED,8,0.774263682681127,173,RESOLVED_FP_REPLACEMENT_REQUIRED,709585717.0752033,709585717.0752033,,INTERFACE_COMPLETE,14.43476805177291,31694904.865459885,1.0557439053478022,15.239418395768418,,78.06101889916688,11833247175.94231,11.077427196463677,10.0,45.22291379003146,0,s0010_h08_bh13,80.0
0.7969016592515477,ALL_HALO_FLUX_COMPLETE,14,3.1622776601683795,12649110.640673518,0.0010689467102816803,SUBGRID_MASS_FRACTION_TOO_LARGE,586050870.5222781,,False,MATCHING_RADIUS_OUTSIDE_CONSERVATIVE_KEPLER_DOMAIN,NONLOCAL_JUMP_OPERATOR_REQUIRED,8,0.774263682681127,174,RESOLVED_FP_REPLACEMENT_REQUIRED,955157349.2764304,955157349.2764304,,INTERFACE_COMPLETE,13.791360778663272,23177451.477680214,1.0172729607601227,14.029578412221818,,74.3252194437263,11833247175.94231,14.815995275007527,10.0,49.84165476219968,0,s0010_h08_bh14,80.0
0.7549204677022643,ALL_HALO_FLUX_COMPLETE,15,3.981071705534973,15924286.822139893,0.001345724177427385,SUBGRID_MASS_FRACTION_TOO_LARGE,1060984388.5826497,,False,MATCHING_RADIUS_OUTSIDE_CONSERVATIVE_KEPLER_DOMAIN,NONLOCAL_JUMP_OPERATOR_REQUIRED,8,0.774263682681127,175,RESOLVED_FP_REPLACEMENT_REQUIRED,1315944786.8420568,1315944786.8420568,,INTERFACE_COMPLETE,12.688292305531672,16818455.24400949,1.0100941802458312,12.816370215075501,,68.58004065430775,11833247175.94231,20.608090875219002,10.0,55.66076632295011,0,s0010_h08_bh15,80.0
0.6999810948763332,ALL_HALO_FLUX_COMPLETE,16,5.011872336272724,20047489.345090896,0.0016941663642291377,SUBGRID_MASS_FRACTION_TOO_LARGE,2004807740.7417235,,False,MATCHING_RADIUS_OUTSIDE_CONSERVATIVE_KEPLER_DOMAIN,NONLOCAL_JUMP_OPERATOR_REQUIRED,8,0.774263682681127,176,RESOLVED_FP_REPLACEMENT_REQUIRED,2004807740.7417235,2004807740.7417235,,INTERFACE_COMPLETE,11.280131071509464,12226166.351500187,1.039812645452436,11.729222930516476,,7.721203726172179,11833247175.94231,29.425992557756203,10.0,62.71872216124105,0,s0010_h08_bh16,80.0
0.6303424842997399,ALL_HALO_FLUX_COMPLETE,17,6.309573444801933,25238293.779207733,0.002132829087734994,SUBGRID_MASS_FRACTION_TOO_LARGE,3894702392.9902096,,False,MATCHING_RADIUS_OUTSIDE_CONSERVATIVE_KEPLER_DOMAIN,NONLOCAL_JUMP_OPERATOR_REQUIRED,8,0.774263682681127,177,RESOLVED_FP_REPLACEMENT_REQUIRED,3894702392.9902096,3894702392.9902096,,INTERFACE_COMPLETE,9.74163392571999,8977625.232779182,1.11303445026575,10.842774161203929,,6.394332222341356,11833247175.94231,42.481609543919625,10.0,70.95700916969788,0,s0010_h08_bh17,80.0
0.5486621234912774,ALL_HALO_FLUX_COMPLETE,18,7.943282347242816,31773129.38897126,0.002685072737563355,SUBGRID_MASS_FRACTION_TOO_LARGE,7668124755.879489,,False,MATCHING_RADIUS_OUTSIDE_CONSERVATIVE_KEPLER_DOMAIN,NONLOCAL_JUMP_OPERATOR_REQUIRED,8,0.774263682681127,178,RESOLVED_FP_REPLACEMENT_REQUIRED,7668124755.879489,7668124755.879489,,INTERFACE_COMPLETE,8.221691720207886,6691334.285850315,1.2374580311390773,10.173998448720903,,5.235535551707122,11833247175.94231,61.216698993773576,10.0,80.26230009558962,0,s0010_h08_bh18,80.0
0.4609950048759578,ALL_HALO_FLUX_COMPLETE,19,10.0,40000000.0,0.0033803063018342386,SUBGRID_MASS_FRACTION_TOO_LARGE,15123737616.675117,,False,MATCHING_RADIUS_OUTSIDE_CONSERVATIVE_KEPLER_DOMAIN,NONLOCAL_JUMP_OPERATOR_REQUIRED,8,0.774263682681127,179,RESOLVED_FP_REPLACEMENT_REQUIRED,15123737616.675117,15123737616.675117,,INTERFACE_COMPLETE,6.819858584735611,5071706.28488785,1.4235006355610453,9.708073029807593,,4.250246265849288,11833247175.94231,87.28949447453236,10.0,90.52244497152917,0,s0010_h08_bh19,80.0
2.4063836934130767,ALL_HALO_FLUX_COMPLETE,0,0.1,400000.0,2.6172484058483986e-05,SUBGRID_MASS_FRACTION_TOO_LARGE,19038264.899120905,,False,MATCHING_RADIUS_OUTSIDE_CONSERVATIVE_KEPLER_DOMAIN,NONLOCAL_JUMP_OPERATOR_REQUIRED,9,1.0,180,RESOLVED_FP_REPLACEMENT_REQUIRED,152715138.59720364,152715138.59720364,,INTERFACE_COMPLETE,1.6802287601060957,623149175.5458666,7.099087853927004,11.928091582688014,,257.40187559796715,15283226426.126614,3.185197993918477,10.0,32.15895718833355,0,s0010_h09_bh00,80.0
2.2164287845077126,ALL_HALO_FLUX_COMPLETE,1,0.1291549665014884,516619.8660059536,3.3803063018342384e-05,SUBGRID_MASS_FRACTION_TOO_LARGE,22485455.399180286,,False,MATCHING_RADIUS_OUTSIDE_CONSERVATIVE_KEPLER_DOMAIN,NONLOCAL_JUMP_OPERATOR_REQUIRED,9,1.0,181,RESOLVED_FP_REPLACEMENT_REQUIRED,156206853.2074164,156206853.2074164,,INTERFACE_COMPLETE,2.142697255976373,518315567.4314167,5.980307160009923,12.81398774164912,,251.8633237096429,15283226426.126614,3.240724816127901,10.0,32.352774758818626,0,s0010_h09_bh01,80.0
2.031256985145403,ALL_HALO_FLUX_COMPLETE,2,0.16681005372000587,667240.2148800235,4.365833471781711e-05,SUBGRID_MASS_FRACTION_TOO_LARGE,26346817.26705607,,False,MATCHING_RADIUS_OUTSIDE_CONSERVATIVE_KEPLER_DOMAIN,NONLOCAL_JUMP_OPERATOR_REQUIRED,9,1.0,182,RESOLVED_FP_REPLACEMENT_REQUIRED,160814732.29197386,160814732.29197386,,INTERFACE_COMPLETE,2.72240307139361,429952634.29773945,5.042772206360217,13.728458542933387,,246.4201844801598,15283226426.126614,3.3090797907053235,10.0,32.589861077321466,0,s0010_h09_bh02,80.0
1.8544727684841606,ALL_HALO_FLUX_COMPLETE,3,0.21544346900318834,861773.8760127533,5.6386907579904356e-05,SUBGRID_MASS_FRACTION_TOO_LARGE,30670587.169914726,,False,MATCHING_RADIUS_OUTSIDE_CONSERVATIVE_KEPLER_DOMAIN,NONLOCAL_JUMP_OPERATOR_REQUIRED,9,1.0,183,RESOLVED_FP_REPLACEMENT_REQUIRED,166972376.07443926,166972376.07443926,,INTERFACE_COMPLETE,3.44256770368221,355492813.4589722,4.258538804443695,14.660308153055318,,241.04770859344742,15283226426.126614,3.393765103826433,10.0,32.88125577340915,0,s0010_h09_bh03,80.0
1.6888914117058969,ALL_HALO_FLUX_COMPLETE,4,0.2782559402207124,1113023.7608828498,7.28264915960507e-05,SUBGRID_MASS_FRACTION_TOO_LARGE,35564320.84040354,,False,MATCHING_RADIUS_OUTSIDE_CONSERVATIVE_KEPLER_DOMAIN,NONLOCAL_JUMP_OPERATOR_REQUIRED,9,1.0,184,RESOLVED_FP_REPLACEMENT_REQUIRED,175263222.36796153,175263222.36796153,,INTERFACE_COMPLETE,4.326736538458339,292774524.3495243,3.6040948966430837,15.59396907737686,,235.7166832151077,15283226426.126614,3.4994888104693813,10.0,33.24133035858256,0,s0010_h09_bh04,80.0
1.5365007865925193,ALL_HALO_FLUX_COMPLETE,5,0.35938136638046275,1437525.465521851,9.405903082508855e-05,SUBGRID_MASS_FRACTION_TOO_LARGE,41239115.034137495,,False,MATCHING_RADIUS_OUTSIDE_CONSERVATIVE_KEPLER_DOMAIN,NONLOCAL_JUMP_OPERATOR_REQUIRED,9,1.0,185,RESOLVED_FP_REPLACEMENT_REQUIRED,186603246.49933994,186603246.49933994,,INTERFACE_COMPLETE,5.395498767071763,239979279.71274814,3.059684479852078,16.508523838670495,,225.81201295638616,15283226426.126614,3.6327057566570136,10.0,33.68896737687477,0,s0010_h09_bh05,80.0
1.398524153524493,ALL_HALO_FLUX_COMPLETE,6,0.46415888336127786,1856635.5334451115,0.00012148190975376773,SUBGRID_MASS_FRACTION_TOO_LARGE,48076458.339496344,,False,MATCHING_RADIUS_OUTSIDE_CONSERVATIVE_KEPLER_DOMAIN,NONLOCAL_JUMP_OPERATOR_REQUIRED,9,1.0,186,RESOLVED_FP_REPLACEMENT_REQUIRED,202366579.87105986,202366579.87105986,,INTERFACE_COMPLETE,6.660944202101759,195578395.0845708,2.6087393504454726,17.37666725114448,,212.04169865583853,15283226426.126614,3.8024758594154693,10.0,34.24920117587516,0,s0010_h09_bh06,80.0
1.275536922626208,ALL_HALO_FLUX_COMPLETE,7,0.5994842503189409,2397937.001275764,0.00015689991984784707,SUBGRID_MASS_FRACTION_TOO_LARGE,56738116.77415789,,False,MATCHING_RADIUS_OUTSIDE_CONSERVATIVE_KEPLER_DOMAIN,NONLOCAL_JUMP_OPERATOR_REQUIRED,9,1.0,187,RESOLVED_FP_REPLACEMENT_REQUIRED,224766859.3478817,224766859.3478817,,INTERFACE_COMPLETE,8.118214837568983,158287377.12613875,2.237393955891068,18.163644810202033,,195.2976295618431,15283226426.126614,4.021890857429002,10.0,34.95551648392584,0,s0010_h09_bh07,80.0
1.1675940592638574,ALL_HALO_FLUX_COMPLETE,8,0.774263682681127,3097054.730724508,0.00020264403892034902,SUBGRID_MASS_FRACTION_TOO_LARGE,68368110.82906315,,False,MATCHING_RADIUS_OUTSIDE_CONSERVATIVE_KEPLER_DOMAIN,NONLOCAL_JUMP_OPERATOR_REQUIRED,9,1.0,188,RESOLVED_FP_REPLACEMENT_REQUIRED,257661162.92531437,257661162.92531437,,INTERFACE_COMPLETE,9.733970485762887,127028157.66944046,1.9340950052518469,18.826423697782893,,170.0696335424173,15283226426.126614,4.310475829207807,10.0,35.85323152019091,0,s0010_h09_bh08,80.0
1.0743224971067016,ALL_HALO_FLUX_COMPLETE,9,1.0,4000000.0,0.00026172484058483987,SUBGRID_MASS_FRACTION_TOO_LARGE,84985023.66399916,,False,MATCHING_RADIUS_OUTSIDE_CONSERVATIVE_KEPLER_DOMAIN,NONLOCAL_JUMP_OPERATOR_REQUIRED,9,1.0,189,RESOLVED_FP_REPLACEMENT_REQUIRED,308062140.20653397,308062140.20653397,,INTERFACE_COMPLETE,11.432997114167414,100897885.59070499,1.6892771653953471,19.313500956993913,,137.95913250524868,15283226426.126614,4.698340644094937,10.0,37.00431668924293,0,s0010_h09_bh09,80.0
1.002317985648086,ALL_HALO_FLUX_COMPLETE,10,1.2589254117941673,5035701.647176669,0.0003294920527100323,SUBGRID_MASS_FRACTION_TOO_LARGE,107271856.50361702,,False,MATCHING_RADIUS_OUTSIDE_CONSERVATIVE_KEPLER_DOMAIN,NONLOCAL_JUMP_OPERATOR_REQUIRED,9,1.0,190,RESOLVED_FP_REPLACEMENT_REQUIRED,376537735.95954406,376537735.95954406,,INTERFACE_COMPLETE,12.928103053468753,81163806.13592714,1.5128871693864916,19.5587612340992,,112.12952086546031,15283226426.126614,5.169400416735776,10.0,38.328481210254765,0,s0010_h09_bh10,80.0
0.9406072674104416,ALL_HALO_FLUX_COMPLETE,11,1.5848931924611136,6339572.769844455,0.0004148059181408829,SUBGRID_MASS_FRACTION_TOO_LARGE,141515550.54146925,,False,MATCHING_RADIUS_OUTSIDE_CONSERVATIVE_KEPLER_DOMAIN,NONLOCAL_JUMP_OPERATOR_REQUIRED,9,1.0,191,RESOLVED_FP_REPLACEMENT_REQUIRED,471877265.8129117,471877265.8129117,,INTERFACE_COMPLETE,14.256930193088902,63844675.47648981,1.3585561750146125,19.3688405505732,,100.82030397284032,15283226426.126614,5.902518831590109,10.0,39.88717672468315,0,s0010_h09_bh11,80.0
0.8876751832114118,ALL_HALO_FLUX_COMPLETE,12,1.9952623149688797,7981049.259875519,0.0005222097113101687,SUBGRID_MASS_FRACTION_TOO_LARGE,196891561.2750868,,False,MATCHING_RADIUS_OUTSIDE_CONSERVATIVE_KEPLER_DOMAIN,NONLOCAL_JUMP_OPERATOR_REQUIRED,9,1.0,192,RESOLVED_FP_REPLACEMENT_REQUIRED,601115554.2697029,601115554.2697029,,INTERFACE_COMPLETE,15.265083709707609,49798823.980369754,1.2459449001706748,19.019453198788643,,94.97592629867934,15283226426.126614,6.873128054429407,10.0,41.98379595991264,0,s0010_h09_bh12,80.0
0.8411615056505239,ALL_HALO_FLUX_COMPLETE,13,2.51188643150958,10047545.72603832,0.0006574230758540671,SUBGRID_MASS_FRACTION_TOO_LARGE,291052334.0511937,,False,MATCHING_RADIUS_OUTSIDE_CONSERVATIVE_KEPLER_DOMAIN,NONLOCAL_JUMP_OPERATOR_REQUIRED,9,1.0,193,RESOLVED_FP_REPLACEMENT_REQUIRED,777199182.5846205,777199182.5846205,,INTERFACE_COMPLETE,15.801943201734856,38252700.12266866,1.163939855749046,18.392511490781885,,90.45071441565167,15283226426.126614,8.273910286353084,10.0,44.683185359740285,0,s0010_h09_bh13,80.0
0.7975861386173655,ALL_HALO_FLUX_COMPLETE,14,3.1622776601683795,12649110.640673518,0.0008276466164925696,SUBGRID_MASS_FRACTION_TOO_LARGE,458926513.58705026,,False,MATCHING_RADIUS_OUTSIDE_CONSERVATIVE_KEPLER_DOMAIN,NONLOCAL_JUMP_OPERATOR_REQUIRED,9,1.0,194,RESOLVED_FP_REPLACEMENT_REQUIRED,1021016355.7169778,1021016355.7169778,,INTERFACE_COMPLETE,15.76175242450431,28945462.32187578,1.1116163583156984,17.52102183080111,,87.05108908816413,15283226426.126614,10.340345622077418,10.0,48.15405231957973,0,s0010_h09_bh14,80.0
0.7523920461419439,ALL_HALO_FLUX_COMPLETE,15,3.981071705534973,15924286.822139893,0.0010419453574879575,SUBGRID_MASS_FRACTION_TOO_LARGE,770903400.0695754,,False,MATCHING_RADIUS_OUTSIDE_CONSERVATIVE_KEPLER_DOMAIN,NONLOCAL_JUMP_OPERATOR_REQUIRED,9,1.0,195,RESOLVED_FP_REPLACEMENT_REQUIRED,1366006614.950656,1366006614.950656,,INTERFACE_COMPLETE,15.124191378125618,21631638.38132422,1.0899239355967494,16.484218189565098,,83.03043049112834,15283226426.126614,13.433065579774855,10.0,52.57214011779469,0,s0010_h09_bh15,80.0
0.7007146587323111,ALL_HALO_FLUX_COMPLETE,16,5.011872336272724,20047489.345090896,0.0013117314882425477,SUBGRID_MASS_FRACTION_TOO_LARGE,1369757943.0127583,,False,MATCHING_RADIUS_OUTSIDE_CONSERVATIVE_KEPLER_DOMAIN,NONLOCAL_JUMP_OPERATOR_REQUIRED,9,1.0,196,RESOLVED_FP_REPLACEMENT_REQUIRED,1867961173.661512,1867961173.661512,,INTERFACE_COMPLETE,13.97122432799445,16050293.44072605,1.1021163647960495,15.397914968119373,,76.78071651922998,15283226426.126614,18.068624242898025,10.0,58.0727755765883,0,s0010_h09_bh16,80.0
0.6389705389491294,ALL_HALO_FLUX_COMPLETE,17,6.309573444801933,25238293.779207733,0.001651372103999125,SUBGRID_MASS_FRACTION_TOO_LARGE,2543586116.20283,,False,MATCHING_RADIUS_OUTSIDE_CONSERVATIVE_KEPLER_DOMAIN,NONLOCAL_JUMP_OPERATOR_REQUIRED,9,1.0,197,RESOLVED_FP_REPLACEMENT_REQUIRED,2622852548.212737,2622852548.212737,,INTERFACE_COMPLETE,12.465098911491102,11905796.42358936,1.1535639181094757,14.379288339961835,,69.99317789536668,15283226426.126614,24.940209600235438,10.0,64.71894375026848,0,s0010_h09_bh17,80.0
0.5665480437974071,ALL_HALO_FLUX_COMPLETE,18,7.943282347242816,31773129.38897126,0.0020789543060524985,SUBGRID_MASS_FRACTION_TOO_LARGE,4865326678.809103,,False,MATCHING_RADIUS_OUTSIDE_CONSERVATIVE_KEPLER_DOMAIN,NONLOCAL_JUMP_OPERATOR_REQUIRED,9,1.0,198,RESOLVED_FP_REPLACEMENT_REQUIRED,4865326678.809103,4865326678.809103,,INTERFACE_COMPLETE,10.79656711172217,8887612.019337228,1.251636844714193,13.513381193460965,,7.11539593474019,15283226426.126614,34.917322001216725,10.0,72.49436715535718,0,s0010_h09_bh18,80.0
0.48637613537899477,ALL_HALO_FLUX_COMPLETE,19,10.0,40000000.0,0.0026172484058483987,SUBGRID_MASS_FRACTION_TOO_LARGE,9451420051.0074,,False,MATCHING_RADIUS_OUTSIDE_CONSERVATIVE_KEPLER_DOMAIN,NONLOCAL_JUMP_OPERATOR_REQUIRED,9,1.0,199,RESOLVED_FP_REPLACEMENT_REQUIRED,9451420051.0074,9451420051.0074,,INTERFACE_COMPLETE,9.132664238432444,6708430.4720818065,1.4060552036352927,12.841030075501884,,5.8324485979907585,15283226426.126614,49.030923233441605,10.0,81.32444636083281,0,s0010_h09_bh19,80.0
2.630207613780003,ALL_HALO_FLUX_COMPLETE,0,0.1,400000.0,2.0789543060524982e-05,SUBGRID_MASS_FRACTION_TOO_LARGE,23317383.993596982,,False,MATCHING_RADIUS_OUTSIDE_CONSERVATIVE_KEPLER_DOMAIN,NONLOCAL_JUMP_OPERATOR_REQUIRED,10,1.2589254117941673,200,RESOLVED_FP_REPLACEMENT_REQUIRED,215801929.95037273,215801929.95037273,,INTERFACE_COMPLETE,1.4541129640927641,621093032.2686892,8.175935391779841,11.88873364677192,,278.10845366678734,19240442122.054947,3.1472714353569953,10.0,34.580381886165945,0,s0010_h10_bh00,80.0
2.434443631429467,ALL_HALO_FLUX_COMPLETE,1,0.1291549665014884,516619.8660059536,2.6850727375633546e-05,SUBGRID_MASS_FRACTION_TOO_LARGE,27732962.255145337,,False,MATCHING_RADIUS_OUTSIDE_CONSERVATIVE_KEPLER_DOMAIN,NONLOCAL_JUMP_OPERATOR_REQUIRED,10,1.2589254117941673,201,RESOLVED_FP_REPLACEMENT_REQUIRED,219663472.5445983,219663472.5445983,,INTERFACE_COMPLETE,1.8591828698805617,517877464.6077826,6.886442969232916,12.803156802807269,,277.9144537362398,19240442122.054947,3.194083375035462,10.0,34.75743944250516,0,s0010_h10_bh01,80.0
2.2395641261513677,ALL_HALO_FLUX_COMPLETE,2,0.16681005372000587,667240.2148800235,3.467904794740548e-05,SUBGRID_MASS_FRACTION_TOO_LARGE,32707281.813219156,,False,MATCHING_RADIUS_OUTSIDE_CONSERVATIVE_KEPLER_DOMAIN,NONLOCAL_JUMP_OPERATOR_REQUIRED,10,1.2589254117941673,202,RESOLVED_FP_REPLACEMENT_REQUIRED,224802314.09991378,224802314.09991378,,INTERFACE_COMPLETE,2.370129498174455,430870467.60012823,5.804647012870553,13.757765111694733,,271.92789645624777,19240442122.054947,3.251373277621828,10.0,34.97296936224706,0,s0010_h10_bh02,80.0
2.049807565844736,ALL_HALO_FLUX_COMPLETE,3,0.21544346900318834,861773.8760127533,4.4789712759506636e-05,SUBGRID_MASS_FRACTION_TOO_LARGE,38266501.640963145,,False,MATCHING_RADIUS_OUTSIDE_CONSERVATIVE_KEPLER_DOMAIN,NONLOCAL_JUMP_OPERATOR_REQUIRED,10,1.2589254117941673,203,RESOLVED_FP_REPLACEMENT_REQUIRED,231587327.24355802,231587327.24355802,,INTERFACE_COMPLETE,3.010094724941151,357541837.8721334,4.898453379460402,14.74480867788391,,266.04262624946983,19240442122.054947,3.321850994375717,10.0,35.23637555834256,0,s0010_h10_bh03,80.0
1.8687512652569074,ALL_HALO_FLUX_COMPLETE,4,0.2782559402207124,1113023.7608828498,5.784813851065367e-05,SUBGRID_MASS_FRACTION_TOO_LARGE,44479904.914774306,,False,MATCHING_RADIUS_OUTSIDE_CONSERVATIVE_KEPLER_DOMAIN,NONLOCAL_JUMP_OPERATOR_REQUIRED,10,1.2589254117941673,204,RESOLVED_FP_REPLACEMENT_REQUIRED,240655633.35729876,240655633.35729876,,INTERFACE_COMPLETE,3.8042934593548847,295760489.59724367,4.140850303098414,15.75300972424499,,260.23143739409744,19240442122.054947,3.4090875847376823,10.0,35.559741483508404,0,s0010_h10_bh04,80.0
1.6991455025967408,ALL_HALO_FLUX_COMPLETE,5,0.35938136638046275,1437525.465521851,7.471374391516936e-05,SUBGRID_MASS_FRACTION_TOO_LARGE,51504001.59034847,,False,MATCHING_RADIUS_OUTSIDE_CONSERVATIVE_KEPLER_DOMAIN,NONLOCAL_JUMP_OPERATOR_REQUIRED,10,1.2589254117941673,205,RESOLVED_FP_REPLACEMENT_REQUIRED,252868759.09110355,252868759.09110355,,INTERFACE_COMPLETE,4.778024028825693,243732632.90013883,3.509133140536464,16.766722465831794,,249.37109984962277,19240442122.054947,3.5178633470989547,10.0,35.95871993680397,0,s0010_h10_bh05,80.0
1.5428834284648898,ALL_HALO_FLUX_COMPLETE,6,0.46415888336127786,1856635.5334451115,9.649651092564479e-05,SUBGRID_MASS_FRACTION_TOO_LARGE,59646516.027147844,,False,MATCHING_RADIUS_OUTSIDE_CONSERVATIVE_KEPLER_DOMAIN,NONLOCAL_JUMP_OPERATOR_REQUIRED,10,1.2589254117941673,206,RESOLVED_FP_REPLACEMENT_REQUIRED,269611142.7136789,269611142.7136789,,INTERFACE_COMPLETE,5.952914529412805,199949617.0469827,2.9842591657701467,17.765039747446444,,238.9429365123973,19240442122.054947,3.654692057318207,10.0,36.45375297981279,0,s0010_h10_bh06,80.0
1.4010672463465217,ALL_HALO_FLUX_COMPLETE,7,0.5994842503189409,2397937.001275764,0.0001246300363611216,SUBGRID_MASS_FRACTION_TOO_LARGE,69460177.85180293,,False,MATCHING_RADIUS_OUTSIDE_CONSERVATIVE_KEPLER_DOMAIN,NONLOCAL_JUMP_OPERATOR_REQUIRED,10,1.2589254117941673,207,RESOLVED_FP_REPLACEMENT_REQUIRED,292898894.47937334,292898894.47937334,,INTERFACE_COMPLETE,7.340661587753893,163142816.63938528,2.5502894300007606,18.720811656461354,,228.8621443421006,19240442122.054947,3.8286755175869973,10.0,37.07170994406866,0,s0010_h10_bh07,80.0
1.274127496523702,ALL_HALO_FLUX_COMPLETE,8,0.774263682681127,3097054.730724508,0.0001609658817129994,SUBGRID_MASS_FRACTION_TOO_LARGE,81904322.23205656,,False,MATCHING_RADIUS_OUTSIDE_CONSERVATIVE_KEPLER_DOMAIN,NONLOCAL_JUMP_OPERATOR_REQUIRED,10,1.2589254117941673,208,RESOLVED_FP_REPLACEMENT_REQUIRED,326094439.71137553,326094439.71137553,,INTERFACE_COMPLETE,8.933547056329276,132246590.12313238,2.193958369799543,19.599830336231683,,206.77310573715567,19240442122.054947,4.052843078586783,10.0,37.84824527760732,0,s0010_h10_bh08,80.0
1.1619433379230852,ALL_HALO_FLUX_COMPLETE,9,1.0,4000000.0,0.00020789543060524982,SUBGRID_MASS_FRACTION_TOO_LARGE,98630922.54659483,,False,MATCHING_RADIUS_OUTSIDE_CONSERVATIVE_KEPLER_DOMAIN,NONLOCAL_JUMP_OPERATOR_REQUIRED,10,1.2589254117941673,209,RESOLVED_FP_REPLACEMENT_REQUIRED,374936012.3211783,374936012.3211783,,INTERFACE_COMPLETE,10.691713250151137,106365273.42308718,1.904283035413822,20.36004816177199,,180.13209563993647,19240442122.054947,4.346448631971508,10.0,38.830924320372084,0,s0010_h10_bh09,80.0
1.0731183204167651,ALL_HALO_FLUX_COMPLETE,10,1.2589254117941673,5035701.647176669,0.00026172484058483987,SUBGRID_MASS_FRACTION_TOO_LARGE,119709275.02018176,,False,MATCHING_RADIUS_OUTSIDE_CONSERVATIVE_KEPLER_DOMAIN,NONLOCAL_JUMP_OPERATOR_REQUIRED,10,1.2589254117941673,210,RESOLVED_FP_REPLACEMENT_REQUIRED,440835932.3878554,440835932.3878554,,INTERFACE_COMPLETE,12.345066314842336,86736104.44134416,1.693110978722585,20.901567310717926,,148.96484469544484,19240442122.054947,4.694013040822197,10.0,39.94406689890289,0,s0010_h10_bh10,80.0
0.9950744979242302,ALL_HALO_FLUX_COMPLETE,11,1.5848931924611136,6339572.769844455,0.0003294920527100323,SUBGRID_MASS_FRACTION_TOO_LARGE,150404482.7381098,,False,MATCHING_RADIUS_OUTSIDE_CONSERVATIVE_KEPLER_DOMAIN,NONLOCAL_JUMP_OPERATOR_REQUIRED,10,1.2589254117941673,211,RESOLVED_FP_REPLACEMENT_REQUIRED,538076964.4402366,538076964.4402366,,INTERFACE_COMPLETE,13.959444573148568,70035625.4436885,1.5220531313490557,21.24701632445436,,123.21712599054638,19240442122.054947,5.160539344361295,10.0,41.32604868200496,0,s0010_h10_bh11,80.0
0.9266594167766616,ALL_HALO_FLUX_COMPLETE,12,1.9952623149688797,7981049.259875519,0.0004148059181408829,SUBGRID_MASS_FRACTION_TOO_LARGE,197284767.02192676,,False,MATCHING_RADIUS_OUTSIDE_CONSERVATIVE_KEPLER_DOMAIN,NONLOCAL_JUMP_OPERATOR_REQUIRED,10,1.2589254117941673,212,RESOLVED_FP_REPLACEMENT_REQUIRED,673264863.8342427,673264863.8342427,,INTERFACE_COMPLETE,15.394279113537419,55523470.327753894,1.3775145229087973,21.20584304860936,,110.80288853068619,19240442122.054947,5.8565534785191415,10.0,42.963098651249716,0,s0010_h10_bh12,80.0
0.8662334341979043,ALL_HALO_FLUX_COMPLETE,13,2.51188643150958,10047545.72603832,0.0005222097113101685,SUBGRID_MASS_FRACTION_TOO_LARGE,272577560.9848336,,False,MATCHING_RADIUS_OUTSIDE_CONSERVATIVE_KEPLER_DOMAIN,NONLOCAL_JUMP_OPERATOR_REQUIRED,10,1.2589254117941673,213,RESOLVED_FP_REPLACEMENT_REQUIRED,856104733.1688834,856104733.1688834,,INTERFACE_COMPLETE,16.48285824059565,43688115.310131095,1.2744116310116653,21.005946254131572,,104.41059034016625,19240442122.054947,6.773170950661612,10.0,45.123053461194935,0,s0010_h10_bh13,80.0
0.8114304092841076,ALL_HALO_FLUX_COMPLETE,14,3.1622776601683795,12649110.640673518,0.0006574230758540671,SUBGRID_MASS_FRACTION_TOO_LARGE,399606480.3971674,,False,MATCHING_RADIUS_OUTSIDE_CONSERVATIVE_KEPLER_DOMAIN,NONLOCAL_JUMP_OPERATOR_REQUIRED,10,1.2589254117941673,214,RESOLVED_FP_REPLACEMENT_REQUIRED,1104513684.393487,1104513684.393487,,INTERFACE_COMPLETE,17.062545785746533,33943642.1678669,1.2041859365400207,20.546477676766173,,99.47622275041263,19240442122.054947,8.0672555238324,10.0,47.86081739311101,0,s0010_h10_bh14,80.0
0.7590198362275191,ALL_HALO_FLUX_COMPLETE,15,3.981071705534973,15924286.822139893,0.0008276466164925696,SUBGRID_MASS_FRACTION_TOO_LARGE,624093336.7299368,,False,MATCHING_RADIUS_OUTSIDE_CONSERVATIVE_KEPLER_DOMAIN,NONLOCAL_JUMP_OPERATOR_REQUIRED,10,1.2589254117941673,215,RESOLVED_FP_REPLACEMENT_REQUIRED,1447119075.0386693,1447119075.0386693,,INTERFACE_COMPLETE,17.0191487827385,26048706.539654333,1.1663456348144883,19.850209891005363,,93.99560385097595,19240442122.054947,9.930661663277359,10.0,51.32868080325999,0,s0010_h10_bh15,80.0
0.7050991344231081,ALL_HALO_FLUX_COMPLETE,16,5.011872336272724,20047489.345090896,0.0010419453574879575,SUBGRID_MASS_FRACTION_TOO_LARGE,1037273990.7075539,,False,MATCHING_RADIUS_OUTSIDE_CONSERVATIVE_KEPLER_DOMAIN,NONLOCAL_JUMP_OPERATOR_REQUIRED,10,1.2589254117941673,216,RESOLVED_FP_REPLACEMENT_REQUIRED,1929786836.9799173,1929786836.9799173,,INTERFACE_COMPLETE,16.330726200390977,19787855.726275183,1.1624443685265027,18.9835607055927,,89.65419656169887,19240442122.054947,12.643785060912561,10.0,55.6758177375631,0,s0010_h10_bh16,80.0
0.6458977070531485,ALL_HALO_FLUX_COMPLETE,17,6.309573444801933,25238293.779207733,0.0013117314882425473,SUBGRID_MASS_FRACTION_TOO_LARGE,1822346770.7752473,,False,MATCHING_RADIUS_OUTSIDE_CONSERVATIVE_KEPLER_DOMAIN,NONLOCAL_JUMP_OPERATOR_REQUIRED,10,1.2589254117941673,217,RESOLVED_FP_REPLACEMENT_REQUIRED,2627626116.2922497,2627626116.2922497,,INTERFACE_COMPLETE,15.085781016677071,14940208.161297815,1.196100823608098,18.044115098818857,,84.60482932798641,19240442122.054947,16.601004007646697,10.0,61.02368507410784,0,s0010_h10_bh17,80.0
0.579129185723895,ALL_HALO_FLUX_COMPLETE,18,7.943282347242816,31773129.38897126,0.0016513721039991248,SUBGRID_MASS_FRACTION_TOO_LARGE,3345277716.1678753,,False,MATCHING_RADIUS_OUTSIDE_CONSERVATIVE_KEPLER_DOMAIN,NONLOCAL_JUMP_OPERATOR_REQUIRED,10,1.2589254117941673,218,RESOLVED_FP_REPLACEMENT_REQUIRED,3669679995.4612384,3669679995.4612384,,INTERFACE_COMPLETE,13.45950420058629,11270859.479792483,1.273230146779511,17.137046508891927,,77.19800188529142,19240442122.054947,22.325953643676932,10.0,67.44129188539326,0,s0010_h10_bh18,80.0
0.5051831302487911,ALL_HALO_FLUX_COMPLETE,19,10.0,40000000.0,0.0020789543060524985,SUBGRID_MASS_FRACTION_TOO_LARGE,6326805475.679035,,False,MATCHING_RADIUS_OUTSIDE_CONSERVATIVE_KEPLER_DOMAIN,NONLOCAL_JUMP_OPERATOR_REQUIRED,10,1.2589254117941673,219,RESOLVED_FP_REPLACEMENT_REQUIRED,6326805475.679035,6326805475.679035,,INTERFACE_COMPLETE,11.657865005642064,8540776.07779645,1.4023526961744686,16.348438422300134,,7.683027800460072,19240442122.054947,30.469587659986548,10.0,74.92946431974697,0,s0010_h10_bh19,80.0
2.8427564481897547,ALL_HALO_FLUX_COMPLETE,0,0.1,400000.0,1.6513721039991246e-05,SUBGRID_MASS_FRACTION_TOO_LARGE,28200615.044462863,,False,MATCHING_RADIUS_OUTSIDE_CONSERVATIVE_KEPLER_DOMAIN,NONLOCAL_JUMP_OPERATOR_REQUIRED,11,1.5848931924611136,220,RESOLVED_FP_REPLACEMENT_REQUIRED,303790478.7125694,303790478.7125694,,INTERFACE_COMPLETE,1.2561119464797748,620779187.8533933,9.459926072736387,11.882726152779675,,300.44251134906415,24222281521.609863,3.114219619948119,10.0,37.20326119412481,0,s0010_h11_bh00,80.0
2.646274462495675,ALL_HALO_FLUX_COMPLETE,1,0.1291549665014884,516619.8660059536,2.1328290877349937e-05,SUBGRID_MASS_FRACTION_TOO_LARGE,33770783.8528806,,False,MATCHING_RADIUS_OUTSIDE_CONSERVATIVE_KEPLER_DOMAIN,NONLOCAL_JUMP_OPERATOR_REQUIRED,11,1.5848931924611136,221,RESOLVED_FP_REPLACEMENT_REQUIRED,308141065.669229,308141065.669229,,INTERFACE_COMPLETE,1.6093573534916603,518694415.654561,7.967996504121737,12.823353766504159,,300.27597320441964,24222281521.609863,3.1536633005186054,10.0,37.364893274066176,0,s0010_h11_bh01,80.0
2.4463661600899336,ALL_HALO_FLUX_COMPLETE,2,0.16681005372000587,667240.2148800235,2.754654693798131e-05,SUBGRID_MASS_FRACTION_TOO_LARGE,40111228.49673876,,False,MATCHING_RADIUS_OUTSIDE_CONSERVATIVE_KEPLER_DOMAIN,NONLOCAL_JUMP_OPERATOR_REQUIRED,11,1.5848931924611136,222,RESOLVED_FP_REPLACEMENT_REQUIRED,313775784.8035204,313775784.8035204,,INTERFACE_COMPLETE,2.0571366842911596,432635097.77284765,6.715212532891489,13.814110044222838,,300.0610898226457,24222281521.609863,3.2016974173946737,10.0,37.56083859915254,0,s0010_h11_bh02,80.0
2.2476556237923426,ALL_HALO_FLUX_COMPLETE,3,0.21544346900318834,861773.8760127533,3.557773347006653e-05,SUBGRID_MASS_FRACTION_TOO_LARGE,47235730.47489546,,False,MATCHING_RADIUS_OUTSIDE_CONSERVATIVE_KEPLER_DOMAIN,NONLOCAL_JUMP_OPERATOR_REQUIRED,11,1.5848931924611136,223,RESOLVED_FP_REPLACEMENT_REQUIRED,321286391.79165566,321286391.79165566,,INTERFACE_COMPLETE,2.621603515672783,360095824.5734276,5.664523049585763,14.850133541403551,,293.59012565592246,24222281521.609863,3.2604374654022683,10.0,37.79914931720602,0,s0010_h11_bh03,80.0
2.054367848419016,ALL_HALO_FLUX_COMPLETE,4,0.2782559402207124,1113023.7608828498,4.5950409745253256e-05,SUBGRID_MASS_FRACTION_TOO_LARGE,55179283.6514864,,False,MATCHING_RADIUS_OUTSIDE_CONSERVATIVE_KEPLER_DOMAIN,NONLOCAL_JUMP_OPERATOR_REQUIRED,11,1.5848931924611136,224,RESOLVED_FP_REPLACEMENT_REQUIRED,331207618.27155095,331207618.27155095,,INTERFACE_COMPLETE,3.3280271857573798,298966840.7191278,4.784753198995879,15.923788723397875,,287.2266054412751,24222281521.609863,3.3326267743987845,10.0,38.090069862311154,0,s0010_h11_bh04,80.0
1.8700251198909492,ALL_HALO_FLUX_COMPLETE,5,0.35938136638046275,1437525.465521851,5.934723631377851e-05,SUBGRID_MASS_FRACTION_TOO_LARGE,64040707.65691205,,False,MATCHING_RADIUS_OUTSIDE_CONSERVATIVE_KEPLER_DOMAIN,NONLOCAL_JUMP_OPERATOR_REQUIRED,11,1.5848931924611136,225,RESOLVED_FP_REPLACEMENT_REQUIRED,344469063.4387541,344469063.4387541,,INTERFACE_COMPLETE,4.203765474891862,247471397.83756894,4.04968299200594,17.023917546051347,,280.9406194913843,24222281521.609863,3.4218653047613428,10.0,38.44670189223938,0,s0010_h11_bh05,80.0
1.6972910866962643,ALL_HALO_FLUX_COMPLETE,6,0.46415888336127786,1856635.5334451115,7.664990318061978e-05,SUBGRID_MASS_FRACTION_TOO_LARGE,74046531.5260854,,False,MATCHING_RADIUS_OUTSIDE_CONSERVATIVE_KEPLER_DOMAIN,NONLOCAL_JUMP_OPERATOR_REQUIRED,11,1.5848931924611136,226,RESOLVED_FP_REPLACEMENT_REQUIRED,362372235.1175538,362372235.1175538,,INTERFACE_COMPLETE,5.275958181987319,204114275.71677983,3.4373016179017273,18.135059594926865,,269.19984635049633,24222281521.609863,3.532943805369558,10.0,38.88592772224984,0,s0010_h11_bh06,80.0
1.5379486561325155,ALL_HALO_FLUX_COMPLETE,7,0.5994842503189409,2397937.001275764,9.899715677635275e-05,SUBGRID_MASS_FRACTION_TOO_LARGE,85640522.84205955,,False,MATCHING_RADIUS_OUTSIDE_CONSERVATIVE_KEPLER_DOMAIN,NONLOCAL_JUMP_OPERATOR_REQUIRED,11,1.5848931924611136,227,RESOLVED_FP_REPLACEMENT_REQUIRED,386915005.6400442,386915005.6400442,,INTERFACE_COMPLETE,6.5672444234958745,167637849.35518208,2.9291770184035273,19.236621439542837,,257.921905436467,24222281521.609863,3.6723682279686503,10.0,39.42967848497904,0,s0010_h11_bh07,80.0
1.3929721458793145,ALL_HALO_FLUX_COMPLETE,8,0.774263682681127,3097054.730724508,0.00012785974467192433,SUBGRID_MASS_FRACTION_TOO_LARGE,99619338.1294221,,False,MATCHING_RADIUS_OUTSIDE_CONSERVATIVE_KEPLER_DOMAIN,NONLOCAL_JUMP_OPERATOR_REQUIRED,11,1.5848931924611136,228,RESOLVED_FP_REPLACEMENT_REQUIRED,421106914.98503697,421106914.98503697,,INTERFACE_COMPLETE,8.08867753815381,136984263.060563,2.509926387703243,20.301985194634753,,242.23500799588453,24222281521.609863,3.849137576288216,10.0,40.10648893121067,0,s0010_h11_bh08,80.0
1.2626459828937142,ALL_HALO_FLUX_COMPLETE,9,1.0,4000000.0,0.00016513721039991246,SUBGRID_MASS_FRACTION_TOO_LARGE,117358876.97791801,,False,MATCHING_RADIUS_OUTSIDE_CONSERVATIVE_KEPLER_DOMAIN,NONLOCAL_JUMP_OPERATOR_REQUIRED,11,1.5848931924611136,229,RESOLVED_FP_REPLACEMENT_REQUIRED,469925523.21358234,469925523.21358234,,INTERFACE_COMPLETE,9.829134661059166,111264116.08670239,2.1667997522299336,21.297766548217652,,223.1360316237612,24222281521.609863,4.076046408061966,10.0,40.95380017566056,0,s0010_h11_bh09,80.0
1.1576544831885427,ALL_HALO_FLUX_COMPLETE,10,1.2589254117941673,5035701.647176669,0.00020789543060524985,SUBGRID_MASS_FRACTION_TOO_LARGE,138468663.86988926,,False,MATCHING_RADIUS_OUTSIDE_CONSERVATIVE_KEPLER_DOMAIN,NONLOCAL_JUMP_OPERATOR_REQUIRED,11,1.5848931924611136,230,RESOLVED_FP_REPLACEMENT_REQUIRED,533351098.66163266,533351098.66163266,,INTERFACE_COMPLETE,11.544646410243297,91713808.34665023,1.9144015263037524,22.101088708406905,,198.12533916688187,24222281521.609863,4.338369061537327,10.0,41.90266354941677,0,s0010_h11_bh10,80.0
1.0637592213455094,ALL_HALO_FLUX_COMPLETE,11,1.5848931924611136,6339572.769844455,0.0002617248405848399,SUBGRID_MASS_FRACTION_TOO_LARGE,167442422.30403066,,False,MATCHING_RADIUS_OUTSIDE_CONSERVATIVE_KEPLER_DOMAIN,NONLOCAL_JUMP_OPERATOR_REQUIRED,11,1.5848931924611136,231,RESOLVED_FP_REPLACEMENT_REQUIRED,626482959.9328295,626482959.9328295,,INTERFACE_COMPLETE,13.32989598405524,75089671.1721485,1.708961906121314,22.78028444930989,,163.74557010684342,24222281521.609863,4.67631296307053,10.0,43.07632494158192,0,s0010_h11_bh11,80.0
0.9801481615264386,ALL_HALO_FLUX_COMPLETE,12,1.9952623149688797,7981049.259875519,0.0003294920527100323,SUBGRID_MASS_FRACTION_TOO_LARGE,209415884.44212762,,False,MATCHING_RADIUS_OUTSIDE_CONSERVATIVE_KEPLER_DOMAIN,NONLOCAL_JUMP_OPERATOR_REQUIRED,11,1.5848931924611136,232,RESOLVED_FP_REPLACEMENT_REQUIRED,763611958.2073908,763611958.2073908,,INTERFACE_COMPLETE,15.07306152997619,60732253.482447736,1.5388520384877018,23.195211461654416,,133.0467922179961,24222281521.609863,5.151113873367047,10.0,44.47921017111935,0,s0010_h11_bh12,80.0
0.9055750886315203,ALL_HALO_FLUX_COMPLETE,13,2.51188643150958,10047545.72603832,0.00041480591814088284,SUBGRID_MASS_FRACTION_TOO_LARGE,273146463.4450055,,False,MATCHING_RADIUS_OUTSIDE_CONSERVATIVE_KEPLER_DOMAIN,NONLOCAL_JUMP_OPERATOR_REQUIRED,11,1.5848931924611136,233,RESOLVED_FP_REPLACEMENT_REQUIRED,953970801.8445622,953970801.8445622,,INTERFACE_COMPLETE,16.622360228737943,48646368.12734872,1.407137938179554,23.389953699944126,,119.64220694960157,24222281521.609863,5.78772712896172,10.0,46.21810580815564,0,s0010_h11_bh13,80.0
0.8383647745406392,ALL_HALO_FLUX_COMPLETE,14,3.1622776601683795,12649110.640673518,0.0005222097113101686,SUBGRID_MASS_FRACTION_TOO_LARGE,374825490.99920315,,False,MATCHING_RADIUS_OUTSIDE_CONSERVATIVE_KEPLER_DOMAIN,NONLOCAL_JUMP_OPERATOR_REQUIRED,11,1.5848931924611136,234,RESOLVED_FP_REPLACEMENT_REQUIRED,1210878825.0024977,1210878825.0024977,,INTERFACE_COMPLETE,17.797780932363576,38611537.47835322,1.3131978968010463,23.372008488105614,,112.73996213328547,24222281521.609863,6.6440324431382045,10.0,48.42723658487557,0,s0010_h11_bh14,80.0
0.7762564116270353,ALL_HALO_FLUX_COMPLETE,15,3.981071705534973,15924286.822139893,0.0006574230758540672,SUBGRID_MASS_FRACTION_TOO_LARGE,545086927.2872671,,False,MATCHING_RADIUS_OUTSIDE_CONSERVATIVE_KEPLER_DOMAIN,NONLOCAL_JUMP_OPERATOR_REQUIRED,11,1.5848931924611136,235,RESOLVED_FP_REPLACEMENT_REQUIRED,1558845447.9027433,1558845447.9027433,,INTERFACE_COMPLETE,18.423713145528453,30324480.55305248,1.2542818773386688,23.10852951172254,,107.41195456807402,24222281521.609863,7.830232791299968,10.0,51.19245130385838,0,s0010_h11_bh15,80.0
0.7163769364264763,ALL_HALO_FLUX_COMPLETE,16,5.011872336272724,20047489.345090896,0.0008276466164925697,SUBGRID_MASS_FRACTION_TOO_LARGE,843454467.9742756,,False,MATCHING_RADIUS_OUTSIDE_CONSERVATIVE_KEPLER_DOMAIN,NONLOCAL_JUMP_OPERATOR_REQUIRED,11,1.5848931924611136,236,RESOLVED_FP_REPLACEMENT_REQUIRED,2036970361.830682,2036970361.830682,,INTERFACE_COMPLETE,18.376854139560773,23574728.55282844,1.2307064387328037,22.616512713211023,,103.4281767490552,24222281521.609863,9.500234210315547,10.0,54.64775378926286,0,s0010_h11_bh16,80.0
0.6555241936861094,ALL_HALO_FLUX_COMPLETE,17,6.309573444801933,25238293.779207733,0.0010419453574879573,SUBGRID_MASS_FRACTION_TOO_LARGE,1387601103.0737786,,False,MATCHING_RADIUS_OUTSIDE_CONSERVATIVE_KEPLER_DOMAIN,NONLOCAL_JUMP_OPERATOR_REQUIRED,11,1.5848931924611136,237,RESOLVED_FP_REPLACEMENT_REQUIRED,2707287178.1547427,2707287178.1547427,,INTERFACE_COMPLETE,17.633512533956438,18174607.693835128,1.244815979117747,21.95047817024205,,98.71332934605036,24222281521.609863,11.872164650969687,10.0,58.922338138722914,0,s0010_h11_bh17,80.0
0.5909294528132933,ALL_HALO_FLUX_COMPLETE,18,7.943282347242816,31773129.38897126,0.0013117314882425473,SUBGRID_MASS_FRACTION_TOO_LARGE,2411555805.265749,,False,MATCHING_RADIUS_OUTSIDE_CONSERVATIVE_KEPLER_DOMAIN,NONLOCAL_JUMP_OPERATOR_REQUIRED,11,1.5848931924611136,238,RESOLVED_FP_REPLACEMENT_REQUIRED,3671325316.0047703,3671325316.0047703,,INTERFACE_COMPLETE,16.289251646122853,13938469.801013136,1.3010467615930037,21.193078102961643,,91.35419332133507,24222281521.609863,15.247167245996852,10.0,64.12669335118656,0,s0010_h11_bh18,80.0
0.5213391844905902,ALL_HALO_FLUX_COMPLETE,19,10.0,40000000.0,0.0016513721039991248,SUBGRID_MASS_FRACTION_TOO_LARGE,4378370829.462027,,False,MATCHING_RADIUS_OUTSIDE_CONSERVATIVE_KEPLER_DOMAIN,NONLOCAL_JUMP_OPERATOR_REQUIRED,11,1.5848931924611136,239,RESOLVED_FP_REPLACEMENT_REQUIRED,5100022296.13579,5100022296.13579,,INTERFACE_COMPLETE,14.533238333038701,10677774.722111035,1.4063625673666595,20.43900237420386,,83.35648501706497,24222281521.609863,20.018113406777193,10.0,70.3282836285499,0,s0010_h11_bh19,80.0
3.035197809701096,ALL_HALO_FLUX_COMPLETE,0,0.1,400000.0,1.3117314882425472e-05,SUBGRID_MASS_FRACTION_TOO_LARGE,33697639.25581526,,False,MATCHING_RADIUS_OUTSIDE_CONSERVATIVE_KEPLER_DOMAIN,NONLOCAL_JUMP_OPERATOR_REQUIRED,12,1.9952623149688797,240,RESOLVED_FP_REPLACEMENT_REQUIRED,425846781.9139311,425846781.9139311,,INTERFACE_COMPLETE,1.0834847036563213,622493869.7615744,10.99743071679371,11.915547961166158,,331.4375834722938,30494045739.186947,3.08542209349372,10.0,40.043190967361106,0,s0010_h12_bh00,80.0
2.843313347873502,ALL_HALO_FLUX_COMPLETE,1,0.1291549665014884,516619.8660059536,1.694166364229137e-05,SUBGRID_MASS_FRACTION_TOO_LARGE,40600723.63898534,,False,MATCHING_RADIUS_OUTSIDE_CONSERVATIVE_KEPLER_DOMAIN,NONLOCAL_JUMP_OPERATOR_REQUIRED,12,1.9952623149688797,241,RESOLVED_FP_REPLACEMENT_REQUIRED,430615595.4926453,430615595.4926453,,INTERFACE_COMPLETE,1.3904737068963748,521041623.44541717,9.264024364737447,12.881382299214811,,324.3943707511219,30494045739.186947,3.1186168687126568,10.0,40.190535188238506,0,s0010_h12_bh01,80.0
2.6436527250559663,ALL_HALO_FLUX_COMPLETE,2,0.16681005372000587,667240.2148800235,2.1881000001996256e-05,SUBGRID_MASS_FRACTION_TOO_LARGE,48561014.97267699,,False,MATCHING_RADIUS_OUTSIDE_CONSERVATIVE_KEPLER_DOMAIN,NONLOCAL_JUMP_OPERATOR_REQUIRED,12,1.9952623149688797,242,RESOLVED_FP_REPLACEMENT_REQUIRED,436919258.1083159,436919258.1083159,,INTERFACE_COMPLETE,1.7811347571462746,435510600.1931282,7.80734037954406,13.905925310877512,,324.20990305418144,30494045739.186947,3.1588682601842715,10.0,40.368528715226795,0,s0010_h12_bh02,80.0
2.440866563018584,ALL_HALO_FLUX_COMPLETE,3,0.21544346900318834,861773.8760127533,2.8260398222768932e-05,SUBGRID_MASS_FRACTION_TOO_LARGE,57598104.4467409,,False,MATCHING_RADIUS_OUTSIDE_CONSERVATIVE_KEPLER_DOMAIN,NONLOCAL_JUMP_OPERATOR_REQUIRED,12,1.9952623149688797,243,RESOLVED_FP_REPLACEMENT_REQUIRED,445083446.52690244,445083446.52690244,,INTERFACE_COMPLETE,2.276099057440495,363409561.43460447,6.584419070874749,14.986790041011236,,323.971892888756,30494045739.186947,3.2078437680401137,10.0,40.584116427510054,0,s0010_h12_bh03,80.0
2.2395776750818337,ALL_HALO_FLUX_COMPLETE,4,0.2782559402207124,1113023.7608828498,3.649970785780444e-05,SUBGRID_MASS_FRACTION_TOO_LARGE,67725811.6274454,,False,MATCHING_RADIUS_OUTSIDE_CONSERVATIVE_KEPLER_DOMAIN,NONLOCAL_JUMP_OPERATOR_REQUIRED,12,1.9952623149688797,244,RESOLVED_FP_REPLACEMENT_REQUIRED,455983750.90146405,455983750.90146405,,INTERFACE_COMPLETE,2.8996472752183737,302640048.0662223,5.5591015828758295,16.119433757448046,,316.977144143844,30494045739.186947,3.2676750941219694,10.0,40.84604333463203,0,s0010_h12_bh04,80.0
2.0439642726885325,ALL_HALO_FLUX_COMPLETE,5,0.35938136638046275,1437525.465521851,4.7141185456888455e-05,SUBGRID_MASS_FRACTION_TOO_LARGE,78990887.23548456,,False,MATCHING_RADIUS_OUTSIDE_CONSERVATIVE_KEPLER_DOMAIN,NONLOCAL_JUMP_OPERATOR_REQUIRED,12,1.9952623149688797,245,RESOLVED_FP_REPLACEMENT_REQUIRED,470388926.2302933,470388926.2302933,,INTERFACE_COMPLETE,3.679357570805494,251434306.77068,4.700965178030505,17.296531817879536,,310.09628066047344,30494045739.186947,3.341109844522416,10.0,41.16537775571224,0,s0010_h12_bh05,80.0
1.857466192791244,ALL_HALO_FLUX_COMPLETE,6,0.46415888336127786,1856635.5334451115,6.088518228524879e-05,SUBGRID_MASS_FRACTION_TOO_LARGE,91533567.75071988,,False,MATCHING_RADIUS_OUTSIDE_CONSERVATIVE_KEPLER_DOMAIN,NONLOCAL_JUMP_OPERATOR_REQUIRED,12,1.9952623149688797,246,RESOLVED_FP_REPLACEMENT_REQUIRED,489645693.73316514,489645693.73316514,,INTERFACE_COMPLETE,4.644887606738811,208303720.42412648,3.9844412155483937,18.507281621880058,,303.2964184008908,30494045739.186947,3.4317353335633367,10.0,41.55619708067256,0,s0010_h12_bh06,80.0
1.6826404643265132,ALL_HALO_FLUX_COMPLETE,7,0.5994842503189409,2397937.001275764,7.863623678488322e-05,SUBGRID_MASS_FRACTION_TOO_LARGE,105679260.15800092,,False,MATCHING_RADIUS_OUTSIDE_CONSERVATIVE_KEPLER_DOMAIN,NONLOCAL_JUMP_OPERATOR_REQUIRED,12,1.9952623149688797,247,RESOLVED_FP_REPLACEMENT_REQUIRED,515703583.97740555,515703583.97740555,,INTERFACE_COMPLETE,5.825306120496504,171995989.1204723,3.388100505408673,19.73672261101444,,290.60346788425676,30494045739.186947,3.544307905210826,10.0,42.03659352791033,0,s0010_h12_bh07,80.0
1.5211481553584225,ALL_HALO_FLUX_COMPLETE,8,0.774263682681127,3097054.730724508,0.00010156260527754701,SUBGRID_MASS_FRACTION_TOO_LARGE,122062983.22804737,,False,MATCHING_RADIUS_OUTSIDE_CONSERVATIVE_KEPLER_DOMAIN,NONLOCAL_JUMP_OPERATOR_REQUIRED,12,1.9952623149688797,248,RESOLVED_FP_REPLACEMENT_REQUIRED,551424673.2979438,551424673.2979438,,INTERFACE_COMPLETE,7.244211878721323,141456853.0116873,2.894014328975939,20.964852979157214,,278.40604501679786,30494045739.186947,3.6852213584349536,10.0,42.62976970388353,0,s0010_h12_bh08,80.0
1.3738329913125522,ALL_HALO_FLUX_COMPLETE,9,1.0,4000000.0,0.00013117314882425473,SUBGRID_MASS_FRACTION_TOO_LARGE,141824199.80228928,,False,MATCHING_RADIUS_OUTSIDE_CONSERVATIVE_KEPLER_DOMAIN,NONLOCAL_JUMP_OPERATOR_REQUIRED,12,1.9952623149688797,249,RESOLVED_FP_REPLACEMENT_REQUIRED,601277855.5311425,601277855.5311425,,INTERFACE_COMPLETE,8.91172387637961,115799910.3299957,2.487284374284431,22.165991545656478,,261.44313170028164,30494045739.186947,3.863265090399915,10.0,43.36577735595014,0,s0010_h12_bh09,80.0
1.2535044492118503,ALL_HALO_FLUX_COMPLETE,10,1.2589254117941673,5035701.647176669,0.00016513721039991246,SUBGRID_MASS_FRACTION_TOO_LARGE,164092774.57296008,,False,MATCHING_RADIUS_OUTSIDE_CONSERVATIVE_KEPLER_DOMAIN,NONLOCAL_JUMP_OPERATOR_REQUIRED,12,1.9952623149688797,250,RESOLVED_FP_REPLACEMENT_REQUIRED,664201987.7962631,664201987.7962631,,INTERFACE_COMPLETE,10.613255474186044,96263695.00187625,2.185711561412956,23.19751519415778,,240.93674476770715,30494045739.186947,4.065366838652282,10.0,44.182235753708305,0,s0010_h12_bh10,80.0
1.1444917326258846,ALL_HALO_FLUX_COMPLETE,11,1.5848931924611136,6339572.769844455,0.00020789543060524985,SUBGRID_MASS_FRACTION_TOO_LARGE,193043293.26657218,,False,MATCHING_RADIUS_OUTSIDE_CONSERVATIVE_KEPLER_DOMAIN,NONLOCAL_JUMP_OPERATOR_REQUIRED,12,1.9952623149688797,251,RESOLVED_FP_REPLACEMENT_REQUIRED,753399653.4949015,753399653.4949015,,INTERFACE_COMPLETE,12.465622451636442,79614765.44194053,1.93757530623677,24.153082239161435,,213.9308202601529,30494045739.186947,4.320192739531539,10.0,45.1821743942119,0,s0010_h12_bh11,80.0
1.046175155957958,ALL_HALO_FLUX_COMPLETE,12,1.9952623149688797,7981049.259875519,0.00026172484058483987,SUBGRID_MASS_FRACTION_TOO_LARGE,232588968.60387662,,False,MATCHING_RADIUS_OUTSIDE_CONSERVATIVE_KEPLER_DOMAIN,NONLOCAL_JUMP_OPERATOR_REQUIRED,12,1.9952623149688797,252,RESOLVED_FP_REPLACEMENT_REQUIRED,884116936.7529835,884116936.7529835,,INTERFACE_COMPLETE,14.393290599994728,65456460.10683593,1.7368861863964469,24.99950761992067,,176.80839954256123,30494045739.186947,4.645922693083253,10.0,46.41175813729424,0,s0010_h12_bh12,80.0
0.9576759881107185,ALL_HALO_FLUX_COMPLETE,13,2.51188643150958,10047545.72603832,0.00032949205271003227,SUBGRID_MASS_FRACTION_TOO_LARGE,289586630.88997346,,False,MATCHING_RADIUS_OUTSIDE_CONSERVATIVE_KEPLER_DOMAIN,NONLOCAL_JUMP_OPERATOR_REQUIRED,12,1.9952623149688797,253,RESOLVED_FP_REPLACEMENT_REQUIRED,1076122504.2211924,1076122504.2211924,,INTERFACE_COMPLETE,16.2755174603056,53159250.769143395,1.5704459220743068,25.55982002518611,,143.66062166436788,30494045739.186947,5.107671768308254,10.0,47.84791340502998,0,s0010_h12_bh13,80.0
0.877717194221973,ALL_HALO_FLUX_COMPLETE,14,3.1622776601683795,12649110.640673518,0.00041480591814088284,SUBGRID_MASS_FRACTION_TOO_LARGE,375638715.8437915,,False,MATCHING_RADIUS_OUTSIDE_CONSERVATIVE_KEPLER_DOMAIN,NONLOCAL_JUMP_OPERATOR_REQUIRED,12,1.9952623149688797,254,RESOLVED_FP_REPLACEMENT_REQUIRED,1342282705.982119,1342282705.982119,,INTERFACE_COMPLETE,17.948411714255077,42922936.03238098,1.4475792130867888,25.981747705479066,,129.18668343025087,30494045739.186947,5.698302529446927,10.0,49.66167657016023,0,s0010_h12_bh14,80.0
0.8046687875093881,ALL_HALO_FLUX_COMPLETE,15,3.981071705534973,15924286.822139893,0.0005222097113101686,SUBGRID_MASS_FRACTION_TOO_LARGE,512057445.85119885,,False,MATCHING_RADIUS_OUTSIDE_CONSERVATIVE_KEPLER_DOMAIN,NONLOCAL_JUMP_OPERATOR_REQUIRED,12,1.9952623149688797,255,RESOLVED_FP_REPLACEMENT_REQUIRED,1700721840.137339,1700721840.137339,,INTERFACE_COMPLETE,19.217601795316128,34357501.66292583,1.362389620180777,26.181861210706156,,121.73381091328756,30494045739.186947,6.491158491703326,10.0,51.90843231934327,0,s0010_h12_bh15,80.0
0.7364636487286779,ALL_HALO_FLUX_COMPLETE,16,5.011872336272724,20047489.345090896,0.0006574230758540672,SUBGRID_MASS_FRACTION_TOO_LARGE,738854287.9166732,,False,MATCHING_RADIUS_OUTSIDE_CONSERVATIVE_KEPLER_DOMAIN,NONLOCAL_JUMP_OPERATOR_REQUIRED,12,1.9952623149688797,256,RESOLVED_FP_REPLACEMENT_REQUIRED,2184711757.5411925,2184711757.5411925,,INTERFACE_COMPLETE,19.893467852392224,27257851.715559553,1.3144984197089924,26.14993205450122,,115.98076067967882,30494045739.186947,7.570998928341339,10.0,54.69159932346727,0,s0010_h12_bh16,80.0
0.6706514148319291,ALL_HALO_FLUX_COMPLETE,17,6.309573444801933,25238293.779207733,0.0008276466164925695,SUBGRID_MASS_FRACTION_TOO_LARGE,1133124759.9577358,,False,MATCHING_RADIUS_OUTSIDE_CONSERVATIVE_KEPLER_DOMAIN,NONLOCAL_JUMP_OPERATOR_REQUIRED,12,1.9952623149688797,257,RESOLVED_FP_REPLACEMENT_REQUIRED,2847472858.126039,2847472858.126039,,INTERFACE_COMPLETE,19.842870661617102,21444411.844668917,1.3052346002532895,25.899601355893523,,111.6791763384705,30494045739.186947,9.059700826457428,10.0,58.12673248179832,0,s0010_h12_bh17,80.0
0.604719411082069,ALL_HALO_FLUX_COMPLETE,18,7.943282347242816,31773129.38897126,0.0010419453574879573,SUBGRID_MASS_FRACTION_TOO_LARGE,1845936052.2113805,,False,MATCHING_RADIUS_OUTSIDE_CONSERVATIVE_KEPLER_DOMAIN,NONLOCAL_JUMP_OPERATOR_REQUIRED,12,1.9952623149688797,258,RESOLVED_FP_REPLACEMENT_REQUIRED,3772420839.2843,3772420839.2843,,INTERFACE_COMPLETE,19.0402288587605,16754597.742942601,1.3379527649949108,25.474926847714507,,106.58820121854014,30494045739.186947,11.127020639049285,10.0,62.32844750251839,0,s0010_h12_bh18,80.0
0.536761438088023,ALL_HALO_FLUX_COMPLETE,19,10.0,40000000.0,0.0013117314882425473,SUBGRID_MASS_FRACTION_TOO_LARGE,3175004749.346097,,False,MATCHING_RADIUS_OUTSIDE_CONSERVATIVE_KEPLER_DOMAIN,NONLOCAL_JUMP_OPERATOR_REQUIRED,12,1.9952623149688797,259,RESOLVED_FP_REPLACEMENT_REQUIRED,5094787204.904552,5094787204.904552,,INTERFACE_COMPLETE,17.588729340389282,13032465.680891316,1.4183096708726823,24.946264921836214,,100.66162879499663,30494045739.186947,14.001399289985013,10.0,67.39437514449465,0,s0010_h12_bh19,80.0
3.1990523184191453,ALL_HALO_FLUX_COMPLETE,0,0.1,400000.0,1.0419453574879573e-05,SUBGRID_MASS_FRACTION_TOO_LARGE,39822191.675452396,,False,MATCHING_RADIUS_OUTSIDE_CONSERVATIVE_KEPLER_DOMAIN,NONLOCAL_JUMP_OPERATOR_REQUIRED,13,2.51188643150958,260,RESOLVED_FP_REPLACEMENT_REQUIRED,593994362.4599981,593994362.4599981,,INTERFACE_COMPLETE,0.9334945123574734,626524266.8492768,12.847098913048088,11.992696335044052,,357.98748911090036,38389729089.47609,3.0603557687567533,10.0,43.11714756902511,0,s0010_h13_bh00,80.0
3.0168063161640197,ALL_HALO_FLUX_COMPLETE,1,0.1291549665014884,516619.8660059536,1.3457241774273848e-05,SUBGRID_MASS_FRACTION_TOO_LARGE,48218565.73812921,,False,MATCHING_RADIUS_OUTSIDE_CONSERVATIVE_KEPLER_DOMAIN,NONLOCAL_JUMP_OPERATOR_REQUIRED,13,2.51188643150958,261,RESOLVED_FP_REPLACEMENT_REQUIRED,599246704.984508,599246704.984508,,INTERFACE_COMPLETE,1.19955693919636,525189070.822012,10.823927228135746,12.983917015866657,,357.86428739501144,38389729089.47609,3.0882380191485788,10.0,43.2511843122939,0,s0010_h13_bh01,80.0
2.8228247299205607,ALL_HALO_FLUX_COMPLETE,2,0.16681005372000587,667240.2148800235,1.738069610558769e-05,SUBGRID_MASS_FRACTION_TOO_LARGE,58036524.63992826,,False,MATCHING_RADIUS_OUTSIDE_CONSERVATIVE_KEPLER_DOMAIN,NONLOCAL_JUMP_OPERATOR_REQUIRED,13,2.51188643150958,262,RESOLVED_FP_REPLACEMENT_REQUIRED,606116661.7632744,606116661.7632744,,INTERFACE_COMPLETE,1.5391791509718507,439752283.1633841,9.12263068207981,14.041362947873356,,350.25527377128026,38389729089.47609,3.121923634418003,10.0,43.41261203758462,0,s0010_h13_bh02,80.0
2.6213759343064913,ALL_HALO_FLUX_COMPLETE,3,0.21544346900318834,861773.8760127533,2.2448032232897272e-05,SUBGRID_MASS_FRACTION_TOO_LARGE,69328521.98693879,,False,MATCHING_RADIUS_OUTSIDE_CONSERVATIVE_KEPLER_DOMAIN,NONLOCAL_JUMP_OPERATOR_REQUIRED,13,2.51188643150958,263,RESOLVED_FP_REPLACEMENT_REQUIRED,615186000.9969295,615186000.9969295,,INTERFACE_COMPLETE,1.9712000671896077,367725897.73124516,7.693178072611952,15.164793133634296,,350.05094635502024,38389729089.47609,3.162738062079758,10.0,43.607466669429726,0,s0010_h13_bh03,80.0
2.417120565724701,ALL_HALO_FLUX_COMPLETE,4,0.2782559402207124,1113023.7608828498,2.8992748510641794e-05,SUBGRID_MASS_FRACTION_TOO_LARGE,82113368.47093685,,False,MATCHING_RADIUS_OUTSIDE_CONSERVATIVE_KEPLER_DOMAIN,NONLOCAL_JUMP_OPERATOR_REQUIRED,13,2.51188643150958,264,RESOLVED_FP_REPLACEMENT_REQUIRED,626954501.828097,626954501.828097,,INTERFACE_COMPLETE,2.518290560025773,307011579.3524855,6.493402186085351,16.352273427669456,,342.5647463959868,38389729089.47609,3.212348066012944,10.0,43.84324812706371,0,s0010_h13_bh04,80.0
2.214642542127612,ALL_HALO_FLUX_COMPLETE,5,0.35938136638046275,1437525.465521851,3.7445574626780185e-05,SUBGRID_MASS_FRACTION_TOO_LARGE,96403050.27201974,,False,MATCHING_RADIUS_OUTSIDE_CONSERVATIVE_KEPLER_DOMAIN,NONLOCAL_JUMP_OPERATOR_REQUIRED,13,2.51188643150958,265,RESOLVED_FP_REPLACEMENT_REQUIRED,642640999.0318248,642640999.0318248,,INTERFACE_COMPLETE,3.2070530480308594,255842107.27928707,5.487826538866221,17.599750828535555,,342.22618942285675,38389729089.47609,3.2728765391237555,10.0,44.12936502380922,0,s0010_h13_bh05,80.0
2.018039991487334,ALL_HALO_FLUX_COMPLETE,6,0.46415888336127786,1856635.5334451115,4.836281936550778e-05,SUBGRID_MASS_FRACTION_TOO_LARGE,112259203.68832643,,False,MATCHING_RADIUS_OUTSIDE_CONSERVATIVE_KEPLER_DOMAIN,NONLOCAL_JUMP_OPERATOR_REQUIRED,13,2.51188643150958,266,RESOLVED_FP_REPLACEMENT_REQUIRED,663409471.3705348,663409471.3705348,,INTERFACE_COMPLETE,4.067569697011364,212729211.11653122,4.646626160441599,18.900475763552514,,334.78567089356756,38389729089.47609,3.347052464332464,10.0,44.4776992000477,0,s0010_h13_bh06,80.0
1.8306442348813736,ALL_HALO_FLUX_COMPLETE,7,0.5994842503189409,2397937.001275764,6.246298315069691e-05,SUBGRID_MASS_FRACTION_TOO_LARGE,129879855.43116935,,False,MATCHING_RADIUS_OUTSIDE_CONSERVATIVE_KEPLER_DOMAIN,NONLOCAL_JUMP_OPERATOR_REQUIRED,13,2.51188643150958,267,RESOLVED_FP_REPLACEMENT_REQUIRED,691174676.7328818,691174676.7328818,,INTERFACE_COMPLETE,5.131962808203872,176418989.06045523,3.9447414786651773,20.24426655648884,,327.4296065796905,38389729089.47609,3.438411452347811,10.0,44.90325134256607,0,s0010_h13_bh07,80.0
1.6548883964327261,ALL_HALO_FLUX_COMPLETE,8,0.774263682681127,3097054.730724508,8.067404496411293e-05,SUBGRID_MASS_FRACTION_TOO_LARGE,149729251.10092747,,False,MATCHING_RADIUS_OUTSIDE_CONSERVATIVE_KEPLER_DOMAIN,NONLOCAL_JUMP_OPERATOR_REQUIRED,13,2.51188643150958,268,RESOLVED_FP_REPLACEMENT_REQUIRED,728831949.219778,728831949.219778,,INTERFACE_COMPLETE,6.431313233450584,145856803.7814933,3.3612039043746123,21.616955150530213,,313.70685243995706,38389729089.47609,3.551606838128345,10.0,45.42517850847272,0,s0010_h13_bh08,80.0
1.492304136101123,ALL_HALO_FLUX_COMPLETE,9,1.0,4000000.0,0.00010419453574879574,SUBGRID_MASS_FRACTION_TOO_LARGE,172709525.74368495,,False,MATCHING_RADIUS_OUTSIDE_CONSERVATIVE_KEPLER_DOMAIN,NONLOCAL_JUMP_OPERATOR_REQUIRED,13,2.51188643150958,269,RESOLVED_FP_REPLACEMENT_REQUIRED,780451832.9770882,780451832.9770882,,INTERFACE_COMPLETE,7.9901032247013655,120154571.75644352,2.878504084472044,22.99954476765613,,300.51447985239713,38389729089.47609,3.6928610260953594,10.0,46.06788269299502,0,s0010_h13_bh09,80.0
1.3578467162801011,ALL_HALO_FLUX_COMPLETE,10,1.2589254117941673,5035701.647176669,0.00013117314882425476,SUBGRID_MASS_FRACTION_TOO_LARGE,197386105.2676855,,False,MATCHING_RADIUS_OUTSIDE_CONSERVATIVE_KEPLER_DOMAIN,NONLOCAL_JUMP_OPERATOR_REQUIRED,13,2.51188643150958,270,RESOLVED_FP_REPLACEMENT_REQUIRED,844254776.6514033,844254776.6514033,,INTERFACE_COMPLETE,9.622658095237522,100558007.23773475,2.5182598621516914,24.2323536484457,,282.2997999711364,38389729089.47609,3.850906302168235,10.0,46.77529778081983,0,s0010_h13_bh10,80.0
1.2346845972299478,ALL_HALO_FLUX_COMPLETE,11,1.5848931924611136,6339572.769844455,0.00016513721039991251,SUBGRID_MASS_FRACTION_TOO_LARGE,227850068.7418925,,False,MATCHING_RADIUS_OUTSIDE_CONSERVATIVE_KEPLER_DOMAIN,NONLOCAL_JUMP_OPERATOR_REQUIRED,13,2.51188643150958,271,RESOLVED_FP_REPLACEMENT_REQUIRED,932222534.1290873,932222534.1290873,,INTERFACE_COMPLETE,11.459929652464709,83828788.51216565,2.2191679844124956,25.4315089883691,,260.1575126922613,38389729089.47609,4.046914291425564,10.0,47.63458470776721,0,s0010_h13_bh11,80.0
1.1224778648825529,ALL_HALO_FLUX_COMPLETE,12,1.9952623149688797,7981049.259875519,0.00020789543060524988,SUBGRID_MASS_FRACTION_TOO_LARGE,267279095.1430361,,False,MATCHING_RADIUS_OUTSIDE_CONSERVATIVE_KEPLER_DOMAIN,NONLOCAL_JUMP_OPERATOR_REQUIRED,13,2.51188643150958,272,RESOLVED_FP_REPLACEMENT_REQUIRED,1056790367.1774005,1056790367.1774005,,INTERFACE_COMPLETE,13.460069506231697,69570458.39330749,1.9740425180388828,26.57074950106,,230.99718617330612,38389729089.47609,4.292449616685653,10.0,48.68192702264976,0,s0010_h13_bh12,80.0
1.0205658623433862,ALL_HALO_FLUX_COMPLETE,13,2.51188643150958,10047545.72603832,0.00026172484058483987,SUBGRID_MASS_FRACTION_TOO_LARGE,320885950.3205517,,False,MATCHING_RADIUS_OUTSIDE_CONSERVATIVE_KEPLER_DOMAIN,NONLOCAL_JUMP_OPERATOR_REQUIRED,13,2.51188643150958,273,RESOLVED_FP_REPLACEMENT_REQUIRED,1238983084.3669763,1238983084.3669763,,INTERFACE_COMPLETE,15.54151769403923,57441335.86678422,1.7770925423595083,27.61871519102546,,190.91331831697067,38389729089.47609,4.603872538620511,10.0,49.96260652322076,0,s0010_h13_bh13,80.0
0.9280474078241113,ALL_HALO_FLUX_COMPLETE,14,3.1622776601683795,12649110.640673518,0.0003294920527100324,SUBGRID_MASS_FRACTION_TOO_LARGE,397768543.0736303,,False,MATCHING_RADIUS_OUTSIDE_CONSERVATIVE_KEPLER_DOMAIN,NONLOCAL_JUMP_OPERATOR_REQUIRED,13,2.51188643150958,274,RESOLVED_FP_REPLACEMENT_REQUIRED,1506030673.1463327,1506030673.1463327,,INTERFACE_COMPLETE,17.57389950766898,46916847.11725682,1.6159935413045483,28.399308099928252,,157.87134238681773,38389729089.47609,5.038411627195198,10.0,51.445467057959554,0,s0010_h13_bh14,80.0
0.8436728665125268,ALL_HALO_FLUX_COMPLETE,15,3.981071705534973,15924286.822139893,0.00041480591814088295,SUBGRID_MASS_FRACTION_TOO_LARGE,513206895.9897951,,False,MATCHING_RADIUS_OUTSIDE_CONSERVATIVE_KEPLER_DOMAIN,NONLOCAL_JUMP_OPERATOR_REQUIRED,13,2.51188643150958,275,RESOLVED_FP_REPLACEMENT_REQUIRED,1875617651.4504545,1875617651.4504545,,INTERFACE_COMPLETE,19.380249172284405,38128166.68419352,1.4992204836066956,29.055266536490485,,141.98095213236482,38389729089.47609,5.590777312593988,10.0,53.30499835916393,0,s0010_h13_bh15,80.0
0.765924651971742,ALL_HALO_FLUX_COMPLETE,16,5.011872336272724,20047489.345090896,0.0005222097113101688,SUBGRID_MASS_FRACTION_TOO_LARGE,695096160.8417563,,False,MATCHING_RADIUS_OUTSIDE_CONSERVATIVE_KEPLER_DOMAIN,NONLOCAL_JUMP_OPERATOR_REQUIRED,13,2.51188643150958,276,RESOLVED_FP_REPLACEMENT_REQUIRED,2372235849.921883,2372235849.921883,,INTERFACE_COMPLETE,20.75068909808663,30764260.499915097,1.4223055239858342,29.513819730721245,,133.82838430724584,38389729089.47609,6.320020752851348,10.0,55.58190525912059,0,s0010_h13_bh16,80.0
0.6929906476814495,ALL_HALO_FLUX_COMPLETE,17,6.309573444801933,25238293.779207733,0.0006574230758540672,SUBGRID_MASS_FRACTION_TOO_LARGE,995422573.360169,,False,MATCHING_RADIUS_OUTSIDE_CONSERVATIVE_KEPLER_DOMAIN,NONLOCAL_JUMP_OPERATOR_REQUIRED,13,2.51188643150958,277,RESOLVED_FP_REPLACEMENT_REQUIRED,3041001470.3821206,3041001470.3821206,,INTERFACE_COMPLETE,21.480472479577795,24639161.166331515,1.3853548475054254,29.75807667628998,,127.55463331513565,38389729089.47609,7.296866095890187,10.0,58.374356183837214,0,s0010_h13_bh17,80.0
0.62286755561257,ALL_HALO_FLUX_COMPLETE,18,7.943282347242816,31773129.38897126,0.0008276466164925697,SUBGRID_MASS_FRACTION_TOO_LARGE,1513560897.338349,,False,MATCHING_RADIUS_OUTSIDE_CONSERVATIVE_KEPLER_DOMAIN,NONLOCAL_JUMP_OPERATOR_REQUIRED,13,2.51188643150958,278,RESOLVED_FP_REPLACEMENT_REQUIRED,3953049201.0352974,3953049201.0352974,,INTERFACE_COMPLETE,21.425838889695275,19597496.70089958,1.3907264202937601,29.79748022085674,,122.88638500270241,38389729089.47609,8.617527773724794,10.0,61.78292047818558,0,s0010_h13_bh18,80.0
0.5536766822488085,ALL_HALO_FLUX_COMPLETE,19,10.0,40000000.0,0.0010419453574879573,SUBGRID_MASS_FRACTION_TOO_LARGE,2442601714.619102,,False,MATCHING_RADIUS_OUTSIDE_CONSERVATIVE_KEPLER_DOMAIN,NONLOCAL_JUMP_OPERATOR_REQUIRED,13,2.51188643150958,279,RESOLVED_FP_REPLACEMENT_REQUIRED,5220428646.767476,5220428646.767476,,INTERFACE_COMPLETE,20.55916620672501,15499045.983608833,1.4430401323049526,29.66770192303197,,115.09129227296737,38389729089.47609,10.413617909375791,10.0,65.91033261573904,0,s0010_h13_bh19,80.0
3.3269762263645886,ALL_HALO_FLUX_COMPLETE,0,0.1,400000.0,8.276466164925693e-06,SUBGRID_MASS_FRACTION_TOO_LARGE,46601351.95518902,,False,MATCHING_RADIUS_OUTSIDE_CONSERVATIVE_KEPLER_DOMAIN,NONLOCAL_JUMP_OPERATOR_REQUIRED,14,3.1622776601683795,280,RESOLVED_FP_REPLACEMENT_REQUIRED,824074978.7374396,824074978.7374396,,INTERFACE_COMPLETE,0.8035242438681958,633166721.567805,15.083357900843836,12.11984375226892,,386.6398869221239,48329805502.635216,3.038574870533172,10.0,46.44356112738303,0,s0010_h14_bh00,80.0
3.158651390399549,ALL_HALO_FLUX_COMPLETE,1,0.1291549665014884,516619.8660059536,1.06894671028168e-05,SUBGRID_MASS_FRACTION_TOO_LARGE,56624763.857816175,,False,MATCHING_RADIUS_OUTSIDE_CONSERVATIVE_KEPLER_DOMAIN,NONLOCAL_JUMP_OPERATOR_REQUIRED,14,3.1622776601683795,281,RESOLVED_FP_REPLACEMENT_REQUIRED,829877734.4924312,829877734.4924312,,INTERFACE_COMPLETE,1.0336189377376392,531410232.5732754,12.710408430930071,13.137718860589475,,386.53417173423236,48329805502.635216,3.0619352656196552,10.0,46.56515382887477,0,s0010_h14_bh01,80.0
2.975419450157684,ALL_HALO_FLUX_COMPLETE,2,0.16681005372000587,667240.2148800235,1.380597765583066e-05,SUBGRID_MASS_FRACTION_TOO_LARGE,68507991.16595635,,False,MATCHING_RADIUS_OUTSIDE_CONSERVATIVE_KEPLER_DOMAIN,NONLOCAL_JUMP_OPERATOR_REQUIRED,14,3.1622776601683795,282,RESOLVED_FP_REPLACEMENT_REQUIRED,837381777.8428607,837381777.8428607,,INTERFACE_COMPLETE,1.328044364587449,445615018.87389296,10.71391999070193,14.228561066292512,,386.3977011154688,48329805502.635216,3.0900708061700213,10.0,46.711226738933966,0,s0010_h14_bh02,80.0
2.780792388819714,ALL_HALO_FLUX_COMPLETE,3,0.21544346900318834,861773.8760127533,1.7831105816591057e-05,SUBGRID_MASS_FRACTION_TOO_LARGE,82369687.1471805,,False,MATCHING_RADIUS_OUTSIDE_CONSERVATIVE_KEPLER_DOMAIN,NONLOCAL_JUMP_OPERATOR_REQUIRED,14,3.1622776601683795,283,RESOLVED_FP_REPLACEMENT_REQUIRED,847210312.970664,847210312.970664,,INTERFACE_COMPLETE,1.7037558531906836,373282387.76133984,9.035296568874507,15.39393941453364,,378.1773259793722,48329805502.635216,3.1240376981885443,10.0,46.88703529685658,0,s0010_h14_bh03,80.0
2.5790598722280302,ALL_HALO_FLUX_COMPLETE,4,0.2782559402207124,1113023.7608828498,2.3029758744263134e-05,SUBGRID_MASS_FRACTION_TOO_LARGE,98270727.25573196,,False,MATCHING_RADIUS_OUTSIDE_CONSERVATIVE_KEPLER_DOMAIN,NONLOCAL_JUMP_OPERATOR_REQUIRED,14,3.1622776601683795,284,RESOLVED_FP_REPLACEMENT_REQUIRED,860167753.935693,860167753.935693,,INTERFACE_COMPLETE,2.1814940483528624,312304361.225683,7.6251326137850155,16.634181414873318,,377.95100231302536,48329805502.635216,3.1651511086998565,10.0,47.0990551945117,0,s0010_h14_bh04,80.0
2.374853046441388,ALL_HALO_FLUX_COMPLETE,5,0.35938136638046275,1437525.465521851,2.9744077191526644e-05,SUBGRID_MASS_FRACTION_TOO_LARGE,116224556.85778269,,False,MATCHING_RADIUS_OUTSIDE_CONSERVATIVE_KEPLER_DOMAIN,NONLOCAL_JUMP_OPERATOR_REQUIRED,14,3.1622776601683795,285,RESOLVED_FP_REPLACEMENT_REQUIRED,877018926.628077,877018926.628077,,INTERFACE_COMPLETE,2.786165137352459,260905093.86377302,6.441843953208572,17.94804104269447,,369.8603887644341,48329805502.635216,3.2150654838648407,10.0,47.35533871231912,0,s0010_h14_bh05,80.0
2.172679068479008,ALL_HALO_FLUX_COMPLETE,6,0.46415888336127786,1856635.5334451115,3.841595293289308e-05,SUBGRID_MASS_FRACTION_TOO_LARGE,136238231.97067901,,False,MATCHING_RADIUS_OUTSIDE_CONSERVATIVE_KEPLER_DOMAIN,NONLOCAL_JUMP_OPERATOR_REQUIRED,14,3.1622776601683795,286,RESOLVED_FP_REPLACEMENT_REQUIRED,899430297.597369,899430297.597369,,INTERFACE_COMPLETE,3.546904520419307,217588491.65504235,5.450445866899753,19.33221108360746,,369.4854087713973,48329805502.635216,3.2758772943221466,10.0,47.66595015311306,0,s0010_h14_bh06,80.0
1.9765238359740582,ALL_HALO_FLUX_COMPLETE,7,0.5994842503189409,2397937.001275764,4.96161111417056e-05,SUBGRID_MASS_FRACTION_TOO_LARGE,158392382.0581479,,False,MATCHING_RADIUS_OUTSIDE_CONSERVATIVE_KEPLER_DOMAIN,NONLOCAL_JUMP_OPERATOR_REQUIRED,14,3.1622776601683795,287,RESOLVED_FP_REPLACEMENT_REQUIRED,929163396.008725,929163396.008725,,INTERFACE_COMPLETE,4.496507501231183,181093923.60137486,4.621524652094507,20.780720265267785,,361.4394373553657,48329805502.635216,3.350259379051258,10.0,48.043492070318784,0,s0010_h14_bh07,80.0
1.7895864306284868,ALL_HALO_FLUX_COMPLETE,8,0.774263682681127,3097054.730724508,6.408167172441112e-05,SUBGRID_MASS_FRACTION_TOO_LARGE,182965885.26780522,,False,MATCHING_RADIUS_OUTSIDE_CONSERVATIVE_KEPLER_DOMAIN,NONLOCAL_JUMP_OPERATOR_REQUIRED,14,3.1622776601683795,288,RESOLVED_FP_REPLACEMENT_REQUIRED,968915536.5217208,968915536.5217208,,INTERFACE_COMPLETE,5.66973233069865,150360286.810356,3.9304150877479263,22.28440149607019,,353.4813324440918,48329805502.635216,3.4416661495287437,10.0,48.503869133013055,0,s0010_h14_bh08,80.0
1.6141619754441214,ALL_HALO_FLUX_COMPLETE,9,1.0,4000000.0,8.276466164925694e-05,SUBGRID_MASS_FRACTION_TOO_LARGE,210614725.6572535,,False,MATCHING_RADIUS_OUTSIDE_CONSERVATIVE_KEPLER_DOMAIN,NONLOCAL_JUMP_OPERATOR_REQUIRED,14,3.1622776601683795,289,RESOLVED_FP_REPLACEMENT_REQUIRED,1022950796.9232267,1022950796.9232267,,INTERFACE_COMPLETE,7.099751718935152,124494187.37020217,3.3564861024861954,23.830217975708315,,338.644770650565,48329805502.635216,3.554599783541045,10.0,49.06717912821372,0,s0010_h14_bh09,80.0
1.467297213086414,ALL_HALO_FLUX_COMPLETE,10,1.2589254117941673,5035701.647176669,0.00010419453574879572,SUBGRID_MASS_FRACTION_TOO_LARGE,239164980.4894352,,False,MATCHING_RADIUS_OUTSIDE_CONSERVATIVE_KEPLER_DOMAIN,NONLOCAL_JUMP_OPERATOR_REQUIRED,14,3.1622776601683795,290,RESOLVED_FP_REPLACEMENT_REQUIRED,1088528026.7254336,1088528026.7254336,,INTERFACE_COMPLETE,8.627515006467048,104752332.41451994,2.9258827503167977,25.243097335521252,,324.48807126444785,48329805502.635216,3.6795461132336302,10.0,49.68309361977997,0,s0010_h14_bh10,80.0
1.331360803218511,ALL_HALO_FLUX_COMPLETE,11,1.5848931924611136,6339572.769844455,0.00013117314882425473,SUBGRID_MASS_FRACTION_TOO_LARGE,272835397.2246612,,False,MATCHING_RADIUS_OUTSIDE_CONSERVATIVE_KEPLER_DOMAIN,NONLOCAL_JUMP_OPERATOR_REQUIRED,14,3.1622776601683795,291,RESOLVED_FP_REPLACEMENT_REQUIRED,1177160575.1571062,1177160575.1571062,,INTERFACE_COMPLETE,10.390307206809117,87877243.19992442,2.565824666886535,26.659706527759766,,304.82031233891314,48329805502.635216,3.8324941126340044,10.0,50.42617301485562,0,s0010_h14_bh11,80.0
1.2063595781412344,ALL_HALO_FLUX_COMPLETE,12,1.9952623149688797,7981049.259875519,0.00016513721039991246,SUBGRID_MASS_FRACTION_TOO_LARGE,314229715.5252856,,False,MATCHING_RADIUS_OUTSIDE_CONSERVATIVE_KEPLER_DOMAIN,NONLOCAL_JUMP_OPERATOR_REQUIRED,14,3.1622776601683795,292,RESOLVED_FP_REPLACEMENT_REQUIRED,1299286869.4667137,1299286869.4667137,,INTERFACE_COMPLETE,12.37414740075417,73469653.44045079,2.2676271410992,28.059952493912274,,280.9116204980594,48329805502.635216,4.021139365518127,10.0,51.325204974119586,0,s0010_h14_bh12,80.0
1.0919292974294275,ALL_HALO_FLUX_COMPLETE,13,2.51188643150958,10047545.72603832,0.00020789543060524982,SUBGRID_MASS_FRACTION_TOO_LARGE,367571665.4113299,,False,MATCHING_RADIUS_OUTSIDE_CONSERVATIVE_KEPLER_DOMAIN,NONLOCAL_JUMP_OPERATOR_REQUIRED,14,3.1622776601683795,293,RESOLVED_FP_REPLACEMENT_REQUIRED,1472045520.4096384,1472045520.4096384,,INTERFACE_COMPLETE,14.533848736033528,61186940.97062665,2.0242168959689453,29.419662174935965,,249.4250241975255,48329805502.635216,4.255905539448993,10.0,52.415928749052476,0,s0010_h14_bh13,80.0
0.9873998002529518,ALL_HALO_FLUX_COMPLETE,14,3.1622776601683795,12649110.640673518,0.00026172484058483987,SUBGRID_MASS_FRACTION_TOO_LARGE,439762635.75249606,,False,MATCHING_RADIUS_OUTSIDE_CONSERVATIVE_KEPLER_DOMAIN,NONLOCAL_JUMP_OPERATOR_REQUIRED,14,3.1622776601683795,294,RESOLVED_FP_REPLACEMENT_REQUIRED,1724226350.848818,1724226350.848818,,INTERFACE_COMPLETE,16.78134479090013,50686068.727531016,1.8282719143783204,30.68086136670163,,206.14345927622912,48329805502.635216,4.55729674103242,10.0,53.73087649982953,0,s0010_h14_bh14,80.0
0.8918885796032534,ALL_HALO_FLUX_COMPLETE,15,3.981071705534973,15924286.822139893,0.0003294920527100323,SUBGRID_MASS_FRACTION_TOO_LARGE,542803294.83387,,False,MATCHING_RADIUS_OUTSIDE_CONSERVATIVE_KEPLER_DOMAIN,NONLOCAL_JUMP_OPERATOR_REQUIRED,14,3.1622776601683795,295,RESOLVED_FP_REPLACEMENT_REQUIRED,2093083660.0328665,2093083660.0328665,,INTERFACE_COMPLETE,18.975860193624072,41668617.82630998,1.6733491330804542,31.75323920445674,,170.4655543526187,48329805502.635216,4.957696298518657,10.0,55.2717286999041,0,s0010_h14_bh15,80.0
0.8042228962367851,ALL_HALO_FLUX_COMPLETE,16,5.011872336272724,20047489.345090896,0.0004148059181408829,SUBGRID_MASS_FRACTION_TOO_LARGE,696703886.6011086,,False,MATCHING_RADIUS_OUTSIDE_CONSERVATIVE_KEPLER_DOMAIN,NONLOCAL_JUMP_OPERATOR_REQUIRED,14,3.1622776601683795,296,RESOLVED_FP_REPLACEMENT_REQUIRED,2602778231.3849187,2602778231.3849187,,INTERFACE_COMPLETE,20.92631169595479,34082252.97544002,1.5624802842405647,32.696949446802094,,153.30750563616738,48329805502.635216,5.468666461176093,10.0,57.16329544776472,0,s0010_h14_bh16,80.0
0.7230474858463329,ALL_HALO_FLUX_COMPLETE,17,6.309573444801933,25238293.779207733,0.0005222097113101686,SUBGRID_MASS_FRACTION_TOO_LARGE,937783016.0278708,,False,MATCHING_RADIUS_OUTSIDE_CONSERVATIVE_KEPLER_DOMAIN,NONLOCAL_JUMP_OPERATOR_REQUIRED,14,3.1622776601683795,297,RESOLVED_FP_REPLACEMENT_REQUIRED,3286238634.447146,3286238634.447146,,INTERFACE_COMPLETE,22.40607868929843,27707998.316439457,1.4935447372269948,33.46448090829559,,144.5045653894114,48329805502.635216,6.135163927283439,10.0,59.46325180545253,0,s0010_h14_bh17,80.0
0.6468388331786166,ALL_HALO_FLUX_COMPLETE,18,7.943282347242816,31773129.38897126,0.0006574230758540671,SUBGRID_MASS_FRACTION_TOO_LARGE,1333253409.7761042,,False,MATCHING_RADIUS_OUTSIDE_CONSERVATIVE_KEPLER_DOMAIN,NONLOCAL_JUMP_OPERATOR_REQUIRED,14,3.1622776601683795,298,RESOLVED_FP_REPLACEMENT_REQUIRED,4203870796.2261405,4203870796.2261405,,INTERFACE_COMPLETE,23.194080658512114,22388237.154484525,1.4676472180981615,34.040727954809675,,137.73032489350234,48329805502.635216,7.013572178124616,10.0,62.2567376603008,0,s0010_h14_bh18,80.0
0.5740299974028028,ALL_HALO_FLUX_COMPLETE,19,10.0,40000000.0,0.0008276466164925695,SUBGRID_MASS_FRACTION_TOO_LARGE,2010627341.3317504,,False,MATCHING_RADIUS_OUTSIDE_CONSERVATIVE_KEPLER_DOMAIN,NONLOCAL_JUMP_OPERATOR_REQUIRED,14,3.1622776601683795,299,RESOLVED_FP_REPLACEMENT_REQUIRED,5451201692.943132,5451201692.943132,,INTERFACE_COMPLETE,23.135088665127963,17987742.52465422,1.48827927612259,34.431473011568585,,132.689666314158,48329805502.635216,8.17989337104984,10.0,65.63413523081192,0,s0010_h14_bh19,80.0
3.4134347857524534,ALL_HALO_FLUX_COMPLETE,0,0.1,400000.0,6.57423075854067e-06,SUBGRID_MASS_FRACTION_TOO_LARGE,54086423.6175147,,False,MATCHING_RADIUS_OUTSIDE_CONSERVATIVE_KEPLER_DOMAIN,NONLOCAL_JUMP_OPERATOR_REQUIRED,15,3.981071705534973,300,RESOLVED_FP_REPLACEMENT_REQUIRED,1136853792.0905201,1136853792.0905201,,INTERFACE_COMPLETE,0.691141381920706,642736027.1381271,17.801011761632004,12.303015868521085,,417.5647007439214,60843620294.33705,3.019695041490344,10.0,50.0424044284205,0,s0010_h15_bh00,80.0
3.2621856604111805,ALL_HALO_FLUX_COMPLETE,1,0.1291549665014884,516619.8660059536,8.490945533923749e-06,SUBGRID_MASS_FRACTION_TOO_LARGE,65839074.02951184,,False,MATCHING_RADIUS_OUTSIDE_CONSERVATIVE_KEPLER_DOMAIN,NONLOCAL_JUMP_OPERATOR_REQUIRED,15,3.981071705534973,301,RESOLVED_FP_REPLACEMENT_REQUIRED,1143222472.0440085,1143222472.0440085,,INTERFACE_COMPLETE,0.8897907619988007,539990363.5216159,15.003347503672297,13.349840007825376,,417.4739986033429,60843620294.33705,3.0392047508832416,10.0,50.152332603335495,0,s0010_h15_bh01,80.0
3.0939255672818993,ALL_HALO_FLUX_COMPLETE,2,0.16681005372000587,667240.2148800235,1.0966477859998843e-05,SUBGRID_MASS_FRACTION_TOO_LARGE,79954175.17550749,,False,MATCHING_RADIUS_OUTSIDE_CONSERVATIVE_KEPLER_DOMAIN,NONLOCAL_JUMP_OPERATOR_REQUIRED,15,3.981071705534973,302,RESOLVED_FP_REPLACEMENT_REQUIRED,1151455997.8282857,1151455997.8282857,,INTERFACE_COMPLETE,1.1444691279406662,453359476.33023185,12.648521936571118,14.475842870485934,,417.3568965760935,60843620294.33705,3.0626424459937733,10.0,50.28412364979535,0,s0010_h15_bh02,80.0
2.911151072224283,ALL_HALO_FLUX_COMPLETE,3,0.21544346900318834,861773.8760127533,1.4163750806474643e-05,SUBGRID_MASS_FRACTION_TOO_LARGE,96652229.96600078,,False,MATCHING_RADIUS_OUTSIDE_CONSERVATIVE_KEPLER_DOMAIN,NONLOCAL_JUMP_OPERATOR_REQUIRED,15,3.981071705534973,303,RESOLVED_FP_REPLACEMENT_REQUIRED,1162103365.688541,1162103365.688541,,INTERFACE_COMPLETE,1.470272185632918,380319054.5447248,10.667499147996937,15.684127287562747,,417.2057299538587,60843620294.33705,3.0908519163204775,10.0,50.44235949695015,0,s0010_h15_bh03,80.0
2.7174076686408837,ALL_HALO_FLUX_COMPLETE,4,0.2782559402207124,1113023.7608828498,1.829318760945662e-05,SUBGRID_MASS_FRACTION_TOO_LARGE,116082300.10040748,,False,MATCHING_RADIUS_OUTSIDE_CONSERVATIVE_KEPLER_DOMAIN,NONLOCAL_JUMP_OPERATOR_REQUIRED,15,3.981071705534973,304,RESOLVED_FP_REPLACEMENT_REQUIRED,1176068311.8800118,1176068311.8800118,,INTERFACE_COMPLETE,1.8858932141830915,318740079.049284,9.002081962016163,16.976965285686294,,408.32475340306013,60843620294.33705,3.1248762038023066,10.0,50.632652214956735,0,s0010_h15_bh04,80.0
2.5169682142357637,ALL_HALO_FLUX_COMPLETE,5,0.35938136638046275,1437525.465521851,2.3626560329048125e-05,SUBGRID_MASS_FRACTION_TOO_LARGE,138311456.45219687,,False,MATCHING_RADIUS_OUTSIDE_CONSERVATIVE_KEPLER_DOMAIN,NONLOCAL_JUMP_OPERATOR_REQUIRED,15,3.981071705534973,305,RESOLVED_FP_REPLACEMENT_REQUIRED,1194453636.010964,1194453636.010964,,INTERFACE_COMPLETE,2.4141624806543938,266828591.05162,7.603269117324822,18.355527033363835,,408.07406338635,60843620294.33705,3.1660137512943076,10.0,50.8619262539055,0,s0010_h15_bh05,80.0
2.3143945137700697,ALL_HALO_FLUX_COMPLETE,6,0.46415888336127786,1856635.5334451115,3.0514876078436043e-05,SUBGRID_MASS_FRACTION_TOO_LARGE,163341910.65014496,,False,MATCHING_RADIUS_OUTSIDE_CONSERVATIVE_KEPLER_DOMAIN,NONLOCAL_JUMP_OPERATOR_REQUIRED,15,3.981071705534973,306,RESOLVED_FP_REPLACEMENT_REQUIRED,1218416190.519783,1218416190.519783,,INTERFACE_COMPLETE,3.082434486704649,223072819.41062522,6.429813974066051,19.81948033675667,,399.3300454501426,60843620294.33705,3.215889600657485,10.0,51.13876109663572,0,s0010_h15_bh06,80.0
2.1140802158747882,ALL_HALO_FLUX_COMPLETE,7,0.5994842503189409,2397937.001275764,3.941147797707476e-05,SUBGRID_MASS_FRACTION_TOO_LARGE,191169993.03012612,,False,MATCHING_RADIUS_OUTSIDE_CONSERVATIVE_KEPLER_DOMAIN,NONLOCAL_JUMP_OPERATOR_REQUIRED,15,3.981071705534973,307,RESOLVED_FP_REPLACEMENT_REQUIRED,1250215321.5639756,1250215321.5639756,,INTERFACE_COMPLETE,3.922606843007241,186198770.62280095,5.44701718611967,21.366506888251063,,398.9147263322385,60843620294.33705,3.276550402730589,10.0,51.47381806827601,0,s0010_h15_bh07,80.0
1.9198690603146409,ALL_HALO_FLUX_COMPLETE,8,0.774263682681127,3097054.730724508,5.090188117903238e-05,SUBGRID_MASS_FRACTION_TOO_LARGE,221900748.7887693,,False,MATCHING_RADIUS_OUTSIDE_CONSERVATIVE_KEPLER_DOMAIN,NONLOCAL_JUMP_OPERATOR_REQUIRED,15,3.981071705534973,308,RESOLVED_FP_REPLACEMENT_REQUIRED,1292488402.6012866,1292488402.6012866,,INTERFACE_COMPLETE,4.970411827491443,155133492.13632125,4.6257379248240325,22.991822492421093,,390.2137271956697,60843620294.33705,3.350597541607569,10.0,51.880419189740664,0,s0010_h15_bh08,80.0
1.7348072005489634,ALL_HALO_FLUX_COMPLETE,9,1.0,4000000.0,6.57423075854067e-05,SUBGRID_MASS_FRACTION_TOO_LARGE,255925301.74143735,,False,MATCHING_RADIUS_OUTSIDE_CONSERVATIVE_KEPLER_DOMAIN,NONLOCAL_JUMP_OPERATOR_REQUIRED,15,3.981071705534973,309,RESOLVED_FP_REPLACEMENT_REQUIRED,1349108254.8624432,1349108254.8624432,,INTERFACE_COMPLETE,6.263422307713066,128973397.29826753,3.9415531317304002,24.687611812316486,,373.91021140936795,60843620294.33705,3.441363908995296,10.0,52.3752672693169,0,s0010_h15_bh09,80.0
1.5778672184446034,ALL_HALO_FLUX_COMPLETE,10,1.2589254117941673,5035701.647176669,8.276466164925694e-05,SUBGRID_MASS_FRACTION_TOO_LARGE,290109530.65462875,,False,MATCHING_RADIUS_OUTSIDE_CONSERVATIVE_KEPLER_DOMAIN,NONLOCAL_JUMP_OPERATOR_REQUIRED,15,3.981071705534973,310,RESOLVED_FP_REPLACEMENT_REQUIRED,1417241583.2800636,1417241583.2800636,,INTERFACE_COMPLETE,7.6661355647996645,108991656.65330844,3.426065795878179,26.264684845125373,,365.66021220064493,60843620294.33705,3.5408833935543704,10.0,52.91327942845405,0,s0010_h15_bh10,80.0
1.4310416068966665,ALL_HALO_FLUX_COMPLETE,11,1.5848931924611136,6339572.769844455,0.00010419453574879572,SUBGRID_MASS_FRACTION_TOO_LARGE,328957366.2295258,,False,MATCHING_RADIUS_OUTSIDE_CONSERVATIVE_KEPLER_DOMAIN,NONLOCAL_JUMP_OPERATOR_REQUIRED,15,3.981071705534973,311,RESOLVED_FP_REPLACEMENT_REQUIRED,1507763579.0855997,1507763579.0855997,,INTERFACE_COMPLETE,9.315776416592742,91894468.9874165,2.992604026906574,27.878430018056733,,350.3741598229764,60843620294.33705,3.661485791379373,10.0,53.55864895310272,0,s0010_h15_bh11,80.0
1.2947627334979053,ALL_HALO_FLUX_COMPLETE,12,1.9952623149688797,7981049.259875519,0.00013117314882425473,SUBGRID_MASS_FRACTION_TOO_LARGE,374597976.1891065,,False,MATCHING_RADIUS_OUTSIDE_CONSERVATIVE_KEPLER_DOMAIN,NONLOCAL_JUMP_OPERATOR_REQUIRED,15,3.981071705534973,312,RESOLVED_FP_REPLACEMENT_REQUIRED,1630045461.6274366,1630045461.6274366,,INTERFACE_COMPLETE,11.219195650867084,77278389.48313648,2.6307239647220175,29.51460686364107,,329.1374022365327,60843620294.33705,3.8084240580784847,10.0,54.33469529416298,0,s0010_h15_bh12,80.0
1.169020506627296,ALL_HALO_FLUX_COMPLETE,13,2.51188643150958,10047545.72603832,0.00016513721039991243,SUBGRID_MASS_FRACTION_TOO_LARGE,430479052.17052877,,False,MATCHING_RADIUS_OUTSIDE_CONSERVATIVE_KEPLER_DOMAIN,NONLOCAL_JUMP_OPERATOR_REQUIRED,15,3.981071705534973,313,RESOLVED_FP_REPLACEMENT_REQUIRED,1798434235.5634828,1798434235.5634828,,INTERFACE_COMPLETE,13.361297018316346,64796867.60194376,2.3317626074275304,31.155372774043013,,303.3213906230319,60843620294.33705,3.988647043099041,10.0,55.270000243326336,0,s0010_h15_bh13,80.0
1.0534476937801553,ALL_HALO_FLUX_COMPLETE,14,3.1622776601683795,12649110.640673518,0.00020789543060524982,SUBGRID_MASS_FRACTION_TOO_LARGE,502181065.2470026,,False,MATCHING_RADIUS_OUTSIDE_CONSERVATIVE_KEPLER_DOMAIN,NONLOCAL_JUMP_OPERATOR_REQUIRED,15,3.981071705534973,314,RESOLVED_FP_REPLACEMENT_REQUIRED,2036389024.6279607,2036389024.6279607,,INTERFACE_COMPLETE,15.69328887819702,54152273.40762156,2.088726923267636,32.778994994506675,,269.3229459914764,60843620294.33705,4.21148273342924,10.0,56.399803252557504,0,s0010_h15_bh14,80.0
0.9473936266790772,ALL_HALO_FLUX_COMPLETE,15,3.981071705534973,15924286.822139893,0.00026172484058483987,SUBGRID_MASS_FRACTION_TOO_LARGE,598788181.9699239,,False,MATCHING_RADIUS_OUTSIDE_CONSERVATIVE_KEPLER_DOMAIN,NONLOCAL_JUMP_OPERATOR_REQUIRED,15,3.981071705534973,315,RESOLVED_FP_REPLACEMENT_REQUIRED,2383090684.9893494,2383090684.9893494,,INTERFACE_COMPLETE,18.120079295671474,45034223.11075922,1.8939195251611476,34.31797197554046,,226.6111364436178,60843620294.33705,4.496865029279905,10.0,57.74497189834369,0,s0010_h15_bh15,80.0
0.8500297102775283,ALL_HALO_FLUX_COMPLETE,16,5.011872336272724,20047489.345090896,0.0003294920527100323,SUBGRID_MASS_FRACTION_TOO_LARGE,736042374.3964535,,False,MATCHING_RADIUS_OUTSIDE_CONSERVATIVE_KEPLER_DOMAIN,NONLOCAL_JUMP_OPERATOR_REQUIRED,15,3.981071705534973,316,RESOLVED_FP_REPLACEMENT_REQUIRED,2889076799.7638044,2889076799.7638044,,INTERFACE_COMPLETE,20.48966252087836,37239142.860872135,1.7435877577120853,35.72552473105565,,187.33437201905292,60843620294.33705,4.8655960057979275,10.0,59.33675934226105,0,s0010_h15_bh16,80.0
0.7602981612359142,ALL_HALO_FLUX_COMPLETE,17,6.309573444801933,25238293.779207733,0.00041480591814088284,SUBGRID_MASS_FRACTION_TOO_LARGE,940009888.3936062,,False,MATCHING_RADIUS_OUTSIDE_CONSERVATIVE_KEPLER_DOMAIN,NONLOCAL_JUMP_OPERATOR_REQUIRED,15,3.981071705534973,317,RESOLVED_FP_REPLACEMENT_REQUIRED,3587236564.0000625,3587236564.0000625,,INTERFACE_COMPLETE,22.59571160841985,30646356.827282887,1.6380674137604636,37.01329887648159,,165.53763678434925,60843620294.33705,5.335333369686212,10.0,61.254514101831454,0,s0010_h15_bh17,80.0
0.6770374215891419,ALL_HALO_FLUX_COMPLETE,18,7.943282347242816,31773129.38897126,0.0005222097113101685,SUBGRID_MASS_FRACTION_TOO_LARGE,1257741389.1225362,,False,MATCHING_RADIUS_OUTSIDE_CONSERVATIVE_KEPLER_DOMAIN,NONLOCAL_JUMP_OPERATOR_REQUIRED,15,3.981071705534973,318,RESOLVED_FP_REPLACEMENT_REQUIRED,4521513952.520631,4521513952.520631,,INTERFACE_COMPLETE,24.19352725386469,25092831.34665717,1.5769917364769368,38.15299255557417,,156.03244055044635,60843620294.33705,5.940482389845673,10.0,63.56939761789519,0,s0010_h15_bh18,80.0
0.5990208287602137,ALL_HALO_FLUX_COMPLETE,19,10.0,40000000.0,0.000657423075854067,SUBGRID_MASS_FRACTION_TOO_LARGE,1775733198.0238,,False,MATCHING_RADIUS_OUTSIDE_CONSERVATIVE_KEPLER_DOMAIN,NONLOCAL_JUMP_OPERATOR_REQUIRED,15,3.981071705534973,319,RESOLVED_FP_REPLACEMENT_REQUIRED,5772388056.747446,5772388056.747446,,INTERFACE_COMPLETE,25.04439220808689,20443120.749461688,1.562484211373211,39.13146740857403,,151.47592274482247,60843620294.33705,6.7259352765701275,10.0,66.3571787379041,0,s0010_h15_bh19,80.0
3.4551539488471685,ALL_HALO_FLUX_COMPLETE,0,0.1,400000.0,5.222097113101685e-06,SUBGRID_MASS_FRACTION_TOO_LARGE,62365330.00615744,,False,MATCHING_RADIUS_OUTSIDE_CONSERVATIVE_KEPLER_DOMAIN,NONLOCAL_JUMP_OPERATOR_REQUIRED,16,5.011872336272724,320,RESOLVED_FP_REPLACEMENT_REQUIRED,1559333520.31496,1559333520.31496,,INTERFACE_COMPLETE,0.5941294293848071,655575382.2458669,21.121293519153998,12.548782066403989,,450.94510226830056,76597579734.09622,3.003380294928442,10.0,53.93528852553737,0,s0010_h16_bh00,80.0
3.322819035170028,ALL_HALO_FLUX_COMPLETE,1,0.1291549665014884,516619.8660059536,6.744597777101673e-06,SUBGRID_MASS_FRACTION_TOO_LARGE,75915001.29415976,,False,MATCHING_RADIUS_OUTSIDE_CONSERVATIVE_KEPLER_DOMAIN,NONLOCAL_JUMP_OPERATOR_REQUIRED,16,5.011872336272724,321,RESOLVED_FP_REPLACEMENT_REQUIRED,1566277902.3828685,1566277902.3828685,,INTERFACE_COMPLETE,0.7653987808951233,551236442.4663205,17.804927366373057,13.627869700148155,,450.8672861765525,76597579734.09622,3.0196134183654713,10.0,54.03427665983438,0,s0010_h16_bh01,80.0
3.172545115151883,ALL_HALO_FLUX_COMPLETE,2,0.16681005372000587,667240.2148800235,8.710982999675797e-06,SUBGRID_MASS_FRACTION_TOO_LARGE,92380797.55113906,,False,MATCHING_RADIUS_OUTSIDE_CONSERVATIVE_KEPLER_DOMAIN,NONLOCAL_JUMP_OPERATOR_REQUIRED,16,5.011872336272724,322,RESOLVED_FP_REPLACEMENT_REQUIRED,1575253673.8986204,1575253673.8986204,,INTERFACE_COMPLETE,0.9853097343166389,463261099.7120397,15.012541562688247,14.792003338549856,,450.76681348026864,76597579734.09622,3.039072856513851,10.0,54.152753353695694,0,s0010_h16_bh02,80.0
3.0057179818026047,ALL_HALO_FLUX_COMPLETE,3,0.21544346900318834,861773.8760127533,1.1250667175181621e-05,SUBGRID_MASS_FRACTION_TOO_LARGE,112118812.5600518,,False,MATCHING_RADIUS_OUTSIDE_CONSERVATIVE_KEPLER_DOMAIN,NONLOCAL_JUMP_OPERATOR_REQUIRED,16,5.011872336272724,323,RESOLVED_FP_REPLACEMENT_REQUIRED,1586857613.6806593,1586857613.6806593,,INTERFACE_COMPLETE,1.26719223080481,389084466.6339445,12.66233108056031,16.0456075691643,,450.6370988949647,76597579734.09622,3.0624344950373854,10.0,54.29471682061585,0,s0010_h16_bh03,80.0
2.8248813519698635,ALL_HALO_FLUX_COMPLETE,4,0.2782559402207124,1113023.7608828498,1.4530795421299774e-05,SUBGRID_MASS_FRACTION_TOO_LARGE,135417076.31712672,,False,MATCHING_RADIUS_OUTSIDE_CONSERVATIVE_KEPLER_DOMAIN,NONLOCAL_JUMP_OPERATOR_REQUIRED,16,5.011872336272724,324,RESOLVED_FP_REPLACEMENT_REQUIRED,1601863448.2951381,1601863448.2951381,,INTERFACE_COMPLETE,1.627706892386212,326545036.4931272,10.685387321068072,17.39267859031874,,450.46965236012784,76597579734.09622,3.0905295288567736,10.0,54.46505446109418,0,s0010_h16_bh04,80.0
2.633581026164658,ALL_HALO_FLUX_COMPLETE,5,0.35938136638046275,1437525.465521851,1.8767243958779534e-05,SUBGRID_MASS_FRACTION_TOO_LARGE,162460204.05720145,,False,MATCHING_RADIUS_OUTSIDE_CONSERVATIVE_KEPLER_DOMAIN,NONLOCAL_JUMP_OPERATOR_REQUIRED,16,5.011872336272724,325,RESOLVED_FP_REPLACEMENT_REQUIRED,1621571939.431006,1621571939.431006,,INTERFACE_COMPLETE,2.0874601558352985,273819711.5696299,9.023624395286696,18.836456386384366,,440.87485597011414,76597579734.09622,3.124381808900474,10.0,54.66973781954351,0,s0010_h16_bh05,80.0
2.4360347481813154,ALL_HALO_FLUX_COMPLETE,6,0.46415888336127786,1856635.5334451115,2.4238827648214307e-05,SUBGRID_MASS_FRACTION_TOO_LARGE,193317390.78347453,,False,MATCHING_RADIUS_OUTSIDE_CONSERVATIVE_KEPLER_DOMAIN,NONLOCAL_JUMP_OPERATOR_REQUIRED,16,5.011872336272724,326,RESOLVED_FP_REPLACEMENT_REQUIRED,1647483176.1811163,1647483176.1811163,,INTERFACE_COMPLETE,2.6715774218716395,229372741.58114362,7.628157437515981,20.379213180549915,,440.5971813060099,76597579734.09622,3.165262243743879,10.0,54.916125790878645,0,s0010_h16_bh06,80.0
2.236696402691431,ALL_HALO_FLUX_COMPLETE,7,0.5994842503189409,2397937.001275764,3.13056497294047e-05,SUBGRID_MASS_FRACTION_TOO_LARGE,227966780.7781086,,False,MATCHING_RADIUS_OUTSIDE_CONSERVATIVE_KEPLER_DOMAIN,NONLOCAL_JUMP_OPERATOR_REQUIRED,16,5.011872336272724,327,RESOLVED_FP_REPLACEMENT_REQUIRED,1681327434.7656157,1681327434.7656157,,INTERFACE_COMPLETE,3.410094762665973,191908958.52860934,6.457813801067426,22.02175702129207,,431.1467752846251,76597579734.09622,3.2147509222667026,10.0,55.21327009560052,0,s0010_h16_bh07,80.0
2.039811541635578,ALL_HALO_FLUX_COMPLETE,8,0.774263682681127,3097054.730724508,4.043280142108592e-05,SUBGRID_MASS_FRACTION_TOO_LARGE,266387147.4350181,,False,MATCHING_RADIUS_OUTSIDE_CONSERVATIVE_KEPLER_DOMAIN,NONLOCAL_JUMP_OPERATOR_REQUIRED,16,5.011872336272724,328,RESOLVED_FP_REPLACEMENT_REQUIRED,1726143099.8274438,1726143099.8274438,,INTERFACE_COMPLETE,4.3379199276964,160337994.31270444,5.478009038100945,23.763164570479077,,430.68677718414204,76597579734.09622,3.2748313047038553,10.0,55.57241949074998,0,s0010_h16_bh08,80.0
1.8490550030312258,ALL_HALO_FLUX_COMPLETE,9,1.0,4000000.0,5.222097113101685e-05,SUBGRID_MASS_FRACTION_TOO_LARGE,308716079.1603943,,False,MATCHING_RADIUS_OUTSIDE_CONSERVATIVE_KEPLER_DOMAIN,NONLOCAL_JUMP_OPERATOR_REQUIRED,16,5.011872336272724,329,RESOLVED_FP_REPLACEMENT_REQUIRED,1785837491.74868,1785837491.74868,,INTERFACE_COMPLETE,5.49396091396974,133740861.70811054,4.659695010407252,25.600182258197265,,421.27708394580173,76597579734.09622,3.3480049316465497,10.0,56.00753196125857,0,s0010_h16_bh09,80.0
1.6850093059716402,ALL_HALO_FLUX_COMPLETE,10,1.2589254117941673,5035701.647176669,6.574230758540671e-05,SUBGRID_MASS_FRACTION_TOO_LARGE,350591086.09033495,,False,MATCHING_RADIUS_OUTSIDE_CONSERVATIVE_KEPLER_DOMAIN,NONLOCAL_JUMP_OPERATOR_REQUIRED,16,5.011872336272724,330,RESOLVED_FP_REPLACEMENT_REQUIRED,1856769908.5565116,1856769908.5565116,,INTERFACE_COMPLETE,6.763087839037871,113413817.44776575,4.041102636754199,27.3303320989362,,403.7389592205386,76597579734.09622,3.4276668056289528,10.0,56.4783756881562,0,s0010_h16_bh10,80.0
1.5297531666194317,ALL_HALO_FLUX_COMPLETE,11,1.5848931924611136,6339572.769844455,8.276466164925694e-05,SUBGRID_MASS_FRACTION_TOO_LARGE,396963025.7289368,,False,MATCHING_RADIUS_OUTSIDE_CONSERVATIVE_KEPLER_DOMAIN,NONLOCAL_JUMP_OPERATOR_REQUIRED,16,5.011872336272724,331,RESOLVED_FP_REPLACEMENT_REQUIRED,1950239443.981242,1950239443.981242,,INTERFACE_COMPLETE,8.27770277390779,96008306.00831415,3.5186649822447014,29.126462883979173,,394.8308149857356,76597579734.09622,3.5234329894398626,10.0,57.04042574136228,0,s0010_h16_bh11,80.0
1.3842052969260863,ALL_HALO_FLUX_COMPLETE,12,1.9952623149688797,7981049.259875519,0.00010419453574879572,SUBGRID_MASS_FRACTION_TOO_LARGE,449485186.31969225,,False,MATCHING_RADIUS_OUTSIDE_CONSERVATIVE_KEPLER_DOMAIN,NONLOCAL_JUMP_OPERATOR_REQUIRED,16,5.011872336272724,332,RESOLVED_FP_REPLACEMENT_REQUIRED,2074355521.9376256,2074355521.9376256,,INTERFACE_COMPLETE,10.058943992435092,81113913.98937327,3.0797956983060906,30.979492437403486,,378.3253152982891,76597579734.09622,3.6390179084663234,10.0,57.71275901902354,0,s0010_h16_bh12,80.0
1.2487778056097958,ALL_HALO_FLUX_COMPLETE,13,2.51188643150958,10047545.72603832,0.0001311731488242547,SUBGRID_MASS_FRACTION_TOO_LARGE,510961068.3206543,,False,MATCHING_RADIUS_OUTSIDE_CONSERVATIVE_KEPLER_DOMAIN,NONLOCAL_JUMP_OPERATOR_REQUIRED,16,5.011872336272724,333,RESOLVED_FP_REPLACEMENT_REQUIRED,2241928825.6764016,2241928825.6764016,,INTERFACE_COMPLETE,12.114208805101404,68378848.99263082,2.7139739278382473,32.87764685343374,,355.3943919280734,76597579734.09622,3.779178183237808,10.0,58.51868229165409,0,s0010_h16_bh13,80.0
1.123456661689793,ALL_HALO_FLUX_COMPLETE,14,3.1622776601683795,12649110.640673518,0.00016513721039991246,SUBGRID_MASS_FRACTION_TOO_LARGE,585929063.0394728,,False,MATCHING_RADIUS_OUTSIDE_CONSERVATIVE_KEPLER_DOMAIN,NONLOCAL_JUMP_OPERATOR_REQUIRED,16,5.011872336272724,334,RESOLVED_FP_REPLACEMENT_REQUIRED,2472546932.293071,2472546932.293071,,INTERFACE_COMPLETE,14.427196656861332,57500612.32944175,2.4125118655202464,34.80578312087199,,327.51890379745146,76597579734.09622,3.950139234670751,10.0,59.486491120761045,0,s0010_h16_bh14,80.0
1.0078908974222545,ALL_HALO_FLUX_COMPLETE,15,3.981071705534973,15924286.822139893,0.00020789543060524985,SUBGRID_MASS_FRACTION_TOO_LARGE,681720397.6670543,,False,MATCHING_RADIUS_OUTSIDE_CONSERVATIVE_KEPLER_DOMAIN,NONLOCAL_JUMP_OPERATOR_REQUIRED,16,5.011872336272724,335,RESOLVED_FP_REPLACEMENT_REQUIRED,2798105017.5238566,2798105017.5238566,,INTERFACE_COMPLETE,16.945223545910878,48219160.88422132,2.1684593540781436,36.74502850507565,,290.80822772652374,76597579734.09622,4.160169926271106,10.0,60.65075156004878,0,s0010_h16_bh15,80.0
0.9014739897775205,ALL_HALO_FLUX_COMPLETE,16,5.011872336272724,20047489.345090896,0.00026172484058483987,SUBGRID_MASS_FRACTION_TOO_LARGE,810227090.5569673,,False,MATCHING_RADIUS_OUTSIDE_CONSERVATIVE_KEPLER_DOMAIN,NONLOCAL_JUMP_OPERATOR_REQUIRED,16,5.011872336272724,336,RESOLVED_FP_REPLACEMENT_REQUIRED,3271654394.552283,3271654394.552283,,INTERFACE_COMPLETE,19.565611562874683,40286823.0252979,1.975370363276584,38.649329220684294,,244.68907663867455,76597579734.09622,4.423801371411163,10.0,62.03994093432696,0,s0010_h16_bh16,80.0
0.8034586954289639,ALL_HALO_FLUX_COMPLETE,17,6.309573444801933,25238293.779207733,0.00032949205271003227,SUBGRID_MASS_FRACTION_TOO_LARGE,991990979.2038418,,False,MATCHING_RADIUS_OUTSIDE_CONSERVATIVE_KEPLER_DOMAIN,NONLOCAL_JUMP_OPERATOR_REQUIRED,16,5.011872336272724,337,RESOLVED_FP_REPLACEMENT_REQUIRED,3961271688.906974,3961271688.906974,,INTERFACE_COMPLETE,22.124228674521362,33480177.204191037,1.8276732245747394,40.43586036279137,,202.27900195643295,76597579734.09622,4.76411224495843,10.0,63.65814351096219,0,s0010_h16_bh17,80.0
0.7129275975112713,ALL_HALO_FLUX_COMPLETE,18,7.943282347242816,31773129.38897126,0.0004148059181408828,SUBGRID_MASS_FRACTION_TOO_LARGE,1260798009.9245467,,False,MATCHING_RADIUS_OUTSIDE_CONSERVATIVE_KEPLER_DOMAIN,NONLOCAL_JUMP_OPERATOR_REQUIRED,16,5.011872336272724,338,RESOLVED_FP_REPLACEMENT_REQUIRED,4911389651.950534,4911389651.950534,,INTERFACE_COMPLETE,24.39828816989178,27712826.97072367,1.7270321162230524,42.13662725026807,,181.93618218745513,76597579734.09622,5.193357489935607,10.0,65.59654263422242,0,s0010_h16_bh18,80.0
0.6289264935522416,ALL_HALO_FLUX_COMPLETE,19,10.0,40000000.0,0.0005222097113101685,SUBGRID_MASS_FRACTION_TOO_LARGE,1677316527.7815824,,False,MATCHING_RADIUS_OUTSIDE_CONSERVATIVE_KEPLER_DOMAIN,NONLOCAL_JUMP_OPERATOR_REQUIRED,16,5.011872336272724,339,RESOLVED_FP_REPLACEMENT_REQUIRED,6180237204.53649,6180237204.53649,,INTERFACE_COMPLETE,26.12356981782148,22844246.99087381,1.6738759275914632,43.72761466080628,,171.53733170885863,76597579734.09622,5.7393337894056,10.0,67.91950191197728,0,s0010_h16_bh19,80.0
3.4512922261062533,ALL_HALO_FLUX_COMPLETE,0,0.1,400000.0,4.148059181408828e-06,SUBGRID_MASS_FRACTION_TOO_LARGE,71575685.57346456,,False,MATCHING_RADIUS_OUTSIDE_CONSERVATIVE_KEPLER_DOMAIN,NONLOCAL_JUMP_OPERATOR_REQUIRED,17,6.309573444801933,340,RESOLVED_FP_REPLACEMENT_REQUIRED,2126427809.5901978,2126427809.5901978,,INTERFACE_COMPLETE,0.5104974933386653,672067880.8101963,25.199879639421443,12.864475388360717,,486.97860882218964,96430639609.18364,2.9893337006757585,10.0,58.145568354048216,0,s0010_h17_bh00,80.0
3.338405215393958,ALL_HALO_FLUX_COMPLETE,1,0.1291549665014884,516619.8660059536,5.357424446210486e-06,SUBGRID_MASS_FRACTION_TOO_LARGE,86956307.22343513,,False,MATCHING_RADIUS_OUTSIDE_CONSERVATIVE_KEPLER_DOMAIN,NONLOCAL_JUMP_OPERATOR_REQUIRED,17,6.309573444801933,341,RESOLVED_FP_REPLACEMENT_REQUIRED,2133951639.8928714,2133951639.8928714,,INTERFACE_COMPLETE,0.658002178626376,565486694.1278045,21.246388093196384,13.980169653264715,,486.9118520537433,96430639609.18364,3.002782716230175,10.0,58.23430292520661,0,s0010_h17_bh01,80.0
3.2077586151453956,ALL_HALO_FLUX_COMPLETE,2,0.16681005372000587,667240.2148800235,6.919379748845702e-06,SUBGRID_MASS_FRACTION_TOO_LARGE,105841312.5719962,,False,MATCHING_RADIUS_OUTSIDE_CONSERVATIVE_KEPLER_DOMAIN,NONLOCAL_JUMP_OPERATOR_REQUIRED,17,6.309573444801933,342,RESOLVED_FP_REPLACEMENT_REQUIRED,2143674706.4816546,2143674706.4816546,,INTERFACE_COMPLETE,0.8476282757968601,475620313.4986453,17.91662159853456,15.186635073670633,,486.8256528656426,96430639609.18364,3.018876188256126,10.0,58.340363819137366,0,s0010_h17_bh02,80.0
3.059697042482989,ALL_HALO_FLUX_COMPLETE,3,0.21544346900318834,861773.8760127533,8.936722596732437e-06,SUBGRID_MASS_FRACTION_TOO_LARGE,128753055.91692422,,False,MATCHING_RADIUS_OUTSIDE_CONSERVATIVE_KEPLER_DOMAIN,NONLOCAL_JUMP_OPERATOR_REQUIRED,17,6.309573444801933,343,RESOLVED_FP_REPLACEMENT_REQUIRED,2156241941.9143186,2156241941.9143186,,INTERFACE_COMPLETE,1.0910722831066748,399847093.9870524,15.113070007360086,16.48945179768138,,486.7143572744123,96430639609.18364,3.0381558788787175,10.0,58.467243171949136,0,s0010_h17_bh03,80.0
2.8956685585554554,ALL_HALO_FLUX_COMPLETE,4,0.2782559402207124,1113023.7608828498,1.1542221076140724e-05,SUBGRID_MASS_FRACTION_TOO_LARGE,156165123.2620206,,False,MATCHING_RADIUS_OUTSIDE_CONSERVATIVE_KEPLER_DOMAIN,NONLOCAL_JUMP_OPERATOR_REQUIRED,17,6.309573444801933,344,RESOLVED_FP_REPLACEMENT_REQUIRED,2172488844.8507233,2172488844.8507233,,INTERFACE_COMPLETE,1.403057882220498,335959712.53938514,12.753664778554251,17.894129894748485,,486.57067195653656,96430639609.18364,3.0612859072633087,10.0,58.619199586251725,0,s0010_h17_bh04,80.0
2.718238530124945,ALL_HALO_FLUX_COMPLETE,5,0.35938136638046275,1437525.465521851,1.4907351764417285e-05,SUBGRID_MASS_FRACTION_TOO_LARGE,188448881.12046126,,False,MATCHING_RADIUS_OUTSIDE_CONSERVATIVE_KEPLER_DOMAIN,NONLOCAL_JUMP_OPERATOR_REQUIRED,17,6.309573444801933,345,RESOLVED_FP_REPLACEMENT_REQUIRED,2193498799.4626303,2193498799.4626303,,INTERFACE_COMPLETE,1.8019709920227858,282094924.19294566,10.769163537972483,19.40572030377589,,486.38519122738023,96430639609.18364,3.089076817908982,10.0,58.80139798369539,0,s0010_h17_bh05,80.0
2.530919535429185,ALL_HALO_FLUX_COMPLETE,6,0.46415888336127786,1856635.5334451115,1.925358517759218e-05,SUBGRID_MASS_FRACTION_TOO_LARGE,225830016.39211494,,False,MATCHING_RADIUS_OUTSIDE_CONSERVATIVE_KEPLER_DOMAIN,NONLOCAL_JUMP_OPERATOR_REQUIRED,17,6.309573444801933,346,RESOLVED_FP_REPLACEMENT_REQUIRED,2221129776.3728676,2221129776.3728676,,INTERFACE_COMPLETE,2.3105235673824973,236683628.65012896,9.10129985543602,21.028767809799838,,476.019057875683,96430639609.18364,3.122527203213639,10.0,59.0201704269169,0,s0010_h17_bh06,80.0
2.3378371515040306,ALL_HALO_FLUX_COMPLETE,7,0.5994842503189409,2397937.001275764,2.4866961486454712e-05,SUBGRID_MASS_FRACTION_TOO_LARGE,268368256.45104784,,False,MATCHING_RADIUS_OUTSIDE_CONSERVATIVE_KEPLER_DOMAIN,NONLOCAL_JUMP_OPERATOR_REQUIRED,17,6.309573444801933,347,RESOLVED_FP_REPLACEMENT_REQUIRED,2257408503.9119787,2257408503.9119787,,INTERFACE_COMPLETE,2.9563619690997496,198401880.0163023,7.70096047202197,22.76682666502621,,475.71149123934737,96430639609.18364,3.162866407613308,10.0,59.283244825736624,0,s0010_h17_bh07,80.0
2.143300865238006,ALL_HALO_FLUX_COMPLETE,8,0.774263682681127,3097054.730724508,3.21169157777686e-05,SUBGRID_MASS_FRACTION_TOO_LARGE,316004586.7873212,,False,MATCHING_RADIUS_OUTSIDE_CONSERVATIVE_KEPLER_DOMAIN,NONLOCAL_JUMP_OPERATOR_REQUIRED,17,6.309573444801933,348,RESOLVED_FP_REPLACEMENT_REQUIRED,2304893357.1415224,2304893357.1415224,,INTERFACE_COMPLETE,3.77245676835069,166135212.78231084,6.5268743115348435,24.62235117272387,,465.4973989644863,96430639609.18364,3.2116224626540713,10.0,59.6001620962128,0,s0010_h17_bh08,80.0
1.9513771756696336,ALL_HALO_FLUX_COMPLETE,9,1.0,4000000.0,4.148059181408828e-05,SUBGRID_MASS_FRACTION_TOO_LARGE,368685906.15582746,,False,MATCHING_RADIUS_OUTSIDE_CONSERVATIVE_KEPLER_DOMAIN,NONLOCAL_JUMP_OPERATOR_REQUIRED,17,6.309573444801933,349,RESOLVED_FP_REPLACEMENT_REQUIRED,2367639734.798953,2367639734.798953,,INTERFACE_COMPLETE,4.796995058613214,138943985.30170506,5.54433445365757,26.596144977494358,,464.9879163074376,96430639609.18364,3.270697268609479,10.0,59.982679107153075,0,s0010_h17_bh09,80.0
1.78377421599121,ALL_HALO_FLUX_COMPLETE,10,1.2589254117941673,5035701.647176669,5.2220971131016855e-05,SUBGRID_MASS_FRACTION_TOO_LARGE,420553509.3395596,,False,MATCHING_RADIUS_OUTSIDE_CONSERVATIVE_KEPLER_DOMAIN,NONLOCAL_JUMP_OPERATOR_REQUIRED,17,6.309573444801933,350,RESOLVED_FP_REPLACEMENT_REQUIRED,2441977454.7521157,2441977454.7521157,,INTERFACE_COMPLETE,5.932242537703745,118154294.02214175,4.799649802684022,28.47268672556354,,454.8845317025214,96430639609.18364,3.334641897125723,10.0,60.39496734706619,0,s0010_h17_bh10,80.0
1.623114622967922,ALL_HALO_FLUX_COMPLETE,11,1.5848931924611136,6339572.769844455,6.574230758540671e-05,SUBGRID_MASS_FRACTION_TOO_LARGE,477164504.28191054,,False,MATCHING_RADIUS_OUTSIDE_CONSERVATIVE_KEPLER_DOMAIN,NONLOCAL_JUMP_OPERATOR_REQUIRED,17,6.309573444801933,351,RESOLVED_FP_REPLACEMENT_REQUIRED,2538602894.603024,2538602894.603024,,INTERFACE_COMPLETE,7.302614269233646,100343110.95290835,4.16857999619791,30.4415317626768,,435.9473002303753,96430639609.18364,3.411029568582872,10.0,60.885111411008204,0,s0010_h17_bh11,80.0
1.470829521935827,ALL_HALO_FLUX_COMPLETE,12,1.9952623149688797,7981049.259875519,8.276466164925694e-05,SUBGRID_MASS_FRACTION_TOO_LARGE,539678999.7382755,,False,MATCHING_RADIUS_OUTSIDE_CONSERVATIVE_KEPLER_DOMAIN,NONLOCAL_JUMP_OPERATOR_REQUIRED,17,6.309573444801933,352,RESOLVED_FP_REPLACEMENT_REQUIRED,2665990975.7646594,2665990975.7646594,,INTERFACE_COMPLETE,8.938057856396775,85090548.25281475,3.635943286914736,32.49827146102137,,426.32850734320385,96430639609.18364,3.502542338291868,10.0,61.46886032914863,0,s0010_h17_bh12,80.0
1.3278033610742295,ALL_HALO_FLUX_COMPLETE,13,2.51188643150958,10047545.72603832,0.00010419453574879571,SUBGRID_MASS_FRACTION_TOO_LARGE,610253571.6713451,,False,MATCHING_RADIUS_OUTSIDE_CONSERVATIVE_KEPLER_DOMAIN,NONLOCAL_JUMP_OPERATOR_REQUIRED,17,6.309573444801933,353,RESOLVED_FP_REPLACEMENT_REQUIRED,2835054103.796227,2835054103.796227,,INTERFACE_COMPLETE,10.861397882276886,72036752.6842343,3.1889473130174566,34.63642559230037,,408.5062787388919,96430639609.18364,3.6125458497398277,10.0,62.16531908208707,0,s0010_h17_bh13,80.0
1.1944338344556464,ALL_HALO_FLUX_COMPLETE,14,3.1622776601683795,12649110.640673518,0.00013117314882425473,SUBGRID_MASS_FRACTION_TOO_LARGE,692558354.2776144,,False,MATCHING_RADIUS_OUTSIDE_CONSERVATIVE_KEPLER_DOMAIN,NONLOCAL_JUMP_OPERATOR_REQUIRED,17,6.309573444801933,354,RESOLVED_FP_REPLACEMENT_REQUIRED,3063190880.254319,3063190880.254319,,INTERFACE_COMPLETE,13.080621779000062,60873160.65094433,2.8169322604329534,36.84722547578716,,383.74603723449354,96430639609.18364,3.7453084767848144,10.0,62.99767939440207,0,s0010_h17_bh14,80.0
1.0707142794166904,ALL_HALO_FLUX_COMPLETE,15,3.981071705534973,15924286.822139893,0.0001651372103999125,SUBGRID_MASS_FRACTION_TOO_LARGE,792534321.7693641,,False,MATCHING_RADIUS_OUTSIDE_CONSERVATIVE_KEPLER_DOMAIN,NONLOCAL_JUMP_OPERATOR_REQUIRED,17,6.309573444801933,355,RESOLVED_FP_REPLACEMENT_REQUIRED,3376970346.284139,3376970346.284139,,INTERFACE_COMPLETE,15.578128612096192,51334217.29377189,2.5111381135982738,39.11883249637052,,353.64677751328725,96430639609.18364,3.906363432138368,10.0,63.99387124598936,0,s0010_h17_bh15,80.0
0.956325972609266,ALL_HALO_FLUX_COMPLETE,16,5.011872336272724,20047489.345090896,0.00020789543060524985,SUBGRID_MASS_FRACTION_TOO_LARGE,919761135.2099293,,False,MATCHING_RADIUS_OUTSIDE_CONSERVATIVE_KEPLER_DOMAIN,NONLOCAL_JUMP_OPERATOR_REQUIRED,17,6.309573444801933,356,RESOLVED_FP_REPLACEMENT_REQUIRED,3819474442.8473463,3819474442.8473463,,INTERFACE_COMPLETE,18.297031504965187,43288815.00325734,2.2697289748672924,41.52930256087919,,314.00750129964126,96430639609.18364,4.091727664866673,10.0,65.24396277075536,0,s0010_h17_bh16,80.0
0.8507255754572942,ALL_HALO_FLUX_COMPLETE,17,6.309573444801933,25238293.779207733,0.00026172484058483987,SUBGRID_MASS_FRACTION_TOO_LARGE,1089726300.90168,,False,MATCHING_RADIUS_OUTSIDE_CONSERVATIVE_KEPLER_DOMAIN,NONLOCAL_JUMP_OPERATOR_REQUIRED,17,6.309573444801933,357,RESOLVED_FP_REPLACEMENT_REQUIRED,4462071573.022463,4462071573.022463,,INTERFACE_COMPLETE,21.12646140134386,36254926.40193728,2.072617722840584,43.78707832133281,,264.2091874473413,96430639609.18364,4.343787920039513,10.0,66.6197905986325,0,s0010_h17_bh17,80.0
0.7532659318960693,ALL_HALO_FLUX_COMPLETE,18,7.943282347242816,31773129.38897126,0.00032949205271003227,SUBGRID_MASS_FRACTION_TOO_LARGE,1329102878.751067,,False,MATCHING_RADIUS_OUTSIDE_CONSERVATIVE_KEPLER_DOMAIN,NONLOCAL_JUMP_OPERATOR_REQUIRED,17,6.309573444801933,358,RESOLVED_FP_REPLACEMENT_REQUIRED,5395896376.416059,5395896376.416059,,INTERFACE_COMPLETE,23.889192608406724,30274404.918684196,1.9268729652655352,46.03143939916017,,218.41584217299433,96430639609.18364,4.655545992887864,10.0,68.25783188529627,0,s0010_h17_bh18,80.0
0.6631829626766732,ALL_HALO_FLUX_COMPLETE,19,10.0,40000000.0,0.0004148059181408828,SUBGRID_MASS_FRACTION_TOO_LARGE,1681476903.574102,,False,MATCHING_RADIUS_OUTSIDE_CONSERVATIVE_KEPLER_DOMAIN,NONLOCAL_JUMP_OPERATOR_REQUIRED,17,6.309573444801933,359,RESOLVED_FP_REPLACEMENT_REQUIRED,6680718274.752234,6680718274.752234,,INTERFACE_COMPLETE,26.344665569163023,25197863.08441736,1.8308381867455328,48.2328197410639,,196.45017065474207,96430639609.18364,5.045066225888092,10.0,70.21004986890384,0,s0010_h17_bh19,80.0
3.4033367778288257,ALL_HALO_FLUX_COMPLETE,0,0.1,400000.0,3.2949205271003226e-06,OK,81920121.66357243,,False,MATCHING_RADIUS_OUTSIDE_CONSERVATIVE_KEPLER_DOMAIN,NONLOCAL_JUMP_OPERATOR_REQUIRED,18,7.943282347242816,360,SUBGRID_COUPLING_READY,2883287093.9972634,2883287093.9972634,,INTERFACE_COMPLETE,0.43847614475127805,692654655.2809473,30.23776775015534,13.258539828972639,,537.1637137054694,121398982679.56644,2.9772911465526644,10.0,62.698470132945054,0,s0010_h18_bh00,80.0
3.3093045134573456,ALL_HALO_FLUX_COMPLETE,1,0.1291549665014884,516619.8660059536,4.255553503027086e-06,SUBGRID_MASS_FRACTION_TOO_LARGE,99133462.8977518,,False,MATCHING_RADIUS_OUTSIDE_CONSERVATIVE_KEPLER_DOMAIN,NONLOCAL_JUMP_OPERATOR_REQUIRED,18,7.943282347242816,361,RESOLVED_FP_REPLACEMENT_REQUIRED,2891142489.6062384,2891142489.6062384,,INTERFACE_COMPLETE,0.565405543654966,583126144.8833785,25.497200712667425,14.416258630625512,,525.8209991331757,121398982679.56644,2.9883797899644886,10.0,62.77761129075622,0,s0010_h18_bh01,80.0
3.1985938565627077,ALL_HALO_FLUX_COMPLETE,2,0.16681005372000587,667240.2148800235,5.496258701287549e-06,SUBGRID_MASS_FRACTION_TOO_LARGE,120458209.95076214,,False,MATCHING_RADIUS_OUTSIDE_CONSERVATIVE_KEPLER_DOMAIN,NONLOCAL_JUMP_OPERATOR_REQUIRED,18,7.943282347242816,362,RESOLVED_FP_REPLACEMENT_REQUIRED,2901610017.062409,2901610017.062409,,INTERFACE_COMPLETE,0.7287374005665678,490773149.845109,21.50358637530026,15.670467637994973,,525.7470501442583,121398982679.56644,3.0016286852904726,10.0,62.87209804446807,0,s0010_h18_bh02,80.0
3.070702965109351,ALL_HALO_FLUX_COMPLETE,3,0.21544346900318834,861773.8760127533,7.098691084483074e-06,SUBGRID_MASS_FRACTION_TOO_LARGE,146605600.0748507,,False,MATCHING_RADIUS_OUTSIDE_CONSERVATIVE_KEPLER_DOMAIN,NONLOCAL_JUMP_OPERATOR_REQUIRED,18,7.943282347242816,363,RESOLVED_FP_REPLACEMENT_REQUIRED,2915137166.49173,2915137166.49173,,INTERFACE_COMPLETE,0.9386848833061651,412903454.47817254,18.140153840062773,17.027888190515206,,525.651565080587,121398982679.56644,3.0174742552152427,10.0,62.98499266947397,0,s0010_h18_bh03,80.0
2.9260543970064172,ALL_HALO_FLUX_COMPLETE,4,0.2782559402207124,1113023.7608828498,9.168312092208258e-06,SUBGRID_MASS_FRACTION_TOO_LARGE,178275487.350471,,False,MATCHING_RADIUS_OUTSIDE_CONSERVATIVE_KEPLER_DOMAIN,NONLOCAL_JUMP_OPERATOR_REQUIRED,18,7.943282347242816,364,RESOLVED_FP_REPLACEMENT_REQUIRED,2932621191.774445,2932621191.774445,,INTERFACE_COMPLETE,1.2081755306778112,347246217.3769752,15.30843774960479,18.495279901977007,,525.5282810082304,121398982679.56644,3.0364456701477827,10.0,63.11999268068931,0,s0010_h18_bh04,80.0
2.766141601504604,ALL_HALO_FLUX_COMPLETE,5,0.35938136638046275,1437525.465521851,1.1841330411443486e-05,SUBGRID_MASS_FRACTION_TOO_LARGE,216092065.5315156,,False,MATCHING_RADIUS_OUTSIDE_CONSERVATIVE_KEPLER_DOMAIN,NONLOCAL_JUMP_OPERATOR_REQUIRED,18,7.943282347242816,365,RESOLVED_FP_REPLACEMENT_REQUIRED,2955224399.705346,2955224399.705346,,INTERFACE_COMPLETE,1.5534712048326704,291887328.00242937,12.925475508025118,20.079354010486952,,525.3691201335712,121398982679.56644,3.059187140947668,10.0,63.281580547977846,0,s0010_h18_bh05,80.0
2.5935254464968747,ALL_HALO_FLUX_COMPLETE,6,0.46415888336127786,1856635.5334451115,1.529366632623039e-05,SUBGRID_MASS_FRACTION_TOO_LARGE,260530125.40785235,,False,MATCHING_RADIUS_OUTSIDE_CONSERVATIVE_KEPLER_DOMAIN,NONLOCAL_JUMP_OPERATOR_REQUIRED,18,7.943282347242816,366,RESOLVED_FP_REPLACEMENT_REQUIRED,2984453879.1914563,2984453879.1914563,,INTERFACE_COMPLETE,1.9948594649444944,245213173.80958757,10.921369472391182,21.78659726215541,,525.1636660819902,121398982679.56644,3.086485199329351,10.0,63.47520155797472,0,s0010_h18_bh06,80.0
2.411652974965852,ALL_HALO_FLUX_COMPLETE,7,0.5994842503189409,2397937.001275764,1.9752529620492268e-05,SUBGRID_MASS_FRACTION_TOO_LARGE,311854843.0244015,,False,MATCHING_RADIUS_OUTSIDE_CONSERVATIVE_KEPLER_DOMAIN,NONLOCAL_JUMP_OPERATOR_REQUIRED,18,7.943282347242816,367,RESOLVED_FP_REPLACEMENT_REQUIRED,3022944650.0490932,3022944650.0490932,,INTERFACE_COMPLETE,2.5573697207520083,205864109.94466674,9.237274255328204,23.623125482858406,,513.9640224024528,121398982679.56644,3.119304791906795,10.0,63.707503975133164,0,s0010_h18_bh07,80.0
2.224522431968843,ALL_HALO_FLUX_COMPLETE,8,0.774263682681127,3097054.730724508,2.551137301454336e-05,SUBGRID_MASS_FRACTION_TOO_LARGE,370105403.93249685,,False,MATCHING_RADIUS_OUTSIDE_CONSERVATIVE_KEPLER_DOMAIN,NONLOCAL_JUMP_OPERATOR_REQUIRED,18,7.943282347242816,368,RESOLVED_FP_REPLACEMENT_REQUIRED,3073416459.9601746,3073416459.9601746,,INTERFACE_COMPLETE,3.2714155652393706,172692956.4309064,7.8236017985078385,25.594252699873277,,513.6233472286167,121398982679.56644,3.1588280519876317,10.0,63.98659052778376,0,s0010_h18_bh08,80.0
2.0362662670071954,ALL_HALO_FLUX_COMPLETE,9,1.0,4000000.0,3.294920527100323e-05,SUBGRID_MASS_FRACTION_TOO_LARGE,435161171.8376362,,False,MATCHING_RADIUS_OUTSIDE_CONSERVATIVE_KEPLER_DOMAIN,NONLOCAL_JUMP_OPERATOR_REQUIRED,18,7.943282347242816,369,RESOLVED_FP_REPLACEMENT_REQUIRED,3139612385.2379127,3139612385.2379127,,INTERFACE_COMPLETE,4.173178562977894,144733536.38618517,6.638670995058171,27.704359483239884,,502.58359465067696,121398982679.56644,3.2065136435869253,10.0,64.32240436689736,0,s0010_h18_bh09,80.0
1.8690752983490555,ALL_HALO_FLUX_COMPLETE,10,1.2589254117941673,5035701.647176669,4.1480591814088284e-05,SUBGRID_MASS_FRACTION_TOO_LARGE,499440393.989154,,False,MATCHING_RADIUS_OUTSIDE_CONSERVATIVE_KEPLER_DOMAIN,NONLOCAL_JUMP_OPERATOR_REQUIRED,18,7.943282347242816,370,RESOLVED_FP_REPLACEMENT_REQUIRED,3217119971.9580417,3217119971.9580417,,INTERFACE_COMPLETE,5.1796761180993105,123350741.48097707,5.73876049718535,29.72492069476268,,502.0824028112886,121398982679.56644,3.257897276564517,10.0,64.6831982383063,0,s0010_h18_bh10,80.0
1.706522374032609,ALL_HALO_FLUX_COMPLETE,11,1.5848931924611136,6339572.769844455,5.222097113101686e-05,SUBGRID_MASS_FRACTION_TOO_LARGE,569295129.1022078,,False,MATCHING_RADIUS_OUTSIDE_CONSERVATIVE_KEPLER_DOMAIN,NONLOCAL_JUMP_OPERATOR_REQUIRED,18,7.943282347242816,371,RESOLVED_FP_REPLACEMENT_REQUIRED,3317801234.8911405,3317801234.8911405,,INTERFACE_COMPLETE,6.405488149116427,105024253.18505648,4.974120592969457,31.861670510541828,,491.173019059455,121398982679.56644,3.318968643987354,10.0,65.11064776628838,0,s0010_h18_bh11,80.0
1.5505215294441865,ALL_HALO_FLUX_COMPLETE,12,1.9952623149688797,7981049.259875519,6.574230758540671e-05,SUBGRID_MASS_FRACTION_TOO_LARGE,645365845.4020134,,False,MATCHING_RADIUS_OUTSIDE_CONSERVATIVE_KEPLER_DOMAIN,NONLOCAL_JUMP_OPERATOR_REQUIRED,18,7.943282347242816,372,RESOLVED_FP_REPLACEMENT_REQUIRED,3448587419.761041,3448587419.761041,,INTERFACE_COMPLETE,7.8851815079784275,89322178.31315687,4.32639881670504,34.11443994562233,,470.72506687258203,121398982679.56644,3.391705796236024,10.0,65.61784219186362,0,s0010_h18_bh12,80.0
1.4024453017008849,ALL_HALO_FLUX_COMPLETE,13,2.51188643150958,10047545.72603832,8.276466164925694e-05,SUBGRID_MASS_FRACTION_TOO_LARGE,729140433.0899638,,False,MATCHING_RADIUS_OUTSIDE_CONSERVATIVE_KEPLER_DOMAIN,NONLOCAL_JUMP_OPERATOR_REQUIRED,18,7.943282347242816,373,RESOLVED_FP_REPLACEMENT_REQUIRED,3621101039.8995147,3621101039.8995147,,INTERFACE_COMPLETE,9.651092872785318,75874495.75549634,3.7800562556999133,36.48167398811299,,460.3389332214386,121398982679.56644,3.4785449975356153,10.0,66.2206106213863,0,s0010_h18_bh13,80.0
1.2631437115602513,ALL_HALO_FLUX_COMPLETE,14,3.1622776601683795,12649110.640673518,0.00010419453574879572,SUBGRID_MASS_FRACTION_TOO_LARGE,823415825.5552093,,False,MATCHING_RADIUS_OUTSIDE_CONSERVATIVE_KEPLER_DOMAIN,NONLOCAL_JUMP_OPERATOR_REQUIRED,18,7.943282347242816,374,RESOLVED_FP_REPLACEMENT_REQUIRED,3849926249.8472047,3849926249.8472047,,INTERFACE_COMPLETE,11.727867661441378,64363722.92435244,3.322010800270961,38.9601030354568,,441.0949334371754,121398982679.56644,3.582510158896514,10.0,66.93801227909233,0,s0010_h18_bh14,80.0
1.1330047731752264,ALL_HALO_FLUX_COMPLETE,15,3.981071705534973,15924286.822139893,0.00013117314882425476,SUBGRID_MASS_FRACTION_TOO_LARGE,932970521.87547,,False,MATCHING_RADIUS_OUTSIDE_CONSERVATIVE_KEPLER_DOMAIN,NONLOCAL_JUMP_OPERATOR_REQUIRED,18,7.943282347242816,375,RESOLVED_FP_REPLACEMENT_REQUIRED,4158543932.6619687,4158543932.6619687,,INTERFACE_COMPLETE,14.124130504767205,54517379.52696182,2.9413871512673837,41.54453598954596,,414.35943964749094,121398982679.56644,3.7073886684775497,10.0,67.7929717625383,0,s0010_h18_bh15,80.0
1.012038130154943,ALL_HALO_FLUX_COMPLETE,16,5.011872336272724,20047489.345090896,0.0001651372103999125,SUBGRID_MASS_FRACTION_TOO_LARGE,1065540732.1171825,,False,MATCHING_RADIUS_OUTSIDE_CONSERVATIVE_KEPLER_DOMAIN,NONLOCAL_JUMP_OPERATOR_REQUIRED,18,7.943282347242816,376,RESOLVED_FP_REPLACEMENT_REQUIRED,4582767147.596411,4582767147.596411,,INTERFACE_COMPLETE,16.82087635088812,46101197.33974545,2.6293144417548198,44.22737311236225,,381.8590065960806,121398982679.56644,3.8580645801013493,10.0,68.81301913966297,0,s0010_h18_bh16,80.0
0.8999692457096234,ALL_HALO_FLUX_COMPLETE,17,6.309573444801933,25238293.779207733,0.00020789543060524985,SUBGRID_MASS_FRACTION_TOO_LARGE,1233580761.4961398,,False,MATCHING_RADIUS_OUTSIDE_CONSERVATIVE_KEPLER_DOMAIN,NONLOCAL_JUMP_OPERATOR_REQUIRED,18,7.943282347242816,377,RESOLVED_FP_REPLACEMENT_REQUIRED,5180421136.598394,5180421136.598394,,INTERFACE_COMPLETE,19.75668016338899,39031610.94604323,2.3860604775082597,47.14063370463389,,339.0575006879382,121398982679.56644,4.026222137535841,10.0,70.10881361388809,0,s0010_h18_bh17,80.0
0.7963308178928518,ALL_HALO_FLUX_COMPLETE,18,7.943282347242816,31773129.38897126,0.00026172484058483987,SUBGRID_MASS_FRACTION_TOO_LARGE,1457162425.7579958,,False,MATCHING_RADIUS_OUTSIDE_CONSERVATIVE_KEPLER_DOMAIN,NONLOCAL_JUMP_OPERATOR_REQUIRED,18,7.943282347242816,378,RESOLVED_FP_REPLACEMENT_REQUIRED,6046919736.782043,6046919736.782043,,INTERFACE_COMPLETE,22.811828289046133,32819370.501550026,2.1875051946704747,49.9009928822193,,285.28651826442575,121398982679.56644,4.257554592658259,10.0,71.50368750045806,0,s0010_h18_bh18,80.0
0.7005858568726947,ALL_HALO_FLUX_COMPLETE,19,10.0,40000000.0,0.00032949205271003227,SUBGRID_MASS_FRACTION_TOO_LARGE,1770758491.8625581,,False,MATCHING_RADIUS_OUTSIDE_CONSERVATIVE_KEPLER_DOMAIN,NONLOCAL_JUMP_OPERATOR_REQUIRED,18,7.943282347242816,379,RESOLVED_FP_REPLACEMENT_REQUIRED,7303547817.498191,7303547817.498191,,INTERFACE_COMPLETE,25.794956826620243,27530731.03967009,2.042969478677544,52.69830950059011,,235.84000143728858,121398982679.56644,4.541367437506372,10.0,73.15709764254714,0,s0010_h18_bh19,80.0
3.3147785343791303,ALL_HALO_FLUX_COMPLETE,0,0.1,400000.0,2.6172484058483986e-06,OK,93683825.47033158,,False,MATCHING_RADIUS_OUTSIDE_CONSERVATIVE_KEPLER_DOMAIN,NONLOCAL_JUMP_OPERATOR_REQUIRED,19,10.0,380,SUBGRID_COUPLING_READY,3887310751.7533464,3887310751.7533464,,INTERFACE_COMPLETE,0.37650526566899895,717852106.7510085,36.4957980680496,13.740860147413153,,580.0598567346415,152832264261.26614,2.9670143121415298,10.0,67.62121304193091,0,s0010_h19_bh00,80.0
3.2381614765945304,ALL_HALO_FLUX_COMPLETE,1,0.1291549665014884,516619.8660059536,3.3803063018342385e-06,SUBGRID_MASS_FRACTION_TOO_LARGE,112702863.39691174,,False,MATCHING_RADIUS_OUTSIDE_CONSERVATIVE_KEPLER_DOMAIN,NONLOCAL_JUMP_OPERATOR_REQUIRED,19,10.0,381,RESOLVED_FP_REPLACEMENT_REQUIRED,3895709168.3359118,3895709168.3359118,,INTERFACE_COMPLETE,0.4856556588293726,604600960.2482871,30.77729380508632,14.947166899894365,,580.0105156644753,152832264261.26614,2.9761071815140374,10.0,67.69139953660769,0,s0010_h19_bh01,80.0
3.1465704878686425,ALL_HALO_FLUX_COMPLETE,2,0.16681005372000587,667240.2148800235,4.365833471781711e-06,SUBGRID_MASS_FRACTION_TOO_LARGE,136443666.6601,,False,MATCHING_RADIUS_OUTSIDE_CONSERVATIVE_KEPLER_DOMAIN,NONLOCAL_JUMP_OPERATOR_REQUIRED,19,10.0,382,RESOLVED_FP_REPLACEMENT_REQUIRED,3906559854.354576,3906559854.354576,,INTERFACE_COMPLETE,0.6262164842450801,509108374.59279007,25.95893720135708,16.255914388972652,,579.9467984257393,152832264261.26614,2.986958384739571,10.0,67.77512215578511,0,s0010_h19_bh02,80.0
3.0389150248689427,ALL_HALO_FLUX_COMPLETE,3,0.21544346900318834,861773.8760127533,5.638690757990436e-06,SUBGRID_MASS_FRACTION_TOO_LARGE,165821374.69552714,,False,MATCHING_RADIUS_OUTSIDE_CONSERVATIVE_KEPLER_DOMAIN,NONLOCAL_JUMP_OPERATOR_REQUIRED,19,10.0,383,RESOLVED_FP_REPLACEMENT_REQUIRED,3920994293.363417,3920994293.363417,,INTERFACE_COMPLETE,0.8070718164758715,428590175.75408363,21.899908666068573,17.67479906777964,,567.6794407700398,152832264261.26614,2.9999178206270973,10.0,67.87505170978496,0,s0010_h19_bh03,80.0
2.9147855490517567,ALL_HALO_FLUX_COMPLETE,4,0.2782559402207124,1113023.7608828498,7.28264915960507e-06,SUBGRID_MASS_FRACTION_TOO_LARGE,201792680.9082372,,False,MATCHING_RADIUS_OUTSIDE_CONSERVATIVE_KEPLER_DOMAIN,NONLOCAL_JUMP_OPERATOR_REQUIRED,19,10.0,384,RESOLVED_FP_REPLACEMENT_REQUIRED,3939698511.93078,3939698511.93078,,INTERFACE_COMPLETE,1.039515203673727,360698682.4404976,18.481494821743553,19.21179485381968,,567.5736698368748,152832264261.26614,3.015408299569338,10.0,67.9944056572088,0,s0010_h19_bh04,80.0
2.7746738302172513,ALL_HALO_FLUX_COMPLETE,5,0.35938136638046275,1437525.465521851,9.405903082508855e-06,SUBGRID_MASS_FRACTION_TOO_LARGE,245288008.64895362,,False,MATCHING_RADIUS_OUTSIDE_CONSERVATIVE_KEPLER_DOMAIN,NONLOCAL_JUMP_OPERATOR_REQUIRED,19,10.0,385,RESOLVED_FP_REPLACEMENT_REQUIRED,3963873916.1508203,3963873916.1508203,,INTERFACE_COMPLETE,1.3378339130931238,303455232.4442821,15.603676050427348,20.87512698918068,,567.4371061486771,152832264261.26614,3.033942657258427,10.0,68.13707231190125,0,s0010_h19_bh05,80.0
2.6201009238102446,ALL_HALO_FLUX_COMPLETE,6,0.46415888336127786,1856635.5334451115,1.2148190975376773e-05,SUBGRID_MASS_FRACTION_TOO_LARGE,297122732.1407158,,False,MATCHING_RADIUS_OUTSIDE_CONSERVATIVE_KEPLER_DOMAIN,NONLOCAL_JUMP_OPERATOR_REQUIRED,19,10.0,386,RESOLVED_FP_REPLACEMENT_REQUIRED,3995127580.5988593,3995127580.5988593,,INTERFACE_COMPLETE,1.7199872210281237,255190699.38443622,13.182119026352812,22.67307627139853,,567.2608027188527,152832264261.26614,3.0561426387051287,10.0,68.30775195112905,0,s0010_h19_bh06,80.0
2.453597531869955,ALL_HALO_FLUX_COMPLETE,7,0.5994842503189409,2397937.001275764,1.5689991984784705e-05,SUBGRID_MASS_FRACTION_TOO_LARGE,357896538.82623714,,False,MATCHING_RADIUS_OUTSIDE_CONSERVATIVE_KEPLER_DOMAIN,NONLOCAL_JUMP_OPERATOR_REQUIRED,19,10.0,387,RESOLVED_FP_REPLACEMENT_REQUIRED,4035543194.682772,4035543194.682772,,INTERFACE_COMPLETE,2.2083585679192583,214497462.69946417,11.145749720031837,24.613811890115983,,567.0332236004621,152832264261.26614,3.08276350260933,10.0,68.51213386220283,0,s0010_h19_bh07,80.0
2.278514458697627,ALL_HALO_FLUX_COMPLETE,8,0.774263682681127,3097054.730724508,2.02644038920349e-05,SUBGRID_MASS_FRACTION_TOO_LARGE,427914187.4093269,,False,MATCHING_RADIUS_OUTSIDE_CONSERVATIVE_KEPLER_DOMAIN,NONLOCAL_JUMP_OPERATOR_REQUIRED,19,10.0,388,RESOLVED_FP_REPLACEMENT_REQUIRED,4088830589.3268366,4088830589.3268366,,INTERFACE_COMPLETE,2.830526842240698,180190585.37233877,9.434798894493785,26.70545152200752,,554.9328750604875,152832264261.26614,3.1147294780592483,10.0,68.75715856285682,0,s0010_h19_bh08,80.0
2.098691315540222,ALL_HALO_FLUX_COMPLETE,9,1.0,4000000.0,2.6172484058483986e-05,SUBGRID_MASS_FRACTION_TOO_LARGE,507168691.3877428,,False,MATCHING_RADIUS_OUTSIDE_CONSERVATIVE_KEPLER_DOMAIN,NONLOCAL_JUMP_OPERATOR_REQUIRED,19,10.0,389,RESOLVED_FP_REPLACEMENT_REQUIRED,4158617671.302959,4158617671.302959,,INTERFACE_COMPLETE,3.6199431279618315,151269897.08974344,7.9988896253522235,28.95552553061897,,554.5555300675321,152832264261.26614,3.1531677672602365,10.0,69.05126013652092,0,s0010_h19_bh09,80.0
1.9360481589717122,ALL_HALO_FLUX_COMPLETE,10,1.2589254117941673,5035701.647176669,3.294920527100323e-05,SUBGRID_MASS_FRACTION_TOO_LARGE,586216593.2878752,,False,MATCHING_RADIUS_OUTSIDE_CONSERVATIVE_KEPLER_DOMAIN,NONLOCAL_JUMP_OPERATOR_REQUIRED,19,10.0,390,RESOLVED_FP_REPLACEMENT_REQUIRED,4239892118.567634,4239892118.567634,,INTERFACE_COMPLETE,4.506094560261961,129147466.39465767,6.906603583817507,31.121808838925833,,542.6772824971778,152832264261.26614,3.1944333214614105,10.0,69.36639586049398,0,s0010_h19_bh10,80.0
1.7754207533998767,ALL_HALO_FLUX_COMPLETE,11,1.5848931924611136,6339572.769844455,4.148059181408829e-05,SUBGRID_MASS_FRACTION_TOO_LARGE,672431358.9538544,,False,MATCHING_RADIUS_OUTSIDE_CONSERVATIVE_KEPLER_DOMAIN,NONLOCAL_JUMP_OPERATOR_REQUIRED,19,10.0,391,RESOLVED_FP_REPLACEMENT_REQUIRED,4344312289.611786,4344312289.611786,,INTERFACE_COMPLETE,5.592885621225633,110182129.61770876,5.9765996441681395,33.42643821369022,,542.1361079974449,152832264261.26614,3.243282881749344,10.0,69.73871056131051,0,s0010_h19_bh11,80.0
1.6191092807058745,ALL_HALO_FLUX_COMPLETE,12,1.9952623149688797,7981049.259875519,5.222097113101686e-05,SUBGRID_MASS_FRACTION_TOO_LARGE,765959184.5483204,,False,MATCHING_RADIUS_OUTSIDE_CONSERVATIVE_KEPLER_DOMAIN,NONLOCAL_JUMP_OPERATOR_REQUIRED,19,10.0,392,RESOLVED_FP_REPLACEMENT_REQUIRED,4479835442.2347975,4479835442.2347975,,INTERFACE_COMPLETE,6.9164870060003905,93926761.55349758,5.186599616553138,35.87304885321638,,530.3564263859137,152832264261.26614,3.3011956451501288,10.0,70.17913288232474,0,s0010_h19_bh12,80.0
1.4689371784021668,ALL_HALO_FLUX_COMPLETE,13,2.51188643150958,10047545.72603832,6.574230758540671e-05,SUBGRID_MASS_FRACTION_TOO_LARGE,867587326.5072863,,False,MATCHING_RADIUS_OUTSIDE_CONSERVATIVE_KEPLER_DOMAIN,NONLOCAL_JUMP_OPERATOR_REQUIRED,19,10.0,393,RESOLVED_FP_REPLACEMENT_REQUIRED,4655854366.61318,4655854366.61318,,INTERFACE_COMPLETE,8.51422314276084,79998412.03021845,4.517678055080806,38.46451904811178,,518.7357332224676,152832264261.26614,3.36996884550971,10.0,70.70082273561363,0,s0010_h19_bh13,80.0
1.3262136298059508,ALL_HALO_FLUX_COMPLETE,14,3.1622776601683795,12649110.640673518,8.276466164925696e-05,SUBGRID_MASS_FRACTION_TOO_LARGE,979212430.7060784,,False,MATCHING_RADIUS_OUTSIDE_CONSERVATIVE_KEPLER_DOMAIN,NONLOCAL_JUMP_OPERATOR_REQUIRED,19,10.0,394,RESOLVED_FP_REPLACEMENT_REQUIRED,4887964206.892546,4887964206.892546,,INTERFACE_COMPLETE,10.421010373351535,68068408.9604542,3.9538001306492334,41.20259217565432,,497.062546344944,152832264261.26614,3.4517868795708533,10.0,71.31954827420303,0,s0010_h19_bh14,80.0
1.1917537349269425,ALL_HALO_FLUX_COMPLETE,15,3.981071705534973,15924286.822139893,0.00010419453574879574,SUBGRID_MASS_FRACTION_TOO_LARGE,1104442266.3024695,,False,MATCHING_RADIUS_OUTSIDE_CONSERVATIVE_KEPLER_DOMAIN,NONLOCAL_JUMP_OPERATOR_REQUIRED,19,10.0,395,RESOLVED_FP_REPLACEMENT_REQUIRED,5195779326.641048,5195779326.641048,,INTERFACE_COMPLETE,12.663460207890733,57855115.51284231,3.4815153567248345,44.08803118304545,,476.28335335405626,152832264261.26614,3.549341157978155,10.0,72.05423820597149,0,s0010_h19_bh15,80.0
1.065939138854677,ALL_HALO_FLUX_COMPLETE,16,5.011872336272724,20047489.345090896,0.00013117314882425476,SUBGRID_MASS_FRACTION_TOO_LARGE,1249466383.9500566,,False,MATCHING_RADIUS_OUTSIDE_CONSERVATIVE_KEPLER_DOMAIN,NONLOCAL_JUMP_OPERATOR_REQUIRED,19,10.0,396,RESOLVED_FP_REPLACEMENT_REQUIRED,5610712974.389861,5610712974.389861,,INTERFACE_COMPLETE,15.250885308522731,49116727.68909409,3.0896786377673657,47.12033454478284,,447.41503120738787,152832264261.26614,3.6659709495175625,10.0,72.9275450777875,0,s0010_h19_bh16,80.0
0.9488019819206789,ALL_HALO_FLUX_COMPLETE,17,6.309573444801933,25238293.779207733,0.0001651372103999125,SUBGRID_MASS_FRACTION_TOO_LARGE,1424308705.0598414,,False,MATCHING_RADIUS_OUTSIDE_CONSERVATIVE_KEPLER_DOMAIN,NONLOCAL_JUMP_OPERATOR_REQUIRED,19,10.0,397,RESOLVED_FP_REPLACEMENT_REQUIRED,6180747414.828222,6180747414.828222,,INTERFACE_COMPLETE,18.1627644922745,41870781.76674059,2.7842489087562234,50.569657217611564,,412.3218708335802,152832264261.26614,3.78241109142932,10.0,74.11460605449085,0,s0010_h19_bh17,80.0
0.8401195363821654,ALL_HALO_FLUX_COMPLETE,18,7.943282347242816,31773129.38897126,0.00020789543060524985,SUBGRID_MASS_FRACTION_TOO_LARGE,1645083232.252163,,False,MATCHING_RADIUS_OUTSIDE_CONSERVATIVE_KEPLER_DOMAIN,NONLOCAL_JUMP_OPERATOR_REQUIRED,19,10.0,398,RESOLVED_FP_REPLACEMENT_REQUIRED,6983025799.962919,6983025799.962919,,INTERFACE_COMPLETE,21.332772530479982,35403536.04982512,2.523354562029638,53.8301488855272,,366.1058678437464,152832264261.26614,3.9560158586513468,10.0,75.30930411217577,0,s0010_h19_bh18,80.0
0.7395072716524212,ALL_HALO_FLUX_COMPLETE,19,10.0,40000000.0,0.00026172484058483987,SUBGRID_MASS_FRACTION_TOO_LARGE,1937683087.568458,,False,MATCHING_RADIUS_OUTSIDE_CONSERVATIVE_KEPLER_DOMAIN,NONLOCAL_JUMP_OPERATOR_REQUIRED,19,10.0,399,RESOLVED_FP_REPLACEMENT_REQUIRED,8144350692.57377,8144350692.57377,,INTERFACE_COMPLETE,24.631645593796634,29883088.560718965,2.322260818912736,57.20110546781845,,308.04529656887706,152832264261.26614,4.1665501470898345,10.0,76.71714938709329,0,s0010_h19_bh19,80.0
7.791114920953612,ALL_HALO_FLUX_COMPLETE,0,0.1,400000.0,0.00026172484058483987,OK,11134356.486986231,ANGULAR_JUMP_CORRECTION_REQUIRED,True,GEOMETRIC_FP_DOMAIN_PASS,NONLOCAL_JUMP_OPERATOR_REQUIRED,0,0.1,400,SUBGRID_COUPLING_READY,27315083.708901823,27315083.708901823,,INTERFACE_COMPLETE,5.306727173984662,8772557.819788603,0.03164305593593555,0.1679210648031458,,126.9158938329736,1528322642.6126614,263.2043254935079,100.0,65.72080638641631,1,s0100_h00_bh00,80.0
7.574909708692145,ALL_HALO_FLUX_COMPLETE,1,0.1291549665014884,516619.8660059536,0.00033803063018342385,OK,15408541.84464479,ANGULAR_JUMP_CORRECTION_REQUIRED,True,GEOMETRIC_FP_DOMAIN_PASS,NONLOCAL_JUMP_OPERATOR_REQUIRED,0,0.1,401,SUBGRID_COUPLING_READY,31049363.948548637,31049363.948548637,,INTERFACE_COMPLETE,6.074285800914694,5923628.192664296,0.024109190060630326,0.14644611085684048,,117.8293600092732,1528322642.6126614,457.89006665199736,100.0,79.33618967377342,1,s0100_h00_bh01,80.0
7.540606621351372,ALL_HALO_FLUX_COMPLETE,2,0.16681005372000587,667240.2148800235,0.00043658334717817113,OK,22509777.325095776,ANGULAR_JUMP_CORRECTION_REQUIRED,True,GEOMETRIC_FP_DOMAIN_PASS,NONLOCAL_JUMP_OPERATOR_REQUIRED,0,0.1,402,SUBGRID_COUPLING_READY,36310024.51402036,36310024.51402036,,INTERFACE_COMPLETE,6.73693860876252,4216644.252896625,0.01998506360808701,0.13463814661989615,,106.93262958404283,1528322642.6126614,741.5314157476196,100.0,93.57697805929132,1,s0100_h00_bh02,80.0
7.7202410227850855,ALL_HALO_FLUX_COMPLETE,3,0.21544346900318834,861773.8760127533,0.0005638690757990436,OK,35200512.10420408,ANGULAR_JUMP_CORRECTION_REQUIRED,True,GEOMETRIC_FP_DOMAIN_PASS,NONLOCAL_JUMP_OPERATOR_REQUIRED,0,0.1,403,SUBGRID_COUPLING_READY,43865816.593175896,43865816.593175896,,INTERFACE_COMPLETE,7.195844052074014,3106598.437014243,0.01780392065481212,0.12811423654752746,,94.85311110401335,1528322642.6126614,1144.6174128760606,100.0,108.6773534443894,1,s0100_h00_bh03,80.0
8.150372209106134,ALL_HALO_FLUX_COMPLETE,4,0.2782559402207124,1113023.7608828498,0.000728264915960507,OK,59629879.21176347,ANGULAR_JUMP_CORRECTION_REQUIRED,True,GEOMETRIC_FP_DOMAIN_PASS,NONLOCAL_JUMP_OPERATOR_REQUIRED,0,0.1,404,SUBGRID_COUPLING_READY,59629879.21176347,59629879.21176347,,INTERFACE_COMPLETE,7.361027227691116,2343121.5620887903,0.016954296777150463,0.12480104020296029,,6.771342186467701,1528322642.6126614,1709.8395444598445,100.0,124.8683944278829,1,s0100_h00_bh04,80.0
8.857080075208858,ALL_HALO_FLUX_COMPLETE,5,0.35938136638046275,1437525.465521851,0.0009405903082508855,OK,110237133.0664757,ANGULAR_JUMP_CORRECTION_REQUIRED,True,GEOMETRIC_FP_DOMAIN_PASS,NONLOCAL_JUMP_OPERATOR_REQUIRED,0,0.1,405,SUBGRID_COUPLING_READY,110237133.0664757,110237133.0664757,,INTERFACE_COMPLETE,7.184406879558037,1796296.8771824718,0.01719973241980729,0.12356987592342089,,5.883907969203436,1528322642.6126614,2498.6427965609428,100.0,142.40050867084986,1,s0100_h00_bh05,80.0
9.821373684410968,ALL_HALO_FLUX_COMPLETE,6,0.46415888336127786,1856635.5334451115,0.0012148190975376774,OK,222695351.11516216,ANGULAR_JUMP_CORRECTION_REQUIRED,True,GEOMETRIC_FP_DOMAIN_PASS,NONLOCAL_JUMP_OPERATOR_REQUIRED,0,0.1,406,SUBGRID_COUPLING_READY,222695351.11516216,222695351.11516216,,INTERFACE_COMPLETE,6.685709625834102,1392924.2900032303,0.01851081788879795,0.12375795334119856,,4.992590975730569,1528322642.6126614,3599.6058779120895,100.0,161.54039559308856,1,s0100_h00_bh06,80.0
10.927713149737999,ALL_HALO_FLUX_COMPLETE,7,0.5994842503189409,2397937.001275764,0.0015689991984784706,OK,489202594.74700284,ANGULAR_JUMP_CORRECTION_REQUIRED,True,GEOMETRIC_FP_DOMAIN_PASS,NONLOCAL_JUMP_OPERATOR_REQUIRED,0,0.1,407,SUBGRID_COUPLING_READY,489202594.74700284,489202594.74700284,,INTERFACE_COMPLETE,5.950735096436633,1089084.788060967,0.02100137802762936,0.12497363730254718,,4.143411620443227,1528322642.6126614,5138.198539410832,100.0,182.55809914749494,1,s0100_h00_bh07,80.0
11.931132512236026,ALL_HALO_FLUX_COMPLETE,8,0.774263682681127,3097054.730724508,0.00202644038920349,OK,1156584098.7925875,ANGULAR_JUMP_CORRECTION_REQUIRED,True,GEOMETRIC_FP_DOMAIN_PASS,NONLOCAL_JUMP_OPERATOR_REQUIRED,0,0.1,408,SUBGRID_COUPLING_READY,1156584098.7925875,1156584098.7925875,,INTERFACE_COMPLETE,5.098501283507854,856912.1255417241,0.024909303507640063,0.12700011590498955,,3.3741931882929808,1528322642.6126614,7288.142069852558,100.0,205.7144484744964,1,s0100_h00_bh08,80.0
12.505830467766957,ALL_HALO_FLUX_COMPLETE,9,1.0,4000000.0,0.0026172484058483987,OK,2898760142.3437357,ANGULAR_JUMP_CORRECTION_REQUIRED,True,GEOMETRIC_FP_DOMAIN_PASS,NONLOCAL_JUMP_OPERATOR_REQUIRED,0,0.1,409,SUBGRID_COUPLING_READY,2898760142.3437357,2898760142.3437357,,INTERFACE_COMPLETE,4.239007235024262,677736.5001492781,0.030603821340288814,0.1297298200808742,,2.7071828285054456,1528322642.6126614,10286.243496049743,100.0,231.2595684368502,1,s0100_h00_bh09,80.0
12.435844330304963,ALL_HALO_FLUX_COMPLETE,10,1.2589254117941673,5035701.647176669,0.0032949205271003233,OK,6855156959.459899,ANGULAR_JUMP_CORRECTION_REQUIRED,True,GEOMETRIC_FP_DOMAIN_PASS,NONLOCAL_JUMP_OPERATOR_REQUIRED,0,0.1,410,SUBGRID_COUPLING_READY,6855156959.459899,6855156959.459899,,INTERFACE_COMPLETE,3.5221056019288826,550870.2391549207,0.03768997741739106,0.13274808059836612,,2.19952094437872,1528322642.6126614,13972.668718687119,100.0,256.5009146973443,1,s0100_h00_bh10,80.0
11.752534632631566,ALL_HALO_FLUX_COMPLETE,11,1.5848931924611136,6339572.769844455,0.004148059181408829,OK,16447154356.22514,ANGULAR_JUMP_CORRECTION_REQUIRED,True,GEOMETRIC_FP_DOMAIN_PASS,NONLOCAL_JUMP_OPERATOR_REQUIRED,0,0.1,411,SUBGRID_COUPLING_READY,16447154356.22514,16447154356.22514,,INTERFACE_COMPLETE,2.888655869874789,449222.5082627165,0.0471785557395659,0.13628261196931196,,1.77563235553751,1528322642.6126614,18916.235473261633,100.0,284.07819903206354,1,s0100_h00_bh11,80.0
10.557933503460731,ALL_HALO_FLUX_COMPLETE,12,1.9952623149688797,7981049.259875519,0.005222097113101686,SUBGRID_MASS_FRACTION_TOO_LARGE,39297095702.964836,PASS,True,GEOMETRIC_FP_DOMAIN_PASS,NONLOCAL_JUMP_OPERATOR_REQUIRED,0,0.1,412,RESOLVED_FP_REPLACEMENT_REQUIRED,39297095702.964836,39297095702.964836,,INTERFACE_COMPLETE,2.3474584826110996,367416.99768765183,0.059777846318142445,0.14032601241174616,,1.4269497447626462,1528322642.6126614,25528.49039094723,100.0,314.2094864166556,1,s0100_h00_bh12,80.0
9.050307518997625,ALL_HALO_FLUX_COMPLETE,13,2.51188643150958,10047545.72603832,0.006574230758540672,SUBGRID_MASS_FRACTION_TOO_LARGE,91828457085.67271,PASS,True,GEOMETRIC_FP_DOMAIN_PASS,NONLOCAL_JUMP_OPERATOR_REQUIRED,0,0.1,413,RESOLVED_FP_REPLACEMENT_REQUIRED,91828457085.67271,91828457085.67271,,INTERFACE_COMPLETE,1.895465018332092,301306.49533023185,0.07643137284778173,0.14487299353606756,,1.1431097258979286,1528322642.6126614,34354.986918482486,100.0,347.14478772231223,1,s0100_h00_bh13,80.0
7.443689878768038,ALL_HALO_FLUX_COMPLETE,14,3.1622776601683795,12649110.640673518,0.008276466164925696,SUBGRID_MASS_FRACTION_TOO_LARGE,206852640917.1478,PASS,True,GEOMETRIC_FP_DOMAIN_PASS,NONLOCAL_JUMP_OPERATOR_REQUIRED,0,0.1,414,RESOLVED_FP_REPLACEMENT_REQUIRED,206852640917.1478,206852640917.1478,,INTERFACE_COMPLETE,1.5236925401761803,247671.74185854525,0.09839160780631939,0.1499185588304293,,0.9137049674373237,1528322642.6126614,46122.19365213724,100.0,383.1711893765305,1,s0100_h00_bh14,80.0
5.9093556423882285,ALL_HALO_FLUX_COMPLETE,15,3.981071705534973,15924286.822139893,0.010419453574879575,SUBGRID_MASS_FRACTION_TOO_LARGE,445604761520.7606,PASS,True,GEOMETRIC_FP_DOMAIN_PASS,NONLOCAL_JUMP_OPERATOR_REQUIRED,0,0.1,415,RESOLVED_FP_REPLACEMENT_REQUIRED,445604761520.7606,445604761520.7606,,INTERFACE_COMPLETE,1.2210261649327212,204000.028232414,0.12731635523418458,0.15545660096480837,,0.7292010426007197,1528322642.6126614,61802.68293071482,100.0,422.6251232005765,1,s0100_h00_bh15,80.0
4.553644945672869,ALL_HALO_FLUX_COMPLETE,16,5.011872336272724,20047489.345090896,0.013117314882425476,SUBGRID_MASS_FRACTION_TOO_LARGE,917363038730.2754,PASS,True,GEOMETRIC_FP_DOMAIN_PASS,NONLOCAL_JUMP_OPERATOR_REQUIRED,0,0.1,416,RESOLVED_FP_REPLACEMENT_REQUIRED,917363038730.2754,917363038730.2754,,INTERFACE_COMPLETE,0.9763261673625058,168320.14111250473,0.16539413205884224,0.16147861905725758,,0.5813064342903141,1528322642.6126614,82707.5505810837,100.0,465.90367667411556,1,s0100_h00_bh16,80.0
3.422891437985332,ALL_HALO_FLUX_COMPLETE,17,6.309573444801933,25238293.779207733,0.01651372103999125,SUBGRID_MASS_FRACTION_TOO_LARGE,1813404590609.2192,PASS,True,GEOMETRIC_FP_DOMAIN_PASS,NONLOCAL_JUMP_OPERATOR_REQUIRED,0,0.1,417,RESOLVED_FP_REPLACEMENT_REQUIRED,1813404590609.2192,1813404590609.2192,,INTERFACE_COMPLETE,0.7794299692949707,139077.78527207306,0.21550611898461203,0.16797192770305444,,0.4630323462239505,1528322642.6126614,110619.69352663426,100.0,513.4826029192773,1,s0100_h00_bh17,80.0
2.520343431392514,ALL_HALO_FLUX_COMPLETE,18,7.943282347242816,31773129.38897126,0.020789543060524985,SUBGRID_MASS_FRACTION_TOO_LARGE,3466692612395.7134,PASS,True,GEOMETRIC_FP_DOMAIN_PASS,NONLOCAL_JUMP_OPERATOR_REQUIRED,0,0.1,418,RESOLVED_FP_REPLACEMENT_REQUIRED,3466692612395.7134,3466692612395.7134,,INTERFACE_COMPLETE,0.6215225948525842,115041.28662850572,0.2814334721577134,0.17491726189383455,,0.3686012445607173,1528322642.6126614,147990.1393610826,100.0,565.9406494036575,1,s0100_h00_bh18,80.0
1.8241632374620813,ALL_HALO_FLUX_COMPLETE,19,10.0,40000000.0,0.026172484058483988,SUBGRID_MASS_FRACTION_TOO_LARGE,6454950896987.097,PASS,True,GEOMETRIC_FP_DOMAIN_PASS,NONLOCAL_JUMP_OPERATOR_REQUIRED,0,0.1,419,RESOLVED_FP_REPLACEMENT_REQUIRED,6454950896987.097,6454950896987.097,,INTERFACE_COMPLETE,0.4951805702958189,95229.98421917133,0.36811969782126225,0.18228572190425715,,0.293295439760387,1528322642.6126614,198233.5070101452,100.0,623.9919086314674,1,s0100_h00_bh19,80.0
8.678419656642069,ALL_HALO_FLUX_COMPLETE,0,0.1,400000.0,0.00020264403892034902,OK,12974978.66024958,ANGULAR_JUMP_CORRECTION_REQUIRED,True,GEOMETRIC_FP_DOMAIN_PASS,NONLOCAL_JUMP_OPERATOR_REQUIRED,1,0.1291549665014884,420,SUBGRID_COUPLING_READY,38178350.15435935,38178350.15435935,,INTERFACE_COMPLETE,4.9203243069003415,13640871.47231628,0.053067341113304585,0.26110852838236437,,148.81350436325258,1973904597.101045,112.7525049190881,100.0,53.79802189908624,1,s0100_h01_bh00,80.0
8.259601441122658,ALL_HALO_FLUX_COMPLETE,1,0.1291549665014884,516619.8660059536,0.00026172484058483987,OK,17245362.547605146,ANGULAR_JUMP_CORRECTION_REQUIRED,True,GEOMETRIC_FP_DOMAIN_PASS,NONLOCAL_JUMP_OPERATOR_REQUIRED,1,0.1291549665014884,421,SUBGRID_COUPLING_READY,42281032.02451633,42281032.02451633,,INTERFACE_COMPLETE,5.779147746938189,8603785.572875032,0.0368057635592383,0.21270594554771172,,141.34503461264046,1973904597.101045,212.44457579595917,100.0,66.63830686912517,1,s0100_h01_bh01,80.0
8.002718216437797,ALL_HALO_FLUX_COMPLETE,2,0.16681005372000587,667240.2148800235,0.0003380306301834238,OK,23867214.06236316,ANGULAR_JUMP_CORRECTION_REQUIRED,True,GEOMETRIC_FP_DOMAIN_PASS,NONLOCAL_JUMP_OPERATOR_REQUIRED,1,0.1291549665014884,422,SUBGRID_COUPLING_READY,47966925.454965845,47966925.454965845,,INTERFACE_COMPLETE,6.6150367165486355,5858218.334794115,0.028277073262405267,0.18705387786734656,,131.15486631810586,1973904597.101045,363.82208976840286,100.0,80.02353090324208,1,s0100_h01_bh02,80.0
7.928425112900754,ALL_HALO_FLUX_COMPLETE,3,0.21544346900318834,861773.8760127533,0.0004365833471781711,OK,34850669.718771495,ANGULAR_JUMP_CORRECTION_REQUIRED,True,GEOMETRIC_FP_DOMAIN_PASS,NONLOCAL_JUMP_OPERATOR_REQUIRED,1,0.1291549665014884,423,SUBGRID_COUPLING_READY,55960219.48450554,55960219.48450554,,INTERFACE_COMPLETE,7.336680840303458,4187193.506883305,0.023536163833362145,0.17267732225047125,,118.95448959196068,1973904597.101045,584.2737837226005,100.0,94.12425523725867,1,s0100_h01_bh03,80.0
8.063307888651059,ALL_HALO_FLUX_COMPLETE,4,0.2782559402207124,1113023.7608828498,0.0005638690757990436,OK,54457158.22744512,ANGULAR_JUMP_CORRECTION_REQUIRED,True,GEOMETRIC_FP_DOMAIN_PASS,NONLOCAL_JUMP_OPERATOR_REQUIRED,1,0.1291549665014884,424,SUBGRID_COUPLING_READY,67417323.73736216,67417323.73736216,,INTERFACE_COMPLETE,7.836439405577487,3091873.93371842,0.02101485427227999,0.16468163212176332,,105.4572959935803,1973904597.101045,897.4292409780343,100.0,109.13296019435893,1,s0100_h01_bh04,80.0
8.433898439666,ALL_HALO_FLUX_COMPLETE,5,0.35938136638046275,1437525.465521851,0.0007282649159605072,OK,92191829.8191166,ANGULAR_JUMP_CORRECTION_REQUIRED,True,GEOMETRIC_FP_DOMAIN_PASS,NONLOCAL_JUMP_OPERATOR_REQUIRED,1,0.1291549665014884,425,SUBGRID_COUPLING_READY,92191829.8191166,92191829.8191166,,INTERFACE_COMPLETE,8.016327676804101,2335162.000372298,0.020039000189606627,0.16063919183542624,,7.374147126408369,1973904597.101045,1336.4094654659255,100.0,125.26158413963225,1,s0100_h01_bh05,80.0
9.04925728285294,ALL_HALO_FLUX_COMPLETE,6,0.46415888336127786,1856635.5334451115,0.0009405903082508854,OK,170436063.56195334,ANGULAR_JUMP_CORRECTION_REQUIRED,True,GEOMETRIC_FP_DOMAIN_PASS,NONLOCAL_JUMP_OPERATOR_REQUIRED,1,0.1291549665014884,426,SUBGRID_COUPLING_READY,170436063.56195334,170436063.56195334,,INTERFACE_COMPLETE,7.823984062084242,1791717.7525655183,0.02034638445674795,0.15918978771063452,,6.407710886309147,1973904597.101045,1948.9240905648912,100.0,142.7507983787499,1,s0100_h01_bh06,80.0
9.866253519323365,ALL_HALO_FLUX_COMPLETE,7,0.5994842503189409,2397937.001275764,0.0012148190975376774,OK,344609925.30480355,ANGULAR_JUMP_CORRECTION_REQUIRED,True,GEOMETRIC_FP_DOMAIN_PASS,NONLOCAL_JUMP_OPERATOR_REQUIRED,1,0.1291549665014884,427,SUBGRID_COUPLING_READY,344609925.30480355,344609925.30480355,,INTERFACE_COMPLETE,7.280891301560937,1390143.2235856133,0.021909462213563085,0.15952041285260948,,5.437046213761219,1973904597.101045,2803.7738132050754,100.0,161.86273447402064,1,s0100_h01_bh07,80.0
10.746448749710316,ALL_HALO_FLUX_COMPLETE,8,0.774263682681127,3097054.730724508,0.0015689991984784706,OK,757877068.0238438,ANGULAR_JUMP_CORRECTION_REQUIRED,True,GEOMETRIC_FP_DOMAIN_PASS,NONLOCAL_JUMP_OPERATOR_REQUIRED,1,0.1291549665014884,428,SUBGRID_COUPLING_READY,757877068.0238438,757877068.0238438,,INTERFACE_COMPLETE,6.48048716236824,1087306.0076014404,0.02486634541190602,0.16114603221687135,,4.512270396773034,1973904597.101045,3998.4635843365622,100.0,182.86575540003858,1,s0100_h01_bh08,80.0
11.444496194787872,ALL_HALO_FLUX_COMPLETE,9,1.0,4000000.0,0.00202644038920349,OK,1791160535.1531868,ANGULAR_JUMP_CORRECTION_REQUIRED,True,GEOMETRIC_FP_DOMAIN_PASS,NONLOCAL_JUMP_OPERATOR_REQUIRED,1,0.1291549665014884,429,SUBGRID_COUPLING_READY,1791160535.1531868,1791160535.1531868,,INTERFACE_COMPLETE,5.552384970871199,855712.5186961847,0.029500355918637287,0.16379733283799291,,3.674573861164989,1973904597.101045,5668.123150015516,100.0,206.01982060055224,1,s0100_h01_bh09,80.0
11.68252265843208,ALL_HALO_FLUX_COMPLETE,10,1.2589254117941673,5035701.647176669,0.0025511373014543365,OK,4071332111.359089,ANGULAR_JUMP_CORRECTION_REQUIRED,True,GEOMETRIC_FP_DOMAIN_PASS,NONLOCAL_JUMP_OPERATOR_REQUIRED,1,0.1291549665014884,430,SUBGRID_COUPLING_READY,4071332111.359089,4071332111.359089,,INTERFACE_COMPLETE,4.707656248682484,692793.0293583426,0.035463182430434004,0.1669484723667995,,3.015504605228151,1973904597.101045,7728.0294831375595,100.0,228.90589649449444,1,s0100_h01_bh10,80.0
11.403119426988225,ALL_HALO_FLUX_COMPLETE,11,1.5848931924611136,6339572.769844455,0.0032116915777768615,OK,9516060677.327682,ANGULAR_JUMP_CORRECTION_REQUIRED,True,GEOMETRIC_FP_DOMAIN_PASS,NONLOCAL_JUMP_OPERATOR_REQUIRED,1,0.1291549665014884,431,SUBGRID_COUPLING_READY,9516060677.327682,9516060677.327682,,INTERFACE_COMPLETE,3.918256383440827,562927.5052842355,0.04358515147544525,0.17077779799189874,,2.4521134025787363,1973904597.101045,10500.362966761888,100.0,253.9238781820683,1,s0100_h01_bh11,80.0
10.596473238936538,ALL_HALO_FLUX_COMPLETE,12,1.9952623149688797,7981049.259875519,0.004043280142108594,SUBGRID_MASS_FRACTION_TOO_LARGE,22458352720.210186,ANGULAR_JUMP_CORRECTION_REQUIRED,True,GEOMETRIC_FP_DOMAIN_PASS,NONLOCAL_JUMP_OPERATOR_REQUIRED,1,0.1291549665014884,432,RESOLVED_FP_REPLACEMENT_REQUIRED,22458352720.210186,22458352720.210186,,INTERFACE_COMPLETE,3.217536465890511,458900.32061778236,0.054472063019058485,0.17526584913610663,,1.9807550469688062,1973904597.101045,14221.154132013073,100.0,281.2715477796517,1,s0100_h01_bh12,80.0
9.380344967281845,ALL_HALO_FLUX_COMPLETE,13,2.51188643150958,10047545.72603832,0.005090188117903239,SUBGRID_MASS_FRACTION_TOO_LARGE,52524013044.45673,PASS,True,GEOMETRIC_FP_DOMAIN_PASS,NONLOCAL_JUMP_OPERATOR_REQUIRED,1,0.1291549665014884,433,RESOLVED_FP_REPLACEMENT_REQUIRED,52524013044.45673,52524013044.45673,,INTERFACE_COMPLETE,2.616989614501111,375199.54116215475,0.06893491423674537,0.18040195463408742,,1.5924736045412,1973904597.101045,19202.6850400808,100.0,311.16954067824406,1,s0100_h01_bh13,80.0
7.940964435194429,ALL_HALO_FLUX_COMPLETE,14,3.1622776601683795,12649110.640673518,0.006408167172441114,SUBGRID_MASS_FRACTION_TOO_LARGE,119707687785.37082,PASS,True,GEOMETRIC_FP_DOMAIN_PASS,NONLOCAL_JUMP_OPERATOR_REQUIRED,1,0.1291549665014884,434,RESOLVED_FP_REPLACEMENT_REQUIRED,119707687785.37082,119707687785.37082,,INTERFACE_COMPLETE,2.114372157838202,307574.2493838534,0.08805367404028998,0.1861782367861496,,1.276088803629433,1973904597.101045,25859.787235220643,100.0,343.87101520247865,1,s0100_h01_bh14,80.0
6.463457687207069,ALL_HALO_FLUX_COMPLETE,15,3.981071705534973,15924286.822139893,0.008067404496411294,SUBGRID_MASS_FRACTION_TOO_LARGE,262746160458.27075,PASS,True,GEOMETRIC_FP_DOMAIN_PASS,NONLOCAL_JUMP_OPERATOR_REQUIRED,1,0.1291549665014884,435,RESOLVED_FP_REPLACEMENT_REQUIRED,262746160458.27075,262746160458.27075,,INTERFACE_COMPLETE,1.7003777277191048,252724.31383945743,0.1132610434803813,0.19258655575226546,,1.0202106059194609,1973904597.101045,34746.38523347861,100.0,379.6690253015958,1,s0100_h01_bh15,80.0
5.087093760075754,ALL_HALO_FLUX_COMPLETE,16,5.011872336272724,20047489.345090896,0.010156260527754705,SUBGRID_MASS_FRACTION_TOO_LARGE,552618049697.0836,PASS,True,GEOMETRIC_FP_DOMAIN_PASS,NONLOCAL_JUMP_OPERATOR_REQUIRED,1,0.1291549665014884,436,RESOLVED_FP_REPLACEMENT_REQUIRED,552618049697.0836,552618049697.0836,,INTERFACE_COMPLETE,1.363016259110243,208073.4657240154,0.14645176317461317,0.19961613438236048,,0.8143204666076811,1973904597.101045,46606.9308120765,100.0,418.909249952946,1,s0100_h01_bh16,80.0
3.8922856854162293,ALL_HALO_FLUX_COMPLETE,17,6.309573444801933,25238293.779207733,0.012785974467192436,SUBGRID_MASS_FRACTION_TOO_LARGE,1115251366437.1367,PASS,True,GEOMETRIC_FP_DOMAIN_PASS,NONLOCAL_JUMP_OPERATOR_REQUIRED,1,0.1291549665014884,437,RESOLVED_FP_REPLACEMENT_REQUIRED,1115251366437.1367,1115251366437.1367,,INTERFACE_COMPLETE,1.09008967337052,171601.24494891928,0.19012409024316587,0.20725230743303996,,0.6492314222222476,1973904597.101045,62449.43790192836,100.0,462.00245573769,1,s0100_h01_bh17,80.0
2.908710003286896,ALL_HALO_FLUX_COMPLETE,18,7.943282347242816,31773129.38897126,0.016096588171299945,SUBGRID_MASS_FRACTION_TOO_LARGE,2171181173779.4292,PASS,True,GEOMETRIC_FP_DOMAIN_PASS,NONLOCAL_JUMP_OPERATOR_REQUIRED,1,0.1291549665014884,438,RESOLVED_FP_REPLACEMENT_REQUIRED,2171181173779.4292,2171181173779.4292,,INTERFACE_COMPLETE,0.8703830116375683,141714.80621855048,0.24756187405281946,0.21547364950473336,,0.5171776050585367,1973904597.101045,83652.32335890469,100.0,509.44516186217675,1,s0100_h01_bh18,80.0
2.13143532341147,ALL_HALO_FLUX_COMPLETE,19,10.0,40000000.0,0.0202644038920349,SUBGRID_MASS_FRACTION_TOO_LARGE,4104640575279.6187,PASS,True,GEOMETRIC_FP_DOMAIN_PASS,NONLOCAL_JUMP_OPERATOR_REQUIRED,1,0.1291549665014884,439,RESOLVED_FP_REPLACEMENT_REQUIRED,4104640575279.6187,4104640575279.6187,,INTERFACE_COMPLETE,0.6941268478118316,117152.45525904364,0.32306617696629986,0.2242489070522371,,0.41172819883779854,1973904597.101045,112123.02565405365,100.0,561.8454471679999,1,s0100_h01_bh19,80.0
9.805715699566345,ALL_HALO_FLUX_COMPLETE,0,0.1,400000.0,0.0001568999198478471,OK,15510508.91773645,ANGULAR_JUMP_CORRECTION_REQUIRED,True,GEOMETRIC_FP_DOMAIN_PASS,NONLOCAL_JUMP_OPERATOR_REQUIRED,2,0.16681005372000587,440,SUBGRID_COUPLING_READY,54569165.38970789,54569165.38970789,,INTERFACE_COMPLETE,4.4689066295826825,22285421.718412764,0.09545496355183494,0.42657931944336847,,170.51434189524534,2549395821.1571937,47.37812697070898,100.0,43.783071152562584,1,s0100_h02_bh00,80.0
9.187065546577292,ALL_HALO_FLUX_COMPLETE,1,0.1291549665014884,516619.8660059536,0.00020264403892034905,OK,20074376.27565613,ANGULAR_JUMP_CORRECTION_REQUIRED,True,GEOMETRIC_FP_DOMAIN_PASS,NONLOCAL_JUMP_OPERATOR_REQUIRED,2,0.16681005372000587,441,SUBGRID_COUPLING_READY,59146700.11127119,59146700.11127119,,INTERFACE_COMPLETE,5.358346151998872,13088574.161321048,0.06038813587335687,0.32358053548338683,,162.06132334651508,2549395821.1571937,94.60466380243912,100.0,55.25851937746243,1,s0100_h02_bh01,80.0
8.718800797212719,ALL_HALO_FLUX_COMPLETE,2,0.16681005372000587,667240.2148800235,0.00026172484058483987,OK,26693056.288626004,ANGULAR_JUMP_CORRECTION_REQUIRED,True,GEOMETRIC_FP_DOMAIN_PASS,NONLOCAL_JUMP_OPERATOR_REQUIRED,2,0.16681005372000587,442,SUBGRID_COUPLING_READY,65418312.46061467,65418312.46061467,,INTERFACE_COMPLETE,6.2936245987304105,8419966.11847364,0.042717976421584015,0.2688509072148668,,153.92798829512705,2549395821.1571937,172.3224079339225,100.0,67.6798715156761,1,s0100_h02_bh02,80.0
8.414709768851319,ALL_HALO_FLUX_COMPLETE,3,0.21544346900318834,861773.8760127533,0.0003380306301834238,OK,36939556.81383057,ANGULAR_JUMP_CORRECTION_REQUIRED,True,GEOMETRIC_FP_DOMAIN_PASS,NONLOCAL_JUMP_OPERATOR_REQUIRED,2,0.16681005372000587,443,SUBGRID_COUPLING_READY,74095839.22203001,74095839.22203001,,INTERFACE_COMPLETE,7.203926880539139,5784485.65407872,0.03311370120682856,0.23854868223801357,,146.01902881872385,2549395821.1571937,290.1663362224182,100.0,80.81778776822549,1,s0100_h02_bh03,80.0
8.291848986490042,ALL_HALO_FLUX_COMPLETE,4,0.2782559402207124,1113023.7608828498,0.00043658334717817113,OK,53908175.67459677,ANGULAR_JUMP_CORRECTION_REQUIRED,True,GEOMETRIC_FP_DOMAIN_PASS,NONLOCAL_JUMP_OPERATOR_REQUIRED,2,0.16681005372000587,444,SUBGRID_COUPLING_READY,86291831.2491963,86291831.2491963,,INTERFACE_COMPLETE,7.98981390189082,4153402.4317948846,0.027687945635941097,0.22122153295683944,,132.35221024314362,2549395821.1571937,461.647621655209,100.0,94.7624268998685,1,s0100_h02_bh04,80.0
8.370442020703905,ALL_HALO_FLUX_COMPLETE,5,0.35938136638046275,1437525.465521851,0.0005638690757990437,OK,84162888.10747273,ANGULAR_JUMP_CORRECTION_REQUIRED,True,GEOMETRIC_FP_DOMAIN_PASS,NONLOCAL_JUMP_OPERATOR_REQUIRED,2,0.16681005372000587,445,SUBGRID_COUPLING_READY,103742738.04248019,103742738.04248019,,INTERFACE_COMPLETE,8.534062455062248,3074809.3064857293,0.02478545327939245,0.21152060626336258,,117.26432471733366,2549395821.1571937,705.0978674375735,100.0,109.66694670109513,1,s0100_h02_bh05,80.0
8.666107177467865,ALL_HALO_FLUX_COMPLETE,6,0.46415888336127786,1856635.5334451115,0.000728264915960507,OK,142360393.57251304,ANGULAR_JUMP_CORRECTION_REQUIRED,True,GEOMETRIC_FP_DOMAIN_PASS,NONLOCAL_JUMP_OPERATOR_REQUIRED,2,0.16681005372000587,446,SUBGRID_COUPLING_READY,142360393.57251304,142360393.57251304,,INTERFACE_COMPLETE,8.72996491306998,2325881.6595676234,0.023671224412924022,0.20664895857423224,,8.030615547769818,2549395821.1571937,1046.2296644690023,100.0,125.72374024225275,1,s0100_h02_bh06,80.0
9.170955015739795,ALL_HALO_FLUX_COMPLETE,7,0.5994842503189409,2397937.001275764,0.0009405903082508854,OK,263047615.14804786,ANGULAR_JUMP_CORRECTION_REQUIRED,True,GEOMETRIC_FP_DOMAIN_PASS,NONLOCAL_JUMP_OPERATOR_REQUIRED,2,0.16681005372000587,447,SUBGRID_COUPLING_READY,263047615.14804786,263047615.14804786,,INTERFACE_COMPLETE,8.520498299995213,1786358.302119164,0.02405804298498568,0.20498651435478224,,6.978144290737937,2549395821.1571937,1522.1039709474662,100.0,143.16342218845006,1,s0100_h02_bh07,80.0
9.820854187626152,ALL_HALO_FLUX_COMPLETE,8,0.774263682681127,3097054.730724508,0.0012148190975376774,OK,531734118.4969894,ANGULAR_JUMP_CORRECTION_REQUIRED,True,GEOMETRIC_FP_DOMAIN_PASS,NONLOCAL_JUMP_OPERATOR_REQUIRED,2,0.16681005372000587,448,SUBGRID_COUPLING_READY,531734118.4969894,531734118.4969894,,INTERFACE_COMPLETE,7.9290578131461515,1386880.3456714142,0.025922998705224746,0.20554495542383985,,5.921068173675113,2549395821.1571937,2186.1946340203995,100.0,162.24298403208616,1,s0100_h02_bh08,80.0
10.463192358382061,ALL_HALO_FLUX_COMPLETE,9,1.0,4000000.0,0.0015689991984784708,OK,1168403883.1571922,ANGULAR_JUMP_CORRECTION_REQUIRED,True,GEOMETRIC_FP_DOMAIN_PASS,NONLOCAL_JUMP_OPERATOR_REQUIRED,2,0.16681005372000587,449,SUBGRID_COUPLING_READY,1168403883.1571922,1168403883.1571922,,INTERFACE_COMPLETE,7.057399326474328,1085216.1194455144,0.029434081258459397,0.207728065248842,,4.913966074028735,2549395821.1571937,3114.334355046869,100.0,183.22848718770413,1,s0100_h02_bh09,80.0
10.843114226107042,ALL_HALO_FLUX_COMPLETE,10,1.2589254117941673,5035701.647176669,0.0019752529620492274,OK,2519675841.660439,ANGULAR_JUMP_CORRECTION_REQUIRED,True,GEOMETRIC_FP_DOMAIN_PASS,NONLOCAL_JUMP_OPERATOR_REQUIRED,2,0.16681005372000587,450,SUBGRID_COUPLING_READY,2519675841.660439,2519675841.660439,,INTERFACE_COMPLETE,6.150018114138147,874780.5136043859,0.03427690852290379,0.21080360831251457,,4.0877438440324045,2549395821.1571937,4261.6006709818685,100.0,203.96030676099585,1,s0100_h02_bh10,80.0
10.85673036066489,ALL_HALO_FLUX_COMPLETE,11,1.5848931924611136,6339572.769844455,0.0024866961486454723,OK,5665993179.574824,ANGULAR_JUMP_CORRECTION_REQUIRED,True,GEOMETRIC_FP_DOMAIN_PASS,NONLOCAL_JUMP_OPERATOR_REQUIRED,2,0.16681005372000587,451,SUBGRID_COUPLING_READY,5665993179.574824,5665993179.574824,,INTERFACE_COMPLETE,5.2269269309560995,708038.8978682683,0.04109506091736607,0.21480088063826216,,3.3585628803775798,2549395821.1571937,5810.3918149639985,100.0,226.6314711629262,1,s0100_h02_bh11,80.0
10.406717052263936,ALL_HALO_FLUX_COMPLETE,12,1.9952623149688797,7981049.259875519,0.0031305649729404706,SUBGRID_MASS_FRACTION_TOO_LARGE,13055113415.402878,ANGULAR_JUMP_CORRECTION_REQUIRED,True,GEOMETRIC_FP_DOMAIN_PASS,NONLOCAL_JUMP_OPERATOR_REQUIRED,2,0.16681005372000587,452,RESOLVED_FP_REPLACEMENT_REQUIRED,13055113415.402878,13055113415.402878,,INTERFACE_COMPLETE,4.358251620475837,575144.0143999578,0.05040147476499093,0.21966230906889375,,2.733496088570869,2549395821.1571937,7896.313120002248,100.0,251.42881888517476,1,s0100_h02_bh12,80.0
9.514542535010825,ALL_HALO_FLUX_COMPLETE,13,2.51188643150958,10047545.72603832,0.003941147797707477,SUBGRID_MASS_FRACTION_TOO_LARGE,30242184651.800743,ANGULAR_JUMP_CORRECTION_REQUIRED,True,GEOMETRIC_FP_DOMAIN_PASS,NONLOCAL_JUMP_OPERATOR_REQUIRED,2,0.16681005372000587,453,RESOLVED_FP_REPLACEMENT_REQUIRED,30242184651.800743,30242184651.800743,,INTERFACE_COMPLETE,3.5834428422628473,468705.7793845972,0.06288959054030135,0.22536125307448415,,2.2094469069716287,2549395821.1571937,10698.377951176775,100.0,278.5521224749283,1,s0100_h02_bh13,80.0
8.304689150794738,ALL_HALO_FLUX_COMPLETE,14,3.1622776601683795,12649110.640673518,0.004961611114170562,SUBGRID_MASS_FRACTION_TOO_LARGE,69153023497.9252,PASS,True,GEOMETRIC_FP_DOMAIN_PASS,NONLOCAL_JUMP_OPERATOR_REQUIRED,2,0.16681005372000587,454,RESOLVED_FP_REPLACEMENT_REQUIRED,69153023497.9252,69153023497.9252,,INTERFACE_COMPLETE,2.917229435289843,383081.41485324886,0.07948760943352481,0.2318835939803012,,1.7771260092781478,2549395821.1571937,14453.764818434129,100.0,308.22482897097325,1,s0100_h02_bh14,80.0
6.9470573388889205,ALL_HALO_FLUX_COMPLETE,15,3.981071705534973,15924286.822139893,0.006246298315069692,SUBGRID_MASS_FRACTION_TOO_LARGE,153770107874.8212,PASS,True,GEOMETRIC_FP_DOMAIN_PASS,NONLOCAL_JUMP_OPERATOR_REQUIRED,2,0.16681005372000587,455,RESOLVED_FP_REPLACEMENT_REQUIRED,153770107874.8212,153770107874.8212,,INTERFACE_COMPLETE,2.3584286304794406,313916.8675899559,0.10143103426602788,0.23921785523214134,,1.4244983021462472,2549395821.1571937,19478.365981473773,100.0,340.7040301791201,1,s0100_h02_bh15,80.0
5.59864008267639,ALL_HALO_FLUX_COMPLETE,16,5.011872336272724,20047489.345090896,0.007863623678488325,SUBGRID_MASS_FRACTION_TOO_LARGE,329460205210.8203,PASS,True,GEOMETRIC_FP_DOMAIN_PASS,NONLOCAL_JUMP_OPERATOR_REQUIRED,2,0.16681005372000587,456,RESOLVED_FP_REPLACEMENT_REQUIRED,329460205210.8203,329460205210.8203,,INTERFACE_COMPLETE,1.8974759673087156,257830.53931162524,0.13035779723054897,0.2473507873962693,,1.1391085080802623,2549395821.1571937,26195.437047742453,100.0,376.2898238085587,1,s0100_h02_bh16,80.0
4.370481486664371,ALL_HALO_FLUX_COMPLETE,17,6.309573444801933,25238293.779207733,0.009899715677635278,SUBGRID_MASS_FRACTION_TOO_LARGE,678364547730.9275,PASS,True,GEOMETRIC_FP_DOMAIN_PASS,NONLOCAL_JUMP_OPERATOR_REQUIRED,2,0.16681005372000587,457,RESOLVED_FP_REPLACEMENT_REQUIRED,678364547730.9275,678364547730.9275,,INTERFACE_COMPLETE,1.521475872481827,212182.84018276178,0.16843181509491362,0.25626494282523143,,0.9093632713618905,2549395821.1571937,35176.01190638814,100.0,415.33809840486333,1,s0100_h02_bh17,80.0
3.3215122826237122,ALL_HALO_FLUX_COMPLETE,18,7.943282347242816,31773129.38897126,0.012463003636112165,SUBGRID_MASS_FRACTION_TOO_LARGE,1345812482371.8252,PASS,True,GEOMETRIC_FP_DOMAIN_PASS,NONLOCAL_JUMP_OPERATOR_REQUIRED,2,0.16681005372000587,458,RESOLVED_FP_REPLACEMENT_REQUIRED,1345812482371.8252,1345812482371.8252,,INTERFACE_COMPLETE,1.2170847118448327,174903.37866877732,0.21850246058273387,0.26593600427572356,,0.7250859353723771,2549395821.1571937,47197.245478323246,100.0,458.2759856419783,1,s0100_h02_bh18,80.0
2.468424125103041,ALL_HALO_FLUX_COMPLETE,19,10.0,40000000.0,0.01568999198478471,SUBGRID_MASS_FRACTION_TOO_LARGE,2586414175982.6655,PASS,True,GEOMETRIC_FP_DOMAIN_PASS,NONLOCAL_JUMP_OPERATOR_REQUIRED,2,0.16681005372000587,459,RESOLVED_FP_REPLACEMENT_REQUIRED,2586414175982.6655,2586414175982.6655,,INTERFACE_COMPLETE,0.9719353467184457,144360.48000312186,0.2843085242267484,0.2763295040693343,,0.5776500541618397,2549395821.1571937,63328.171470892245,100.0,505.62300272017427,1,s0100_h02_bh19,80.0
11.179879411408157,ALL_HALO_FLUX_COMPLETE,0,0.1,400000.0,0.00012148190975376777,OK,18834775.98548824,ANGULAR_JUMP_CORRECTION_REQUIRED,True,GEOMETRIC_FP_DOMAIN_PASS,NONLOCAL_JUMP_OPERATOR_REQUIRED,3,0.21544346900318834,460,SUBGRID_COUPLING_READY,79364050.92760594,79364050.92760594,,INTERFACE_COMPLETE,3.9931311414132553,35398324.27725606,0.1696868040901104,0.6775816616991099,,195.3520599101794,3292671318.8059177,22.356286427495743,100.0,37.057271110648934,1,s0100_h03_bh00,80.0
10.358674765758659,ALL_HALO_FLUX_COMPLETE,1,0.1291549665014884,516619.8660059536,0.00015689991984784712,OK,23979373.298369084,ANGULAR_JUMP_CORRECTION_REQUIRED,True,GEOMETRIC_FP_DOMAIN_PASS,NONLOCAL_JUMP_OPERATOR_REQUIRED,3,0.21544346900318834,461,SUBGRID_COUPLING_READY,84555208.65491034,84555208.65491034,,INTERFACE_COMPLETE,4.866741935828132,20491126.548437018,0.10409205170455876,0.5065891532169663,,185.69403371921038,3292671318.8059177,42.502763162615686,100.0,45.98574480050838,1,s0100_h03_bh01,80.0
9.682072150392672,ALL_HALO_FLUX_COMPLETE,2,0.16681005372000587,667240.2148800235,0.00020264403892034907,OK,31051737.826855242,ANGULAR_JUMP_CORRECTION_REQUIRED,True,GEOMETRIC_FP_DOMAIN_PASS,NONLOCAL_JUMP_OPERATOR_REQUIRED,3,0.21544346900318834,462,SUBGRID_COUPLING_READY,91583906.19856618,91583906.19856618,,INTERFACE_COMPLETE,5.835361999284247,12533825.781866482,0.06858308447436466,0.400207124935409,,180.6048366173803,3292671318.8059177,79.76770909546327,100.0,56.85134637630983,1,s0100_h03_bh02,80.0
9.15903697790875,ALL_HALO_FLUX_COMPLETE,3,0.21544346900318834,861773.8760127533,0.00026172484058483987,OK,41294394.14424309,ANGULAR_JUMP_CORRECTION_REQUIRED,True,GEOMETRIC_FP_DOMAIN_PASS,NONLOCAL_JUMP_OPERATOR_REQUIRED,3,0.21544346900318834,463,SUBGRID_COUPLING_READY,101193300.13238063,101193300.13238063,,INTERFACE_COMPLETE,6.853901703885244,8221447.422644213,0.04946781017763385,0.3390475084639565,,171.47010757783767,3292671318.8059177,140.51107557652054,100.0,68.85772998595894,1,s0100_h03_bh03,80.0
8.80089996282178,ALL_HALO_FLUX_COMPLETE,4,0.2782559402207124,1113023.7608828498,0.0003380306301834239,OK,57124684.8973675,ANGULAR_JUMP_CORRECTION_REQUIRED,True,GEOMETRIC_FP_DOMAIN_PASS,NONLOCAL_JUMP_OPERATOR_REQUIRED,3,0.21544346900318834,464,SUBGRID_COUPLING_READY,114487997.88979448,114487997.88979448,,INTERFACE_COMPLETE,7.845241791376029,5701922.268623999,0.03871135240794824,0.3036999197115206,,159.0180753110393,3292671318.8059177,232.3819822747485,100.0,81.73271567198233,1,s0100_h03_bh04,80.0
8.620501016183061,ALL_HALO_FLUX_COMPLETE,5,0.35938136638046275,1437525.465521851,0.0004365833471781713,OK,83295878.94771305,ANGULAR_JUMP_CORRECTION_REQUIRED,True,GEOMETRIC_FP_DOMAIN_PASS,NONLOCAL_JUMP_OPERATOR_REQUIRED,3,0.21544346900318834,465,SUBGRID_COUPLING_READY,133152903.247222,133152903.247222,,INTERFACE_COMPLETE,8.701090803373036,4114820.135515588,0.03253206648224673,0.2830644644833972,,147.28706145760387,3292671318.8059177,365.90382358080467,100.0,95.5049346943669,1,s0100_h03_bh05,80.0
8.631011163901565,ALL_HALO_FLUX_COMPLETE,6,0.46415888336127786,1856635.5334451115,0.0005638690757990437,OK,129889998.97826774,ANGULAR_JUMP_CORRECTION_REQUIRED,True,GEOMETRIC_FP_DOMAIN_PASS,NONLOCAL_JUMP_OPERATOR_REQUIRED,3,0.21544346900318834,466,SUBGRID_COUPLING_READY,159869266.57779214,159869266.57779214,,INTERFACE_COMPLETE,9.293789974955521,3055105.0080061317,0.029206458252690394,0.2714386889128109,,130.4133772121786,3292671318.8059177,555.3154072986804,100.0,110.29172421138229,1,s0100_h03_bh06,80.0
8.836783949029474,ALL_HALO_FLUX_COMPLETE,7,0.5994842503189409,2397937.001275764,0.0007282649159605072,OK,219414095.45104903,ANGULAR_JUMP_CORRECTION_REQUIRED,True,GEOMETRIC_FP_DOMAIN_PASS,NONLOCAL_JUMP_OPERATOR_REQUIRED,3,0.21544346900318834,467,SUBGRID_COUPLING_READY,219414095.45104903,219414095.45104903,,INTERFACE_COMPLETE,9.507132250089885,2315091.5570727084,0.02794314946936855,0.2656592174893158,,8.745524732633488,3292671318.8059177,820.5904549290634,100.0,126.26631629971249,1,s0100_h03_bh07,80.0
9.214090470755709,ALL_HALO_FLUX_COMPLETE,8,0.774263682681127,3097054.730724508,0.0009405903082508855,OK,404864559.9318207,ANGULAR_JUMP_CORRECTION_REQUIRED,True,GEOMETRIC_FP_DOMAIN_PASS,NONLOCAL_JUMP_OPERATOR_REQUIRED,3,0.21544346900318834,468,SUBGRID_COUPLING_READY,404864559.9318207,404864559.9318207,,INTERFACE_COMPLETE,9.279018298623823,1780099.805847471,0.02843217939605079,0.2638227128857105,,7.599359366603095,3292671318.8059177,1190.5391850943756,100.0,143.64871605352212,1,s0100_h03_bh08,80.0
9.682362355531165,ALL_HALO_FLUX_COMPLETE,9,1.0,4000000.0,0.0012148190975376776,OK,816980472.2421395,ANGULAR_JUMP_CORRECTION_REQUIRED,True,GEOMETRIC_FP_DOMAIN_PASS,NONLOCAL_JUMP_OPERATOR_REQUIRED,3,0.21544346900318834,469,SUBGRID_COUPLING_READY,816980472.2421395,816980472.2421395,,INTERFACE_COMPLETE,8.634926027632803,1383059.3551478388,0.03065922250740737,0.2647401184161973,,6.44817920226113,3292671318.8059177,1706.748004390391,100.0,162.69082153660165,1,s0100_h03_bh09,80.0
10.052857923843252,ALL_HALO_FLUX_COMPLETE,10,1.2589254117941673,5035701.647176669,0.0015293666326230396,OK,1649066771.1486838,ANGULAR_JUMP_CORRECTION_REQUIRED,True,GEOMETRIC_FP_DOMAIN_PASS,NONLOCAL_JUMP_OPERATOR_REQUIRED,3,0.21544346900318834,470,SUBGRID_COUPLING_READY,1649066771.1486838,1649066771.1486838,,INTERFACE_COMPLETE,7.79001918082288,1109279.1567524741,0.034314783713157535,0.26731282331128575,,5.457116845355659,3292671318.8059177,2344.7270011081796,100.0,181.46566651717401,1,s0100_h03_bh10,80.0
10.217122770100591,ALL_HALO_FLUX_COMPLETE,11,1.5848931924611136,6339572.769844455,0.001925358517759219,OK,3517691099.8947554,ANGULAR_JUMP_CORRECTION_REQUIRED,True,GEOMETRIC_FP_DOMAIN_PASS,NONLOCAL_JUMP_OPERATOR_REQUIRED,3,0.21544346900318834,471,SUBGRID_COUPLING_READY,3517691099.8947554,3517691099.8947554,,INTERFACE_COMPLETE,6.809873126774892,894010.7917909254,0.03982746647272475,0.27121999364013627,,4.546673666101773,3292671318.8059177,3207.362736324955,100.0,201.9883234467547,1,s0100_h03_bh11,80.0
10.03767384117517,ALL_HALO_FLUX_COMPLETE,12,1.9952623149688797,7981049.259875519,0.0024238827648214323,OK,7806321427.285153,ANGULAR_JUMP_CORRECTION_REQUIRED,True,GEOMETRIC_FP_DOMAIN_PASS,NONLOCAL_JUMP_OPERATOR_REQUIRED,3,0.21544346900318834,472,SUBGRID_COUPLING_READY,7806321427.285153,7806321427.285153,,INTERFACE_COMPLETE,5.80211178297741,723438.3253119924,0.0476205449536862,0.27629972498758815,,3.740215621304986,3292671318.8059177,4372.510357185529,100.0,224.44520455140386,1,s0100_h03_bh12,80.0
9.453736468350334,ALL_HALO_FLUX_COMPLETE,13,2.51188643150958,10047545.72603832,0.0030514876078436056,SUBGRID_MASS_FRACTION_TOO_LARGE,17691079975.854286,ANGULAR_JUMP_CORRECTION_REQUIRED,True,GEOMETRIC_FP_DOMAIN_PASS,NONLOCAL_JUMP_OPERATOR_REQUIRED,3,0.21544346900318834,473,RESOLVED_FP_REPLACEMENT_REQUIRED,17691079975.854286,17691079975.854286,,INTERFACE_COMPLETE,4.846816421293009,587492.8291970629,0.05828072418657059,0.282475971032319,,3.046904573554806,3292671318.8059177,5942.928933916446,100.0,249.0250056837599,1,s0100_h03_bh13,80.0
8.509009765131049,ALL_HALO_FLUX_COMPLETE,14,3.1622776601683795,12649110.640673518,0.0038415952932893097,SUBGRID_MASS_FRACTION_TOO_LARGE,40162296627.95678,ANGULAR_JUMP_CORRECTION_REQUIRED,True,GEOMETRIC_FP_DOMAIN_PASS,NONLOCAL_JUMP_OPERATOR_REQUIRED,3,0.21544346900318834,474,RESOLVED_FP_REPLACEMENT_REQUIRED,40162296627.95678,40162296627.95678,,INTERFACE_COMPLETE,3.9904717185331102,478619.9001372887,0.0726014767873675,0.2897141398437281,,2.4643923484383565,3292671318.8059177,8054.4875953687015,100.0,275.9295162780959,1,s0100_h03_bh14,80.0
7.3275695518986685,ALL_HALO_FLUX_COMPLETE,15,3.981071705534973,15924286.822139893,0.004836281936550779,SUBGRID_MASS_FRACTION_TOO_LARGE,89757560849.15623,PASS,True,GEOMETRIC_FP_DOMAIN_PASS,NONLOCAL_JUMP_OPERATOR_REQUIRED,3,0.21544346900318834,475,RESOLVED_FP_REPLACEMENT_REQUIRED,89757560849.15623,89757560849.15623,,INTERFACE_COMPLETE,3.2516382970622875,391048.3439896831,0.09164465936120825,0.2979952841001326,,1.9831059149212247,3292671318.8059177,10887.610347144622,100.0,305.3853273726065,1,s0100_h03_bh15,80.0
6.060482293157361,ALL_HALO_FLUX_COMPLETE,16,5.011872336272724,20047489.345090896,0.006088518228524882,SUBGRID_MASS_FRACTION_TOO_LARGE,194929111930.40137,PASS,True,GEOMETRIC_FP_DOMAIN_PASS,NONLOCAL_JUMP_OPERATOR_REQUIRED,3,0.21544346900318834,476,RESOLVED_FP_REPLACEMENT_REQUIRED,194929111930.40137,194929111930.40137,,INTERFACE_COMPLETE,2.630499760126765,320322.5157055047,0.1168229423196482,0.3073027217491375,,1.5901207464584508,3292671318.8059177,14683.293611684472,100.0,337.6545278829485,1,s0100_h03_bh16,80.0
4.838307898893855,ALL_HALO_FLUX_COMPLETE,17,6.309573444801933,25238293.779207733,0.00766499031806198,SUBGRID_MASS_FRACTION_TOO_LARGE,408565025806.79065,PASS,True,GEOMETRIC_FP_DOMAIN_PASS,NONLOCAL_JUMP_OPERATOR_REQUIRED,3,0.21544346900318834,477,RESOLVED_FP_REPLACEMENT_REQUIRED,408565025806.79065,408565025806.79065,,INTERFACE_COMPLETE,2.117333161057531,262980.4638191565,0.15000758792778385,0.3176160403297501,,1.2718366947880153,3292671318.8059177,19765.586597943362,100.0,373.0454814828922,1,s0100_h03_bh17,80.0
3.747677200664299,ALL_HALO_FLUX_COMPLETE,18,7.943282347242816,31773129.38897126,0.009649651092564483,SUBGRID_MASS_FRACTION_TOO_LARGE,825720565040.831,PASS,True,GEOMETRIC_FP_DOMAIN_PASS,NONLOCAL_JUMP_OPERATOR_REQUIRED,3,0.21544346900318834,478,RESOLVED_FP_REPLACEMENT_REQUIRED,825720565040.831,825720565040.831,,INTERFACE_COMPLETE,1.6983078948404073,216319.25989538332,0.1936679252686859,0.32890776646117126,,1.0154839250636272,3292671318.8059177,26573.608675303156,100.0,411.9259820212192,1,s0100_h03_bh18,80.0
2.8300106039832396,ALL_HALO_FLUX_COMPLETE,19,10.0,40000000.0,0.012148190975376777,SUBGRID_MASS_FRACTION_TOO_LARGE,1614330220640.84,PASS,True,GEOMETRIC_FP_DOMAIN_PASS,NONLOCAL_JUMP_OPERATOR_REQUIRED,3,0.21544346900318834,479,RESOLVED_FP_REPLACEMENT_REQUIRED,1614330220640.84,1614330220640.84,,INTERFACE_COMPLETE,1.3588464972934902,178218.4754943256,0.2510506009273281,0.3411392297135256,,0.8097945868703809,3292671318.8059177,35708.28168080014,100.0,454.7412108238676,1,s0100_h03_bh19,80.0
12.805580252560555,ALL_HALO_FLUX_COMPLETE,0,0.1,400000.0,9.405903082508855e-05,OK,23080028.614808,ANGULAR_JUMP_CORRECTION_REQUIRED,True,GEOMETRIC_FP_DOMAIN_PASS,NONLOCAL_JUMP_OPERATOR_REQUIRED,4,0.2782559402207124,480,SUBGRID_COUPLING_READY,117005184.69299728,117005184.69299728,,INTERFACE_COMPLETE,3.5224627767757286,50164394.092252426,0.2726014105532801,0.9602283215704873,,218.48166698728397,4252648538.8078995,13.117643219287478,100.0,33.74258283547684,1,s0100_h04_bh00,80.0
11.777897603146398,ALL_HALO_FLUX_COMPLETE,1,0.1291549665014884,516619.8660059536,0.00012148190975376776,OK,29116226.933696765,ANGULAR_JUMP_CORRECTION_REQUIRED,True,GEOMETRIC_FP_DOMAIN_PASS,NONLOCAL_JUMP_OPERATOR_REQUIRED,4,0.2782559402207124,481,SUBGRID_COUPLING_READY,122953531.68622364,122953531.68622364,,INTERFACE_COMPLETE,4.348611504329436,30978350.897683483,0.17611556306610424,0.7658581636407172,,212.74287896770514,4252648538.8078995,21.457097223479416,100.0,39.80772555774246,1,s0100_h04_bh01,80.0
10.89095964734021,ALL_HALO_FLUX_COMPLETE,2,0.16681005372000587,667240.2148800235,0.0001568999198478471,OK,37083421.13004021,ANGULAR_JUMP_CORRECTION_REQUIRED,True,GEOMETRIC_FP_DOMAIN_PASS,NONLOCAL_JUMP_OPERATOR_REQUIRED,4,0.2782559402207124,482,SUBGRID_COUPLING_READY,130923743.35153434,130923743.35153434,,INTERFACE_COMPLETE,5.299993719528697,18899475.46885485,0.11386114805501045,0.6034633695898824,,207.04098239090496,4252648538.8078995,38.04581940243232,100.0,48.263982481426744,1,s0100_h04_bh02,80.0
10.152354524706423,ALL_HALO_FLUX_COMPLETE,3,0.21544346900318834,861773.8760127533,0.00020264403892034902,OK,48024260.7883525,ANGULAR_JUMP_CORRECTION_REQUIRED,True,GEOMETRIC_FP_DOMAIN_PASS,NONLOCAL_JUMP_OPERATOR_REQUIRED,4,0.2782559402207124,483,SUBGRID_COUPLING_READY,141737550.5148916,141737550.5148916,,INTERFACE_COMPLETE,6.354843210341768,11979730.951551089,0.07774178321077255,0.49403684319683955,,196.68281417221687,4252648538.8078995,67.58937361328263,100.0,58.586151288415486,1,s0100_h04_bh03,80.0
9.569307965634184,ALL_HALO_FLUX_COMPLETE,4,0.2782559402207124,1113023.7608828498,0.00026172484058483987,OK,63844504.74817098,ANGULAR_JUMP_CORRECTION_REQUIRED,True,GEOMETRIC_FP_DOMAIN_PASS,NONLOCAL_JUMP_OPERATOR_REQUIRED,4,0.2782559402207124,484,SUBGRID_COUPLING_READY,156513417.1374838,156513417.1374838,,INTERFACE_COMPLETE,7.464056336629575,8008900.407568838,0.05715067564552842,0.42657586269466796,,186.7348844940978,4252648538.8078995,115.20409418294298,100.0,70.18464755550019,1,s0100_h04_bh04,80.0
9.1502782750726,ALL_HALO_FLUX_COMPLETE,5,0.35938136638046275,1437525.465521851,0.0003380306301834239,OK,88249060.82287525,ANGULAR_JUMP_CORRECTION_REQUIRED,True,GEOMETRIC_FP_DOMAIN_PASS,NONLOCAL_JUMP_OPERATOR_REQUIRED,4,0.2782559402207124,485,SUBGRID_COUPLING_READY,176939837.06375846,176939837.06375846,,INTERFACE_COMPLETE,8.54364845531954,5610140.919533699,0.04517153989122043,0.3859297570160304,,173.17433542870555,4252648538.8078995,186.95064311850336,100.0,82.78295637555388,1,s0100_h04_bh05,80.0
8.90341037464999,ALL_HALO_FLUX_COMPLETE,6,0.46415888336127786,1856635.5334451115,0.0004365833471781712,OK,128514967.285961,ANGULAR_JUMP_CORRECTION_REQUIRED,True,GEOMETRIC_FP_DOMAIN_PASS,NONLOCAL_JUMP_OPERATOR_REQUIRED,4,0.2782559402207124,486,SUBGRID_COUPLING_READY,205661004.8298353,205661004.8298353,,INTERFACE_COMPLETE,9.475687681614978,4071014.171433776,0.0381713467669091,0.3616997603498543,,160.3989919716798,4252648538.8078995,291.0415161946924,100.0,96.36627707502306,1,s0100_h04_bh06,80.0
8.834451963133526,ALL_HALO_FLUX_COMPLETE,7,0.5994842503189409,2397937.001275764,0.0005638690757990437,OK,200060002.80175605,ANGULAR_JUMP_CORRECTION_REQUIRED,True,GEOMETRIC_FP_DOMAIN_PASS,NONLOCAL_JUMP_OPERATOR_REQUIRED,4,0.2782559402207124,487,SUBGRID_COUPLING_READY,246768621.89964667,246768621.89964667,,INTERFACE_COMPLETE,10.121150689183018,3032448.106170256,0.03438113460119881,0.3479766441638174,,142.02316237042456,4252648538.8078995,438.54804477892935,100.0,111.02115571663886,1,s0100_h04_bh07,80.0
8.93678194018692,ALL_HALO_FLUX_COMPLETE,8,0.774263682681127,3097054.730724508,0.000728264915960507,OK,337240713.600027,ANGULAR_JUMP_CORRECTION_REQUIRED,True,GEOMETRIC_FP_DOMAIN_PASS,NONLOCAL_JUMP_OPERATOR_REQUIRED,4,0.2782559402207124,488,SUBGRID_COUPLING_READY,337240713.600027,337240713.600027,,INTERFACE_COMPLETE,10.353485325625963,2302586.7937886673,0.03296076373879363,0.3412587836910242,,9.524077250883268,4252648538.8078995,645.0015317452708,100.0,126.90220013700383,1,s0100_h04_bh08,80.0
9.172977458434415,ALL_HALO_FLUX_COMPLETE,9,1.0,4000000.0,0.0009405903082508855,OK,620686960.0479234,ANGULAR_JUMP_CORRECTION_REQUIRED,True,GEOMETRIC_FP_DOMAIN_PASS,NONLOCAL_JUMP_OPERATOR_REQUIRED,4,0.2782559402207124,489,SUBGRID_COUPLING_READY,620686960.0479234,620686960.0479234,,INTERFACE_COMPLETE,10.105063994466722,1772809.7707214789,0.033581648271830175,0.33934470482651674,,8.275876848724877,4252648538.8078995,932.8130897618895,100.0,144.21902287251459,1,s0100_h04_bh09,80.0
9.425802347213647,ALL_HALO_FLUX_COMPLETE,10,1.2589254117941673,5035701.647176669,0.0011841330411443488,OK,1159409525.7672725,ANGULAR_JUMP_CORRECTION_REQUIRED,True,GEOMETRIC_FP_DOMAIN_PASS,NONLOCAL_JUMP_OPERATOR_REQUIRED,4,0.2782559402207124,490,SUBGRID_COUPLING_READY,1159409525.7672725,1159409525.7672725,,INTERFACE_COMPLETE,9.491311522834158,1413196.990643607,0.035880246342282034,0.3405505955506296,,7.145964928148936,4252648538.8078995,1287.8856961548754,100.0,161.23450506970087,1,s0100_h04_bh10,80.0
9.603570023252342,ALL_HALO_FLUX_COMPLETE,11,1.5848931924611136,6339572.769844455,0.0014907351764417288,OK,2312996608.871593,ANGULAR_JUMP_CORRECTION_REQUIRED,True,GEOMETRIC_FP_DOMAIN_PASS,NONLOCAL_JUMP_OPERATOR_REQUIRED,4,0.2782559402207124,491,SUBGRID_COUPLING_READY,2312996608.871593,2312996608.871593,,INTERFACE_COMPLETE,8.59535451764062,1133390.0544053598,0.040003182501944526,0.3438415354380911,,6.059146087935635,4252648538.8078995,1767.79939123512,100.0,179.80316097610375,1,s0100_h04_bh11,80.0
9.574743002798323,ALL_HALO_FLUX_COMPLETE,12,1.9952623149688797,7981049.259875519,0.001876724395877954,OK,4869597254.4306345,ANGULAR_JUMP_CORRECTION_REQUIRED,True,GEOMETRIC_FP_DOMAIN_PASS,NONLOCAL_JUMP_OPERATOR_REQUIRED,4,0.2782559402207124,492,SUBGRID_COUPLING_READY,4869597254.4306345,4869597254.4306345,,INTERFACE_COMPLETE,7.53813611728049,913336.3165113495,0.046274921582264046,0.34882665770358706,,5.056333563716702,4252648538.8078995,2416.8601618157422,100.0,200.11511456774957,1,s0100_h04_bh12,80.0
9.233803450367654,ALL_HALO_FLUX_COMPLETE,13,2.51188643150958,10047545.72603832,0.002362656032904813,SUBGRID_MASS_FRACTION_TOO_LARGE,10640772306.735844,ANGULAR_JUMP_CORRECTION_REQUIRED,True,GEOMETRIC_FP_DOMAIN_PASS,NONLOCAL_JUMP_OPERATOR_REQUIRED,4,0.2782559402207124,493,RESOLVED_FP_REPLACEMENT_REQUIRED,10640772306.735844,10640772306.735844,,INTERFACE_COMPLETE,6.439026387565018,738945.6909328247,0.05517867355710365,0.3552969350650265,,4.164737312701819,4252648538.8078995,3293.976907189989,100.0,222.3580846467077,1,s0100_h04_bh13,80.0
8.549775222229627,ALL_HALO_FLUX_COMPLETE,14,3.1622776601683795,12649110.640673518,0.002974407719152665,SUBGRID_MASS_FRACTION_TOO_LARGE,23675496076.756927,ANGULAR_JUMP_CORRECTION_REQUIRED,True,GEOMETRIC_FP_DOMAIN_PASS,NONLOCAL_JUMP_OPERATOR_REQUIRED,4,0.2782559402207124,494,RESOLVED_FP_REPLACEMENT_REQUIRED,23675496076.756927,23675496076.756927,,INTERFACE_COMPLETE,5.389195383763554,599943.6286861161,0.06738534506044892,0.3631527905330855,,3.3959520729652324,4252648538.8078995,4477.108070614776,100.0,246.72258891225076,1,s0100_h04_bh14,80.0
7.580594051298611,ALL_HALO_FLUX_COMPLETE,15,3.981071705534973,15924286.822139893,0.003744557462678019,SUBGRID_MASS_FRACTION_TOO_LARGE,52625337982.989555,ANGULAR_JUMP_CORRECTION_REQUIRED,True,GEOMETRIC_FP_DOMAIN_PASS,NONLOCAL_JUMP_OPERATOR_REQUIRED,4,0.2782559402207124,495,RESOLVED_FP_REPLACEMENT_REQUIRED,52625337982.989555,52625337982.989555,,INTERFACE_COMPLETE,4.4431767065633,488620.5406375595,0.08380251924367102,0.3723494014548017,,2.748587829087787,4252648538.8078995,6069.522033604796,100.0,273.413848196568,1,s0100_h04_bh15,80.0
6.444580208709604,ALL_HALO_FLUX_COMPLETE,16,5.011872336272724,20047489.345090896,0.004714118545688847,SUBGRID_MASS_FRACTION_TOO_LARGE,114983722912.94495,PASS,True,GEOMETRIC_FP_DOMAIN_PASS,NONLOCAL_JUMP_OPERATOR_REQUIRED,4,0.2782559402207124,496,RESOLVED_FP_REPLACEMENT_REQUIRED,114983722912.94495,114983722912.94495,,INTERFACE_COMPLETE,3.624061915415524,399082.8361910909,0.10564437578442559,0.3828617588581828,,2.2128642396207314,4252648538.8078995,8208.710650473544,100.0,302.66186812357677,1,s0100_h04_bh16,80.0
5.272918267028165,ALL_HALO_FLUX_COMPLETE,17,6.309573444801933,25238293.779207733,0.005934723631377852,SUBGRID_MASS_FRACTION_TOO_LARGE,244255338312.27173,PASS,True,GEOMETRIC_FP_DOMAIN_PASS,NONLOCAL_JUMP_OPERATOR_REQUIRED,4,0.2782559402207124,497,RESOLVED_FP_REPLACEMENT_REQUIRED,244255338312.27173,244255338312.27173,,INTERFACE_COMPLETE,2.9337773779511713,326777.0776444633,0.1345251141645625,0.3946667367022922,,1.774945774759366,4252648538.8078995,11078.857342976167,100.0,334.7346350667086,1,s0100_h04_bh17,80.0
4.172033634025505,ALL_HALO_FLUX_COMPLETE,18,7.943282347242816,31773129.38897126,0.007471374391516937,SUBGRID_MASS_FRACTION_TOO_LARGE,501958730356.47394,PASS,True,GEOMETRIC_FP_DOMAIN_PASS,NONLOCAL_JUMP_OPERATOR_REQUIRED,4,0.2782559402207124,498,RESOLVED_FP_REPLACEMENT_REQUIRED,501958730356.47394,501958730356.47394,,INTERFACE_COMPLETE,2.3625645098321177,268162.2021306925,0.17258093905729133,0.4077336016902561,,1.4200005064553465,4252648538.8078995,14928.631388905049,100.0,369.94961507604967,1,s0100_h04_bh18,80.0
3.2078176499035904,ALL_HALO_FLUX_COMPLETE,19,10.0,40000000.0,0.009405903082508856,SUBGRID_MASS_FRACTION_TOO_LARGE,998153705965.6709,PASS,True,GEOMETRIC_FP_DOMAIN_PASS,NONLOCAL_JUMP_OPERATOR_REQUIRED,4,0.2782559402207124,499,RESOLVED_FP_REPLACEMENT_REQUIRED,998153705965.6709,998153705965.6709,,INTERFACE_COMPLETE,1.8956345466527191,220472.21636655155,0.22262718418849797,0.42201978137173474,,1.13397122336758,4252648538.8078995,20096.670917714684,100.0,408.68858698417586,1,s0100_h04_bh19,80.0
14.680063982070063,ALL_HALO_FLUX_COMPLETE,0,0.1,400000.0,7.282649159605069e-05,OK,28427264.756220605,ANGULAR_JUMP_CORRECTION_REQUIRED,True,GEOMETRIC_FP_DOMAIN_PASS,NONLOCAL_JUMP_OPERATOR_REQUIRED,5,0.35938136638046275,500,SUBGRID_COUPLING_READY,174208219.38266823,174208219.38266823,,INTERFACE_COMPLETE,3.0761839578608097,63724913.25067503,0.3965298539745737,1.219798775609473,,244.26802247831054,5492506795.723379,9.182264181312775,100.0,32.59709672549047,1,s0100_h05_bh00,80.0
13.44468534228534,ALL_HALO_FLUX_COMPLETE,1,0.1291549665014884,516619.8660059536,9.405903082508854e-05,OK,35705698.495884255,ANGULAR_JUMP_CORRECTION_REQUIRED,True,GEOMETRIC_FP_DOMAIN_PASS,NONLOCAL_JUMP_OPERATOR_REQUIRED,5,0.35938136638046275,501,SUBGRID_COUPLING_READY,181107742.91622075,181107742.91622075,,INTERFACE_COMPLETE,3.8360428476280255,42649756.87020113,0.27486735387817607,1.0544029468908187,,237.9315521828095,5492506795.723379,13.015712915735573,100.0,36.651015995897616,1,s0100_h05_bh01,80.0
12.344841713930467,ALL_HALO_FLUX_COMPLETE,2,0.16681005372000587,667240.2148800235,0.00012148190975376773,OK,45046641.322099514,ANGULAR_JUMP_CORRECTION_REQUIRED,True,GEOMETRIC_FP_DOMAIN_PASS,NONLOCAL_JUMP_OPERATOR_REQUIRED,5,0.35938136638046275,502,SUBGRID_COUPLING_READY,190280317.99675077,190280317.99675077,,INTERFACE_COMPLETE,4.735737782178974,27417533.41690023,0.18485955206381774,0.8754463651053028,,231.68188025392513,5492506795.723379,20.35176044180631,100.0,42.59396963882981,1,s0100_h05_bh02,80.0
11.38963155990418,ALL_HALO_FLUX_COMPLETE,3,0.21544346900318834,861773.8760127533,0.00015689991984784704,OK,57363352.02511326,ANGULAR_JUMP_CORRECTION_REQUIRED,True,GEOMETRIC_FP_DOMAIN_PASS,NONLOCAL_JUMP_OPERATOR_REQUIRED,5,0.35938136638046275,503,SUBGRID_COUPLING_READY,202579088.3229791,202579088.3229791,,INTERFACE_COMPLETE,5.771814860420295,17471750.183700714,0.12483497909944902,0.7205243874664568,,225.4723839533361,5492506795.723379,34.022891414579085,100.0,50.638623651073026,1,s0100_h05_bh03,80.0
10.58546914167267,ALL_HALO_FLUX_COMPLETE,4,0.2782559402207124,1113023.7608828498,0.000202644038920349,OK,74251545.89467913,ANGULAR_JUMP_CORRECTION_REQUIRED,True,GEOMETRIC_FP_DOMAIN_PASS,NONLOCAL_JUMP_OPERATOR_REQUIRED,5,0.35938136638046275,504,SUBGRID_COUPLING_READY,219249359.3443431,219249359.3443431,,INTERFACE_COMPLETE,6.920570177647924,11429274.449749205,0.08796302764679767,0.6087543058680478,,214.19210091619422,5492506795.723379,57.55387895874224,100.0,60.47335006193275,1,s0100_h05_bh04,80.0
9.937569547996842,ALL_HALO_FLUX_COMPLETE,5,0.35938136638046275,1437525.465521851,0.00026172484058483987,OK,98623971.02345401,ANGULAR_JUMP_CORRECTION_REQUIRED,True,GEOMETRIC_FP_DOMAIN_PASS,NONLOCAL_JUMP_OPERATOR_REQUIRED,5,0.35938136638046275,505,SUBGRID_COUPLING_READY,242048825.96605128,242048825.96605128,,INTERFACE_COMPLETE,8.12852874221968,7783311.725545323,0.06586989550783788,0.5354253388824672,,203.35857706973806,5492506795.723379,94.99794880194985,100.0,71.67393770605263,1,s0100_h05_bh05,80.0
9.451199336569662,ALL_HALO_FLUX_COMPLETE,6,0.46415888336127786,1856635.5334451115,0.0003380306301834238,OK,136136387.1338782,ANGULAR_JUMP_CORRECTION_REQUIRED,True,GEOMETRIC_FP_DOMAIN_PASS,NONLOCAL_JUMP_OPERATOR_REQUIRED,5,0.35938136638046275,506,SUBGRID_COUPLING_READY,273574039.75158715,273574039.75158715,,INTERFACE_COMPLETE,9.30422934935201,5508892.726535809,0.05260530163347415,0.4894517913896854,,188.59082775662145,5492506795.723379,151.1425650876918,100.0,83.98427212137551,1,s0100_h05_bh06,80.0
9.129534554559447,ALL_HALO_FLUX_COMPLETE,7,0.5994842503189409,2397937.001275764,0.000436583347178171,OK,197875373.83814985,ANGULAR_JUMP_CORRECTION_REQUIRED,True,GEOMETRIC_FP_DOMAIN_PASS,NONLOCAL_JUMP_OPERATOR_REQUIRED,5,0.35938136638046275,507,SUBGRID_COUPLING_READY,317952546.61900795,317952546.61900795,,INTERFACE_COMPLETE,10.319241468518337,4021574.225201799,0.044720333304627366,0.4614799179230724,,174.67818538111533,5492506795.723379,232.40574265183466,100.0,97.36278976886018,1,s0100_h05_bh07,80.0
8.970927727671127,ALL_HALO_FLUX_COMPLETE,8,0.774263682681127,3097054.730724508,0.0005638690757990435,OK,307274865.3256875,ANGULAR_JUMP_CORRECTION_REQUIRED,True,GEOMETRIC_FP_DOMAIN_PASS,NONLOCAL_JUMP_OPERATOR_REQUIRED,5,0.35938136638046275,508,SUBGRID_COUPLING_READY,381552637.7459929,381552637.7459929,,INTERFACE_COMPLETE,11.022165505051708,3006518.8252073377,0.0404263776393707,0.44558622511086543,,154.66648499470267,5492506795.723379,347.4080152769979,100.0,111.87077831316061,1,s0100_h05_bh08,80.0
8.958756811380919,ALL_HALO_FLUX_COMPLETE,9,1.0,4000000.0,0.0007282649159605069,OK,516367420.35169566,ANGULAR_JUMP_CORRECTION_REQUIRED,True,GEOMETRIC_FP_DOMAIN_PASS,NONLOCAL_JUMP_OPERATOR_REQUIRED,5,0.35938136638046275,509,SUBGRID_COUPLING_READY,516367420.35169566,516367420.35169566,,INTERFACE_COMPLETE,11.275183259067228,2288148.3826433173,0.038845392603451684,0.43798892037433235,,10.371938820585406,5492506795.723379,508.23668346258563,100.0,127.64603344061143,1,s0100_h05_bh09,80.0
9.034212760705287,ALL_HALO_FLUX_COMPLETE,10,1.2589254117941673,5035701.647176669,0.0009168312092208258,OK,887359740.2615827,ANGULAR_JUMP_CORRECTION_REQUIRED,True,GEOMETRIC_FP_DOMAIN_PASS,NONLOCAL_JUMP_OPERATOR_REQUIRED,5,0.35938136638046275,510,SUBGRID_COUPLING_READY,887359740.2615827,887359740.2615827,,INTERFACE_COMPLETE,11.05530896710101,1809957.2699092003,0.039452667985787324,0.4361614341593335,,9.150036736047944,5492506795.723379,706.4298615173118,100.0,143.0908502023133,1,s0100_h05_bh10,80.0
9.121786006752888,ALL_HALO_FLUX_COMPLETE,11,1.5848931924611136,6339572.769844455,0.0011542221076140725,OK,1636867981.5854495,ANGULAR_JUMP_CORRECTION_REQUIRED,True,GEOMETRIC_FP_DOMAIN_PASS,NONLOCAL_JUMP_OPERATOR_REQUIRED,5,0.35938136638046275,511,SUBGRID_COUPLING_READY,1636867981.5854495,1636867981.5854495,,INTERFACE_COMPLETE,10.427872402702269,1443051.6949639188,0.04198219301575856,0.4377849519539487,,7.917431672022781,5492506795.723379,973.7988141975001,100.0,159.8981621089276,1,s0100_h05_bh11,80.0
9.121561379321982,ALL_HALO_FLUX_COMPLETE,12,1.9952623149688797,7981049.259875519,0.0014530795421299778,OK,3221304158.197899,ANGULAR_JUMP_CORRECTION_REQUIRED,True,GEOMETRIC_FP_DOMAIN_PASS,NONLOCAL_JUMP_OPERATOR_REQUIRED,5,0.35938136638046275,512,SUBGRID_COUPLING_READY,3221304158.197899,3221304158.197899,,INTERFACE_COMPLETE,9.480157368994469,1157415.6434612446,0.046628639220579915,0.44204683771316516,,6.726243586633721,5492506795.723379,1335.097181325455,100.0,178.25538398882333,1,s0100_h05_bh12,80.0
8.924176237805987,ALL_HALO_FLUX_COMPLETE,13,2.51188643150958,10047545.72603832,0.0018293187609456619,OK,6679636605.86428,ANGULAR_JUMP_CORRECTION_REQUIRED,True,GEOMETRIC_FP_DOMAIN_PASS,NONLOCAL_JUMP_OPERATOR_REQUIRED,5,0.35938136638046275,513,SUBGRID_COUPLING_READY,6679636605.86428,6679636605.86428,,INTERFACE_COMPLETE,8.34156453408626,932673.6182977016,0.05376023005978898,0.44844442841105375,,5.622215904104414,5492506795.723379,1823.8332798368594,100.0,198.35371393191065,1,s0100_h05_bh13,80.0
8.452611775874306,ALL_HALO_FLUX_COMPLETE,14,3.1622776601683795,12649110.640673518,0.0023029758744263135,SUBGRID_MASS_FRACTION_TOO_LARGE,14345279140.238304,ANGULAR_JUMP_CORRECTION_REQUIRED,True,GEOMETRIC_FP_DOMAIN_PASS,NONLOCAL_JUMP_OPERATOR_REQUIRED,5,0.35938136638046275,514,RESOLVED_FP_REPLACEMENT_REQUIRED,14345279140.238304,14345279140.238304,,INTERFACE_COMPLETE,7.144065074497066,754505.0691777124,0.06392867456248974,0.4567106112007719,,4.636868505958782,5492506795.723379,2484.6361161638706,100.0,220.38234057525895,1,s0100_h05_bh14,80.0
7.698968532227657,ALL_HALO_FLUX_COMPLETE,15,3.981071705534973,15924286.822139893,0.0028992748510641795,SUBGRID_MASS_FRACTION_TOO_LARGE,31296675125.65179,ANGULAR_JUMP_CORRECTION_REQUIRED,True,GEOMETRIC_FP_DOMAIN_PASS,NONLOCAL_JUMP_OPERATOR_REQUIRED,5,0.35938136638046275,515,RESOLVED_FP_REPLACEMENT_REQUIRED,31296675125.65179,31296675125.65179,,INTERFACE_COMPLETE,5.991157868995484,612456.2927880298,0.07790104398036918,0.4667174526459521,,3.7846374685804776,5492506795.723379,3376.7196567466535,100.0,244.53444808197344,1,s0100_h05_bh15,80.0
6.72867123792565,ALL_HALO_FLUX_COMPLETE,16,5.011872336272724,20047489.345090896,0.003649970785780445,SUBGRID_MASS_FRACTION_TOO_LARGE,68092263027.44896,ANGULAR_JUMP_CORRECTION_REQUIRED,True,GEOMETRIC_FP_DOMAIN_PASS,NONLOCAL_JUMP_OPERATOR_REQUIRED,5,0.35938136638046275,516,RESOLVED_FP_REPLACEMENT_REQUIRED,68092263027.44896,68092263027.44896,,INTERFACE_COMPLETE,4.946586215138611,498678.6038369924,0.09671505701362729,0.4784093678199536,,3.0653563267176325,5492506795.723379,4578.684892919522,100.0,271.01763379754357,1,s0100_h05_bh16,80.0
5.650566484385083,ALL_HALO_FLUX_COMPLETE,17,6.309573444801933,25238293.779207733,0.004595040974525326,SUBGRID_MASS_FRACTION_TOO_LARGE,145578535906.3015,PASS,True,GEOMETRIC_FP_DOMAIN_PASS,NONLOCAL_JUMP_OPERATOR_REQUIRED,5,0.35938136638046275,517,RESOLVED_FP_REPLACEMENT_REQUIRED,145578535906.3015,145578535906.3015,,INTERFACE_COMPLETE,4.038770344696646,407163.3194655185,0.12175825850364234,0.4917536436664189,,2.4691305098184455,5492506795.723379,6195.486538714613,100.0,300.06736612940574,1,s0100_h05_bh17,80.0
4.57603167680615,ALL_HALO_FLUX_COMPLETE,18,7.943282347242816,31773129.38897126,0.005784813851065367,SUBGRID_MASS_FRACTION_TOO_LARGE,303026987021.0413,PASS,True,GEOMETRIC_FP_DOMAIN_PASS,NONLOCAL_JUMP_OPERATOR_REQUIRED,5,0.35938136638046275,518,RESOLVED_FP_REPLACEMENT_REQUIRED,303026987021.0413,303026987021.0413,,INTERFACE_COMPLETE,3.2718107394855203,333263.2790349239,0.15487389816455194,0.5067180832807678,,1.9811904115364003,5492506795.723379,8368.221605553113,100.0,331.95807219869374,1,s0100_h05_bh18,80.0
3.5899882704463777,ALL_HALO_FLUX_COMPLETE,19,10.0,40000000.0,0.007282649159605069,SUBGRID_MASS_FRACTION_TOO_LARGE,611931912972.3796,PASS,True,GEOMETRIC_FP_DOMAIN_PASS,NONLOCAL_JUMP_OPERATOR_REQUIRED,5,0.35938136638046275,519,RESOLVED_FP_REPLACEMENT_REQUIRED,611931912972.3796,611931912972.3796,,INTERFACE_COMPLETE,2.636080779872211,273361.3144491398,0.19849852302086377,0.5232581413683206,,1.585389285409127,5492506795.723379,11288.17085607552,100.0,367.01784660900347,1,s0100_h05_bh19,80.0
16.787763287711083,ALL_HALO_FLUX_COMPLETE,0,0.1,400000.0,5.638690757990437e-05,OK,35121881.203917116,ANGULAR_JUMP_CORRECTION_REQUIRED,False,MATCHING_RADIUS_OUTSIDE_CONSERVATIVE_KEPLER_DOMAIN,NONLOCAL_JUMP_OPERATOR_REQUIRED,6,0.46415888336127786,520,SUBGRID_COUPLING_READY,261275084.25699136,261275084.25699136,,INTERFACE_COMPLETE,2.6654551481320894,75251935.28921705,0.5404123116191188,1.4404447781191434,,266.4120416267201,7093845312.108502,7.169681362834007,100.0,32.66707830296449,1,s0100_h06_bh00,80.0
15.350032173503273,ALL_HALO_FLUX_COMPLETE,1,0.1291549665014884,516619.8660059536,7.282649159605072e-05,OK,44048892.90983223,ANGULAR_JUMP_CORRECTION_REQUIRED,True,GEOMETRIC_FP_DOMAIN_PASS,NONLOCAL_JUMP_OPERATOR_REQUIRED,6,0.46415888336127786,521,SUBGRID_COUPLING_READY,269299490.15874416,269299490.15874416,,INTERFACE_COMPLETE,3.3500349662577342,53597821.82614841,0.39553767089693426,1.3250650279768739,,266.0134854256331,7093845312.108502,9.200658231228596,100.0,35.5226858288769,1,s0100_h06_bh01,80.0
14.038192875803658,ALL_HALO_FLUX_COMPLETE,2,0.16681005372000587,667240.2148800235,9.405903082508855e-05,OK,55307356.97063435,ANGULAR_JUMP_CORRECTION_REQUIRED,True,GEOMETRIC_FP_DOMAIN_PASS,NONLOCAL_JUMP_OPERATOR_REQUIRED,6,0.46415888336127786,522,SUBGRID_COUPLING_READY,279969675.940778,279969675.940778,,INTERFACE_COMPLETE,4.177538745294454,36763142.383014046,0.28099157727069807,1.1738532011497416,,259.1129237741307,7093845312.108502,12.749575884078354,100.0,39.63984690721873,1,s0100_h06_bh02,80.0
12.865521415405288,ALL_HALO_FLUX_COMPLETE,3,0.21544346900318834,861773.8760127533,0.00012148190975376773,OK,69738148.09838106,ANGULAR_JUMP_CORRECTION_REQUIRED,True,GEOMETRIC_FP_DOMAIN_PASS,NONLOCAL_JUMP_OPERATOR_REQUIRED,6,0.46415888336127786,523,SUBGRID_COUPLING_READY,294155573.80564,294155573.80564,,INTERFACE_COMPLETE,5.157327188052788,24477241.92471201,0.19572669792649847,1.0094266206441258,,252.3068875369599,7093845312.108502,19.138922535873526,100.0,45.44543167541129,1,s0100_h06_bh03,80.0
11.840432112050088,ALL_HALO_FLUX_COMPLETE,4,0.2782559402207124,1113023.7608828498,0.0001568999198478471,OK,88734538.18976562,ANGULAR_JUMP_CORRECTION_REQUIRED,True,GEOMETRIC_FP_DOMAIN_PASS,NONLOCAL_JUMP_OPERATOR_REQUIRED,6,0.46415888336127786,524,SUBGRID_COUPLING_READY,313177202.6121299,313177202.6121299,,INTERFACE_COMPLETE,6.285638916932707,16180399.631928377,0.1371081274152223,0.8618121815088895,,245.54460348152705,7093845312.108502,30.42319162235833,100.0,53.12875745901449,1,s0100_h06_bh04,80.0
10.967986834517978,ALL_HALO_FLUX_COMPLETE,5,0.35938136638046275,1437525.465521851,0.00020264403892034907,OK,114727342.23632355,ANGULAR_JUMP_CORRECTION_REQUIRED,True,GEOMETRIC_FP_DOMAIN_PASS,NONLOCAL_JUMP_OPERATOR_REQUIRED,6,0.46415888336127786,525,SUBGRID_COUPLING_READY,338984518.8819063,338984518.8819063,,INTERFACE_COMPLETE,7.5366598354161525,10885221.18462787,0.09935571200345972,0.7488102040756494,,233.26011623324615,7093845312.108502,49.25152104600489,100.0,62.52432612513547,1,s0100_h06_bh05,80.0
10.251189945585326,ALL_HALO_FLUX_COMPLETE,6,0.46415888336127786,1856635.5334451115,0.00026172484058483987,OK,152146678.69401294,ANGULAR_JUMP_CORRECTION_REQUIRED,True,GEOMETRIC_FP_DOMAIN_PASS,NONLOCAL_JUMP_OPERATOR_REQUIRED,6,0.46415888336127786,526,SUBGRID_COUPLING_READY,374290385.7439693,374290385.7439693,,INTERFACE_COMPLETE,8.852154449697933,7545959.049001247,0.07573751788757174,0.670440205977545,,221.46216000222213,7093845312.108502,78.80124408564043,100.0,73.33950285285715,1,s0100_h06_bh06,80.0
9.691935614674883,ALL_HALO_FLUX_COMPLETE,7,0.5994842503189409,2397937.001275764,0.0003380306301834238,OK,209579549.64814445,ANGULAR_JUMP_CORRECTION_REQUIRED,True,GEOMETRIC_FP_DOMAIN_PASS,NONLOCAL_JUMP_OPERATOR_REQUIRED,6,0.46415888336127786,527,SUBGRID_COUPLING_READY,423167796.41218144,423167796.41218144,,INTERFACE_COMPLETE,10.132519407612453,5398109.008814002,0.06113373415849486,0.6194387478207695,,205.37974189928428,7093845312.108502,122.84089554999085,100.0,85.35322214755512,1,s0100_h06_bh07,80.0
9.288416090235597,ALL_HALO_FLUX_COMPLETE,8,0.774263682681127,3097054.730724508,0.00043658334717817113,OK,303806569.8108676,ANGULAR_JUMP_CORRECTION_REQUIRED,True,GEOMETRIC_FP_DOMAIN_PASS,NONLOCAL_JUMP_OPERATOR_REQUIRED,6,0.46415888336127786,528,SUBGRID_COUPLING_READY,492022640.18121904,492022640.18121904,,INTERFACE_COMPLETE,11.237890912360504,3966147.7624580106,0.0523060479060322,0.5878096604246924,,190.22855488659525,7093845312.108502,186.39028793137086,100.0,98.51189823535675,1,s0100_h06_bh08,80.0
9.032059304114957,ALL_HALO_FLUX_COMPLETE,9,1.0,4000000.0,0.0005638690757990437,OK,470165558.70632493,ANGULAR_JUMP_CORRECTION_REQUIRED,True,GEOMETRIC_FP_DOMAIN_PASS,NONLOCAL_JUMP_OPERATOR_REQUIRED,6,0.46415888336127786,529,SUBGRID_COUPLING_READY,590959875.8537208,590959875.8537208,,INTERFACE_COMPLETE,12.003391328872448,2976999.022847804,0.04747376408231077,0.5698461681345454,,168.4353536518488,7093845312.108502,276.1697528764737,100.0,112.85796607820953,1,s0100_h06_bh09,80.0
8.907051121812247,ALL_HALO_FLUX_COMPLETE,10,1.2589254117941673,5035701.647176669,0.0007098691084483076,OK,744398406.9178282,ANGULAR_JUMP_CORRECTION_REQUIRED,True,GEOMETRIC_FP_DOMAIN_PASS,NONLOCAL_JUMP_OPERATOR_REQUIRED,6,0.46415888336127786,530,SUBGRID_COUPLING_READY,744398406.9178282,744398406.9178282,,INTERFACE_COMPLETE,12.27650971856796,2332390.781811427,0.04578311569100394,0.5620568647269312,,11.440044062720112,7093845312.108502,387.10333215432144,100.0,126.88501993961556,1,s0100_h06_bh10,80.0
8.842761233133626,ALL_HALO_FLUX_COMPLETE,11,1.5848931924611136,6339572.769844455,0.000893672259673244,OK,1262919804.7746005,ANGULAR_JUMP_CORRECTION_REQUIRED,True,GEOMETRIC_FP_DOMAIN_PASS,NONLOCAL_JUMP_OPERATOR_REQUIRED,6,0.46415888336127786,531,SUBGRID_COUPLING_READY,1262919804.7746005,1262919804.7746005,,INTERFACE_COMPLETE,12.089071883637775,1846071.3580061276,0.04632703060684327,0.5600508031616156,,10.114059974524633,7093845312.108502,536.5537436075116,100.0,142.10892068505996,1,s0100_h06_bh11,80.0
8.774174199109172,ALL_HALO_FLUX_COMPLETE,12,1.9952623149688797,7981049.259875519,0.0011250667175181628,OK,2297032105.326819,ANGULAR_JUMP_CORRECTION_REQUIRED,True,GEOMETRIC_FP_DOMAIN_PASS,NONLOCAL_JUMP_OPERATOR_REQUIRED,6,0.46415888336127786,532,SUBGRID_COUPLING_READY,2297032105.326819,2297032105.326819,,INTERFACE_COMPLETE,11.451637961659733,1472400.3411270662,0.04910630308926796,0.5623476046138296,,8.770222706770808,7093845312.108502,738.0723798883197,100.0,158.69830982302898,1,s0100_h06_bh12,80.0
8.613671768630832,ALL_HALO_FLUX_COMPLETE,13,2.51188643150958,10047545.72603832,0.0014163750806474647,OK,4451375034.338547,ANGULAR_JUMP_CORRECTION_REQUIRED,True,GEOMETRIC_FP_DOMAIN_PASS,NONLOCAL_JUMP_OPERATOR_REQUIRED,6,0.46415888336127786,533,SUBGRID_COUPLING_READY,4451375034.338547,4451375034.338547,,INTERFACE_COMPLETE,10.451788521288767,1181201.6419987108,0.054339090910641076,0.5679406866371052,,7.46526237021466,7093845312.108502,1010.3477960846581,100.0,176.83845435551254,1,s0100_h06_bh13,80.0
8.273340557370734,ALL_HALO_FLUX_COMPLETE,14,3.1622776601683795,12649110.640673518,0.0017831105816591066,SUBGRID_MASS_FRACTION_TOO_LARGE,9074836951.380835,ANGULAR_JUMP_CORRECTION_REQUIRED,True,GEOMETRIC_FP_DOMAIN_PASS,NONLOCAL_JUMP_OPERATOR_REQUIRED,6,0.46415888336127786,534,RESOLVED_FP_REPLACEMENT_REQUIRED,9074836951.380835,9074836951.380835,,INTERFACE_COMPLETE,9.227550012963356,951922.3322552934,0.062444479219523494,0.576209555031604,,6.250401411186429,7093845312.108502,1378.6872417574482,100.0,196.71920157969222,1,s0100_h06_bh14,80.0
7.700508348180978,ALL_HALO_FLUX_COMPLETE,15,3.981071705534973,15924286.822139893,0.002244803223289728,SUBGRID_MASS_FRACTION_TOO_LARGE,19126745225.13712,ANGULAR_JUMP_CORRECTION_REQUIRED,True,GEOMETRIC_FP_DOMAIN_PASS,NONLOCAL_JUMP_OPERATOR_REQUIRED,6,0.46415888336127786,535,RESOLVED_FP_REPLACEMENT_REQUIRED,19126745225.13712,19126745225.13712,,INTERFACE_COMPLETE,7.924252087486908,770048.0957310208,0.07405229259635583,0.586809034189864,,5.161863416384813,7093845312.108502,1876.979986014624,100.0,218.53247982980923,1,s0100_h06_bh15,80.0
6.904056281402314,ALL_HALO_FLUX_COMPLETE,16,5.011872336272724,20047489.345090896,0.002826039822276895,SUBGRID_MASS_FRACTION_TOO_LARGE,40886075838.46466,ANGULAR_JUMP_CORRECTION_REQUIRED,True,GEOMETRIC_FP_DOMAIN_PASS,NONLOCAL_JUMP_OPERATOR_REQUIRED,6,0.46415888336127786,536,RESOLVED_FP_REPLACEMENT_REQUIRED,40886075838.46466,40886075838.46466,,INTERFACE_COMPLETE,6.659086626949978,624983.8004537129,0.09003949202220209,0.5995807772224152,,4.217413599679506,7093845312.108502,2550.249282524472,100.0,242.4741684234267,1,s0100_h06_bh16,80.0
5.951487124260085,ALL_HALO_FLUX_COMPLETE,17,6.309573444801933,25238293.779207733,0.0035577733470066545,SUBGRID_MASS_FRACTION_TOO_LARGE,87094240586.40512,ANGULAR_JUMP_CORRECTION_REQUIRED,True,GEOMETRIC_FP_DOMAIN_PASS,NONLOCAL_JUMP_OPERATOR_REQUIRED,6,0.46415888336127786,537,RESOLVED_FP_REPLACEMENT_REQUIRED,87094240586.40512,87094240586.40512,,INTERFACE_COMPLETE,5.5062774397369205,508759.59563512297,0.11159210338670501,0.6144570813310039,,3.418400219934128,7093845312.108502,3458.427205895872,100.0,268.7553304012798,1,s0100_h06_bh17,80.0
4.939860124682848,ALL_HALO_FLUX_COMPLETE,18,7.943282347242816,31773129.38897126,0.004478971275950665,SUBGRID_MASS_FRACTION_TOO_LARGE,182423261835.54822,PASS,True,GEOMETRIC_FP_DOMAIN_PASS,NONLOCAL_JUMP_OPERATOR_REQUIRED,6,0.46415888336127786,538,RESOLVED_FP_REPLACEMENT_REQUIRED,182423261835.54822,182423261835.54822,,INTERFACE_COMPLETE,4.500499306245903,415263.2767544341,0.14029486245948716,0.6313969311687864,,2.7549413066917157,7093845312.108502,4681.7953316422645,100.0,297.61670570427765,1,s0100_h06_bh18,80.0
3.9616440575712617,ALL_HALO_FLUX_COMPLETE,19,10.0,40000000.0,0.005638690757990437,SUBGRID_MASS_FRACTION_TOO_LARGE,372778222159.40247,PASS,True,GEOMETRIC_FP_DOMAIN_PASS,NONLOCAL_JUMP_OPERATOR_REQUIRED,6,0.46415888336127786,539,RESOLVED_FP_REPLACEMENT_REQUIRED,372778222159.40247,372778222159.40247,,INTERFACE_COMPLETE,3.6485507830003727,339760.6444056242,0.1782508528412189,0.6503572887043134,,2.211327964393504,7093845312.108502,6328.670948551087,100.0,329.3408377455629,1,s0100_h06_bh19,80.0
19.095179025829516,ALL_HALO_FLUX_COMPLETE,0,0.1,400000.0,4.3658334717817124e-05,OK,43494621.28834247,ANGULAR_JUMP_CORRECTION_REQUIRED,False,MATCHING_RADIUS_OUTSIDE_CONSERVATIVE_KEPLER_DOMAIN,NONLOCAL_JUMP_OPERATOR_REQUIRED,7,0.5994842503189409,540,SUBGRID_COUPLING_READY,393691455.2126877,393691455.2126877,,INTERFACE_COMPLETE,2.295505575661138,84843646.6123775,0.7074893627983895,1.624045777024649,,297.69866291161867,9162053536.52114,5.987187952336254,100.0,33.4847555697749,1,s0100_h07_bh00,80.0
17.47055599167828,ALL_HALO_FLUX_COMPLETE,1,0.1291549665014884,516619.8660059536,5.638690757990438e-05,OK,54550012.4528752,ANGULAR_JUMP_CORRECTION_REQUIRED,False,MATCHING_RADIUS_OUTSIDE_CONSERVATIVE_KEPLER_DOMAIN,NONLOCAL_JUMP_OPERATOR_REQUIRED,7,0.5994842503189409,541,SUBGRID_COUPLING_READY,403216161.0624617,403216161.0624617,,INTERFACE_COMPLETE,2.9027418611999205,63133462.10605108,0.5377014913232078,1.560808627693501,,290.12883075505846,9162053536.52114,7.193987480531152,100.0,35.61535106162567,1,s0100_h07_bh01,80.0
15.95504742152816,ALL_HALO_FLUX_COMPLETE,2,0.16681005372000587,667240.2148800235,7.282649159605072e-05,OK,68361446.75584567,ANGULAR_JUMP_CORRECTION_REQUIRED,True,GEOMETRIC_FP_DOMAIN_PASS,NONLOCAL_JUMP_OPERATOR_REQUIRED,7,0.5994842503189409,542,SUBGRID_COUPLING_READY,415618448.7175638,415618448.7175638,,INTERFACE_COMPLETE,3.6482650026410752,45652855.75168776,0.3995606718544293,1.4577032155582692,,282.73599724157475,9162053536.52114,9.126880970834561,100.0,38.581331620207244,1,s0100_h07_bh02,80.0
14.568382135136812,ALL_HALO_FLUX_COMPLETE,3,0.21544346900318834,861773.8760127533,9.405903082508855e-05,OK,85749690.62886336,ANGULAR_JUMP_CORRECTION_REQUIRED,True,GEOMETRIC_FP_DOMAIN_PASS,NONLOCAL_JUMP_OPERATOR_REQUIRED,7,0.5994842503189409,543,SUBGRID_COUPLING_READY,432157052.75390726,432157052.75390726,,INTERFACE_COMPLETE,4.549435619372074,32051831.367681134,0.2905411151388424,1.3217980981047326,,282.17992380931935,9162053536.52114,12.360311630488475,100.0,42.72481158266442,1,s0100_h07_bh03,80.0
13.32359653152879,ALL_HALO_FLUX_COMPLETE,4,0.2782559402207124,1113023.7608828498,0.00012148190975376776,OK,107990968.1280515,ANGULAR_JUMP_CORRECTION_REQUIRED,True,GEOMETRIC_FP_DOMAIN_PASS,NONLOCAL_JUMP_OPERATOR_REQUIRED,7,0.5994842503189409,544,SUBGRID_COUPLING_READY,454156778.05836153,454156778.05836153,,INTERFACE_COMPLETE,5.616447731696528,22001110.636514306,0.20864417671410027,1.171839113037598,,274.7679940650419,9162053536.52114,17.888690957014227,100.0,48.38909767137724,1,s0100_h07_bh04,80.0
12.228293076384265,ALL_HALO_FLUX_COMPLETE,5,0.35938136638046275,1437525.465521851,0.00015689991984784712,OK,137197423.10972553,ANGULAR_JUMP_CORRECTION_REQUIRED,True,GEOMETRIC_FP_DOMAIN_PASS,NONLOCAL_JUMP_OPERATOR_REQUIRED,7,0.5994842503189409,545,SUBGRID_COUPLING_READY,483660261.2021962,483660261.2021962,,INTERFACE_COMPLETE,6.845205113038249,15004812.53349781,0.15079210487091008,1.0322028872681535,,261.18371712247745,9162053536.52114,27.221680451714292,100.0,55.75322449515071,1,s0100_h07_bh05,80.0
11.286055597953762,ALL_HALO_FLUX_COMPLETE,6,0.46415888336127786,1856635.5334451115,0.00020264403892034907,OK,177049370.93911567,ANGULAR_JUMP_CORRECTION_REQUIRED,True,GEOMETRIC_FP_DOMAIN_PASS,NONLOCAL_JUMP_OPERATOR_REQUIRED,7,0.5994842503189409,546,SUBGRID_COUPLING_READY,523751738.51322603,523751738.51322603,,INTERFACE_COMPLETE,8.207595619538976,10350038.851376811,0.11203962223388514,0.9195759126616373,,254.0256227583113,9162053536.52114,42.35596626588962,100.0,64.75171906642082,1,s0100_h07_bh06,80.0
10.497577128677417,ALL_HALO_FLUX_COMPLETE,7,0.5994842503189409,2397937.001275764,0.0002617248405848399,OK,234241759.89450946,ANGULAR_JUMP_CORRECTION_REQUIRED,True,GEOMETRIC_FP_DOMAIN_PASS,NONLOCAL_JUMP_OPERATOR_REQUIRED,7,0.5994842503189409,547,SUBGRID_COUPLING_READY,578607389.9080135,578607389.9080135,,INTERFACE_COMPLETE,9.640199461226098,7298370.960942846,0.0868753629507964,0.8374958271120891,,241.17737751494477,9162053536.52114,65.76434840121605,100.0,75.19590550690714,1,s0100_h07_bh07,80.0
9.861373532087022,ALL_HALO_FLUX_COMPLETE,8,0.774263682681127,3097054.730724508,0.00033803063018342385,OK,321720836.130205,ANGULAR_JUMP_CORRECTION_REQUIRED,True,GEOMETRIC_FP_DOMAIN_PASS,NONLOCAL_JUMP_OPERATOR_REQUIRED,7,0.5994842503189409,548,SUBGRID_COUPLING_READY,654715955.6265277,654715955.6265277,,INTERFACE_COMPLETE,11.034546300472835,5277904.026500372,0.07088834488805912,0.7822207238311751,,223.66325491211887,9162053536.52114,100.40226852595495,100.0,86.9075405575762,1,s0100_h07_bh08,80.0
9.37092968368876,ALL_HALO_FLUX_COMPLETE,9,1.0,4000000.0,0.00043658334717817124,OK,464677741.08828044,ANGULAR_JUMP_CORRECTION_REQUIRED,True,GEOMETRIC_FP_DOMAIN_PASS,NONLOCAL_JUMP_OPERATOR_REQUIRED,7,0.5994842503189409,549,SUBGRID_COUPLING_READY,762037931.4133806,762037931.4133806,,INTERFACE_COMPLETE,12.238321250975567,3904452.178987129,0.06106849246311326,0.7473758290763602,,202.72923588982846,9162053536.52114,150.19798271397616,100.0,99.8326166291895,1,s0100_h07_bh09,80.0
9.042391456584149,ALL_HALO_FLUX_COMPLETE,10,1.2589254117941673,5035701.647176669,0.0005496258701287551,OK,683360755.3051013,ANGULAR_JUMP_CORRECTION_REQUIRED,True,GEOMETRIC_FP_DOMAIN_PASS,NONLOCAL_JUMP_OPERATOR_REQUIRED,7,0.5994842503189409,550,SUBGRID_COUPLING_READY,898537645.8717343,898537645.8717343,,INTERFACE_COMPLETE,13.010317410589114,3025709.5432978184,0.05604260099201004,0.729132027421047,,183.74351776542727,9162053536.52114,212.26767673911183,100.0,112.52617125768352,1,s0100_h07_bh10,80.0
8.798498844493864,ALL_HALO_FLUX_COMPLETE,11,1.5848931924611136,6339572.769844455,0.0006919379748845705,OK,1068674818.5332639,ANGULAR_JUMP_CORRECTION_REQUIRED,True,GEOMETRIC_FP_DOMAIN_PASS,NONLOCAL_JUMP_OPERATOR_REQUIRED,7,0.5994842503189409,551,SUBGRID_COUPLING_READY,1093957081.828245,1093957081.828245,,INTERFACE_COMPLETE,13.360488309471798,2373974.3018481373,0.05390544334308973,0.7202030456022447,,149.95933329619837,9162053536.52114,296.0823110393611,100.0,126.3051199229047,1,s0100_h07_bh11,80.0
8.600277340450122,ALL_HALO_FLUX_COMPLETE,12,1.9952623149688797,7981049.259875519,0.0008710982999675801,OK,1787838327.6988964,ANGULAR_JUMP_CORRECTION_REQUIRED,True,GEOMETRIC_FP_DOMAIN_PASS,NONLOCAL_JUMP_OPERATOR_REQUIRED,7,0.5994842503189409,552,SUBGRID_COUPLING_READY,1787838327.6988964,1787838327.6988964,,INTERFACE_COMPLETE,13.213142632718743,1880724.7351391972,0.05436232885804758,0.7182972050481449,,11.176971522274393,9162053536.52114,408.9249668092157,100.0,141.29444662695056,1,s0100_h07_bh12,80.0
8.38795666363367,ALL_HALO_FLUX_COMPLETE,13,2.51188643150958,10047545.72603832,0.0010966477859998846,OK,3201632204.2450733,ANGULAR_JUMP_CORRECTION_REQUIRED,True,GEOMETRIC_FP_DOMAIN_PASS,NONLOCAL_JUMP_OPERATOR_REQUIRED,7,0.5994842503189409,553,SUBGRID_COUPLING_READY,3201632204.2450733,3201632204.2450733,,INTERFACE_COMPLETE,12.570088151699814,1500950.4147084954,0.057412566570461045,0.7216810228060292,,9.712606672398236,9162053536.52114,560.9999304167014,100.0,157.65541748908706,1,s0100_h07_bh13,80.0
8.08710735880957,ALL_HALO_FLUX_COMPLETE,14,3.1622776601683795,12649110.640673518,0.0013805977655830667,OK,6099892901.773018,ANGULAR_JUMP_CORRECTION_REQUIRED,True,GEOMETRIC_FP_DOMAIN_PASS,NONLOCAL_JUMP_OPERATOR_REQUIRED,7,0.5994842503189409,554,SUBGRID_COUPLING_READY,6099892901.773018,6099892901.773018,,INTERFACE_COMPLETE,11.518294837212917,1204573.3263220552,0.06330295611422414,0.7291421125907838,,8.28381974271507,9162053536.52114,766.4050562329857,100.0,175.57026783429086,1,s0100_h07_bh14,80.0
7.629648086185587,ALL_HALO_FLUX_COMPLETE,15,3.981071705534973,15924286.822139893,0.0017380696105587694,SUBGRID_MASS_FRACTION_TOO_LARGE,12208583568.651485,ANGULAR_JUMP_CORRECTION_REQUIRED,True,GEOMETRIC_FP_DOMAIN_PASS,NONLOCAL_JUMP_OPERATOR_REQUIRED,7,0.5994842503189409,555,RESOLVED_FP_REPLACEMENT_REQUIRED,12208583568.651485,12208583568.651485,,INTERFACE_COMPLETE,10.204140752385612,970959.025860218,0.07251091791452668,0.7399116124845097,,6.947591708577936,9162053536.52114,1044.3152039813976,100.0,195.22919661358628,1,s0100_h07_bh15,80.0
6.982750439270064,ALL_HALO_FLUX_COMPLETE,16,5.011872336272724,20047489.345090896,0.002188100000199627,SUBGRID_MASS_FRACTION_TOO_LARGE,25228152516.292385,ANGULAR_JUMP_CORRECTION_REQUIRED,True,GEOMETRIC_FP_DOMAIN_PASS,NONLOCAL_JUMP_OPERATOR_REQUIRED,7,0.5994842503189409,556,RESOLVED_FP_REPLACEMENT_REQUIRED,25228152516.292385,25228152516.292385,,INTERFACE_COMPLETE,8.787285102635531,785490.9404076332,0.0857561752817222,0.7535639615120789,,5.745532733671742,9162053536.52114,1420.4657709208727,100.0,216.82551645123792,1,s0100_h07_bh16,80.0
6.166499606912725,ALL_HALO_FLUX_COMPLETE,17,6.309573444801933,25238293.779207733,0.0027546546937981323,SUBGRID_MASS_FRACTION_TOO_LARGE,52828619822.9676,ANGULAR_JUMP_CORRECTION_REQUIRED,True,GEOMETRIC_FP_DOMAIN_PASS,NONLOCAL_JUMP_OPERATOR_REQUIRED,7,0.5994842503189409,557,RESOLVED_FP_REPLACEMENT_REQUIRED,52828619822.9676,52828619822.9676,,INTERFACE_COMPLETE,7.400009986614611,637468.0864574212,0.10404113513881157,0.7699054390459259,,4.6992161563589905,9162053536.52114,1929.1482097432588,100.0,240.55825853338524,1,s0100_h07_bh17,80.0
5.246372684933211,ALL_HALO_FLUX_COMPLETE,18,7.943282347242816,31773129.38897126,0.003467904794740549,SUBGRID_MASS_FRACTION_TOO_LARGE,110253782811.31377,ANGULAR_JUMP_CORRECTION_REQUIRED,True,GEOMETRIC_FP_DOMAIN_PASS,NONLOCAL_JUMP_OPERATOR_REQUIRED,7,0.5994842503189409,558,RESOLVED_FP_REPLACEMENT_REQUIRED,110253782811.31377,110253782811.31377,,INTERFACE_COMPLETE,6.128423794031071,518822.0150761888,0.12872074545620393,0.788855279239217,,3.811836918989151,9162053536.52114,2616.151405668479,100.0,266.64306413995894,1,s0100_h07_bh18,80.0
4.306489575056595,ALL_HALO_FLUX_COMPLETE,19,10.0,40000000.0,0.004365833471781712,SUBGRID_MASS_FRACTION_TOO_LARGE,226567549899.65524,PASS,True,GEOMETRIC_FP_DOMAIN_PASS,NONLOCAL_JUMP_OPERATOR_REQUIRED,7,0.5994842503189409,559,RESOLVED_FP_REPLACEMENT_REQUIRED,226567549899.65524,226567549899.65524,,INTERFACE_COMPLETE,5.0145196708588085,423352.1567586572,0.16160372885150445,0.8103650772100023,,3.073687568598891,9162053536.52114,3543.0101660356686,100.0,295.32665866064485,1,s0100_h07_bh19,80.0
21.546876979750905,ALL_HALO_FLUX_COMPLETE,0,0.1,400000.0,3.3803063018342384e-05,OK,53986507.91284038,ANGULAR_JUMP_CORRECTION_REQUIRED,False,MATCHING_RADIUS_OUTSIDE_CONSERVATIVE_KEPLER_DOMAIN,NONLOCAL_JUMP_OPERATOR_REQUIRED,8,0.774263682681127,560,SUBGRID_COUPLING_READY,595054440.504508,595054440.504508,,INTERFACE_COMPLETE,1.9675409336846152,92826625.1757798,0.9030831209804244,1.7768530070486406,,324.4866462940906,11833247175.94231,5.222721603676795,100.0,34.830482420586534,1,s0100_h08_bh00,80.0
19.763668096013845,ALL_HALO_FLUX_COMPLETE,1,0.1291549665014884,516619.8660059536,4.3658334717817124e-05,OK,67746533.39933035,ANGULAR_JUMP_CORRECTION_REQUIRED,False,MATCHING_RADIUS_OUTSIDE_CONSERVATIVE_KEPLER_DOMAIN,NONLOCAL_JUMP_OPERATOR_REQUIRED,8,0.774263682681127,561,SUBGRID_COUPLING_READY,606295294.4066561,606295294.4066561,,INTERFACE_COMPLETE,2.4998582818994017,71245635.8299887,0.7045842467891149,1.7613607646316207,,316.32376571998014,11833247175.94231,6.001209331186503,100.0,36.494114486549755,1,s0100_h08_bh01,80.0
18.06373404867421,ALL_HALO_FLUX_COMPLETE,2,0.16681005372000587,667240.2148800235,5.6386907579904376e-05,OK,84866927.20541906,ANGULAR_JUMP_CORRECTION_REQUIRED,False,MATCHING_RADIUS_OUTSIDE_CONSERVATIVE_KEPLER_DOMAIN,NONLOCAL_JUMP_OPERATOR_REQUIRED,8,0.774263682681127,562,SUBGRID_COUPLING_READY,620975765.7983905,620975765.7983905,,INTERFACE_COMPLETE,3.1611525403708693,53555015.51048097,0.5409484225917098,1.710020480285398,,315.9569587069865,11833247175.94231,7.164923769548701,100.0,38.733627411595165,1,s0100_h08_bh02,80.0
16.47480726252247,ALL_HALO_FLUX_COMPLETE,3,0.21544346900318834,861773.8760127533,7.28264915960507e-05,OK,106205051.0072679,ANGULAR_JUMP_CORRECTION_REQUIRED,True,GEOMETRIC_FP_DOMAIN_PASS,NONLOCAL_JUMP_OPERATOR_REQUIRED,8,0.774263682681127,563,SUBGRID_COUPLING_READY,640346982.2296698,640346982.2296698,,INTERFACE_COMPLETE,3.973044360299282,39322777.19336282,0.40816244415479297,1.6216474968351708,,307.9059932546098,11833247175.94231,8.974630349163732,100.0,41.781009572424914,1,s0100_h08_bh03,80.0
15.016760968083645,ALL_HALO_FLUX_COMPLETE,4,0.2782559402207124,1113023.7608828498,9.405903082508855e-05,OK,132996669.55421601,ANGULAR_JUMP_CORRECTION_REQUIRED,True,GEOMETRIC_FP_DOMAIN_PASS,NONLOCAL_JUMP_OPERATOR_REQUIRED,8,0.774263682681127,564,SUBGRID_COUPLING_READY,665938840.0333893,665938840.0333893,,INTERFACE_COMPLETE,4.954439854836713,28208489.121175658,0.30325547435786127,1.5024610083560008,,300.0038051652122,11833247175.94231,11.885640616239657,100.0,45.924920944510404,1,s0100_h08_bh04,80.0
13.702276924831706,ALL_HALO_FLUX_COMPLETE,5,0.35938136638046275,1437525.465521851,0.00012148190975376777,OK,167161944.33752456,ANGULAR_JUMP_CORRECTION_REQUIRED,True,GEOMETRIC_FP_DOMAIN_PASS,NONLOCAL_JUMP_OPERATOR_REQUIRED,8,0.774263682681127,565,SUBGRID_COUPLING_READY,700131129.9867063,700131129.9867063,,INTERFACE_COMPLETE,6.116440546171574,19882817.21670558,0.22362155193876593,1.3677679272760803,,292.1998462604178,11833247175.94231,16.648979212336233,100.0,51.45022974057102,1,s0100_h08_bh05,80.0
12.538054782593449,ALL_HALO_FLUX_COMPLETE,6,0.46415888336127786,1856635.5334451115,0.0001568999198478471,OK,211877376.09099105,ANGULAR_JUMP_CORRECTION_REQUIRED,True,GEOMETRIC_FP_DOMAIN_PASS,NONLOCAL_JUMP_OPERATOR_REQUIRED,8,0.774263682681127,566,SUBGRID_COUPLING_READY,746139455.8918141,746139455.8918141,,INTERFACE_COMPLETE,7.454585549503761,13929347.759672318,0.1660171235166392,1.2375888499373195,,284.43506531577276,11833247175.94231,24.38627021313788,100.0,58.530757282206174,1,s0100_h08_bh06,80.0
11.526146029786903,ALL_HALO_FLUX_COMPLETE,7,0.5994842503189409,2397937.001275764,0.00020264403892034905,OK,272672301.47103304,ANGULAR_JUMP_CORRECTION_REQUIRED,True,GEOMETRIC_FP_DOMAIN_PASS,NONLOCAL_JUMP_OPERATOR_REQUIRED,8,0.774263682681127,567,SUBGRID_COUPLING_READY,808406771.9593918,808406771.9593918,,INTERFACE_COMPLETE,8.938260094653176,9826019.998824472,0.1261482916772091,1.1275462415070674,,270.3345805336747,11833247175.94231,36.60648835925782,100.0,67.1690182070184,1,s0100_h08_bh07,80.0
10.664954014189247,ALL_HALO_FLUX_COMPLETE,8,0.774263682681127,3097054.730724508,0.00026172484058483987,OK,359583995.9443322,ANGULAR_JUMP_CORRECTION_REQUIRED,True,GEOMETRIC_FP_DOMAIN_PASS,NONLOCAL_JUMP_OPERATOR_REQUIRED,8,0.774263682681127,568,SUBGRID_COUPLING_READY,893991768.3486327,893991768.3486327,,INTERFACE_COMPLETE,10.49839857407769,7042274.687488274,0.09941633142837547,1.0437122721076921,,256.7673599652254,11833247175.94231,55.224931831158635,100.0,77.25847161708406,1,s0100_h08_bh08,80.0
9.949806183789713,ALL_HALO_FLUX_COMPLETE,9,1.0,4000000.0,0.00033803063018342385,OK,491963583.78238606,ANGULAR_JUMP_CORRECTION_REQUIRED,True,GEOMETRIC_FP_DOMAIN_PASS,NONLOCAL_JUMP_OPERATOR_REQUIRED,8,0.774263682681127,569,SUBGRID_COUPLING_READY,1012806928.4001917,1012806928.4001917,,INTERFACE_COMPLETE,12.016874299377209,5148617.897000417,0.08201212856379106,0.9855294399754403,,238.25590239786442,11833247175.94231,82.55139864694793,100.0,88.66546170029929,1,s0100_h08_bh09,80.0
9.422384673322657,ALL_HALO_FLUX_COMPLETE,10,1.2589254117941673,5035701.647176669,0.00042555535030270876,OK,680252074.6428639,ANGULAR_JUMP_CORRECTION_REQUIRED,True,GEOMETRIC_FP_DOMAIN_PASS,NONLOCAL_JUMP_OPERATOR_REQUIRED,8,0.774263682681127,570,SUBGRID_COUPLING_READY,1161345240.4752843,1161345240.4752843,,INTERFACE_COMPLETE,13.211570162367615,3947723.574556854,0.07200642339551946,0.9513179148310542,,221.05340515860652,11833247175.94231,117.11242235034122,100.0,100.01996297214562,1,s0100_h08_bh10,80.0
8.991196494390318,ALL_HALO_FLUX_COMPLETE,11,1.5848931924611136,6339572.769844455,0.0005357424446210487,OK,989162631.2691079,ANGULAR_JUMP_CORRECTION_REQUIRED,True,GEOMETRIC_FP_DOMAIN_PASS,NONLOCAL_JUMP_OPERATOR_REQUIRED,8,0.774263682681127,571,SUBGRID_COUPLING_READY,1367968026.0740929,1367968026.0740929,,INTERFACE_COMPLETE,14.095663049534945,3068406.247199421,0.06603988204179617,0.9308759250921926,,196.2804668410631,11833247175.94231,164.1324910613513,100.0,112.419720917926,1,s0100_h08_bh11,80.0
8.632876342011372,ALL_HALO_FLUX_COMPLETE,12,1.9952623149688797,7981049.259875519,0.0006744597777101676,OK,1526527517.6001046,ANGULAR_JUMP_CORRECTION_REQUIRED,True,GEOMETRIC_FP_DOMAIN_PASS,NONLOCAL_JUMP_OPERATOR_REQUIRED,8,0.774263682681127,572,SUBGRID_COUPLING_READY,1664473703.7578237,1664473703.7578237,,INTERFACE_COMPLETE,14.533395122438346,2412135.6387627833,0.06338895386947448,0.9212567129830896,,163.6986880392749,11833247175.94231,227.5680211369355,100.0,125.93191587205595,1,s0100_h08_bh12,80.0
8.309843161644727,ALL_HALO_FLUX_COMPLETE,13,2.51188643150958,10047545.72603832,0.0008490945533923751,OK,2515450898.40859,ANGULAR_JUMP_CORRECTION_REQUIRED,True,GEOMETRIC_FP_DOMAIN_PASS,NONLOCAL_JUMP_OPERATOR_REQUIRED,8,0.774263682681127,573,SUBGRID_COUPLING_READY,2515450898.40859,2515450898.40859,,INTERFACE_COMPLETE,14.43476805177291,1913414.8123982553,0.06373503991151215,0.9200005178931668,,12.34859608744687,11833247175.94231,312.9052801491197,100.0,140.6712787266529,1,s0100_h08_bh13,80.0
7.969016592515476,ALL_HALO_FLUX_COMPLETE,14,3.1622776601683795,12649110.640673518,0.0010689467102816803,OK,4429525660.15202,ANGULAR_JUMP_CORRECTION_REQUIRED,True,GEOMETRIC_FP_DOMAIN_PASS,NONLOCAL_JUMP_OPERATOR_REQUIRED,8,0.774263682681127,574,SUBGRID_COUPLING_READY,4429525660.15202,4429525660.15202,,INTERFACE_COMPLETE,13.791360778663272,1528380.7346157464,0.06708159421964656,0.9251464674910385,,10.75376615239188,11833247175.94231,427.8274768228896,100.0,156.79190493844817,1,s0100_h08_bh14,80.0
7.549204677022645,ALL_HALO_FLUX_COMPLETE,15,3.981071705534973,15924286.822139893,0.001345724177427385,SUBGRID_MASS_FRACTION_TOO_LARGE,8286544770.378469,ANGULAR_JUMP_CORRECTION_REQUIRED,True,GEOMETRIC_FP_DOMAIN_PASS,NONLOCAL_JUMP_OPERATOR_REQUIRED,8,0.774263682681127,575,RESOLVED_FP_REPLACEMENT_REQUIRED,8286544770.378469,8286544770.378469,,INTERFACE_COMPLETE,12.688292305531672,1227305.8997747065,0.07371036927932884,0.9352587113648062,,9.190192076198532,11833247175.94231,582.9943676464774,100.0,174.4728504709695,1,s0100_h08_bh15,80.0
6.999810948763333,ALL_HALO_FLUX_COMPLETE,16,5.011872336272724,20047489.345090896,0.0016941663642291377,SUBGRID_MASS_FRACTION_TOO_LARGE,16265071924.407497,ANGULAR_JUMP_CORRECTION_REQUIRED,True,GEOMETRIC_FP_DOMAIN_PASS,NONLOCAL_JUMP_OPERATOR_REQUIRED,8,0.774263682681127,576,RESOLVED_FP_REPLACEMENT_REQUIRED,16265071924.407497,16265071924.407497,,INTERFACE_COMPLETE,11.280131071509464,989639.4537046415,0.08416698978371585,0.9494146766547128,,7.721203726172179,11833247175.94231,792.9363000185004,100.0,193.9037448557739,1,s0100_h08_bh16,80.0
6.303424842997399,ALL_HALO_FLUX_COMPLETE,17,6.309573444801933,25238293.779207733,0.002132829087734994,SUBGRID_MASS_FRACTION_TOO_LARGE,32935577580.735165,ANGULAR_JUMP_CORRECTION_REQUIRED,True,GEOMETRIC_FP_DOMAIN_PASS,NONLOCAL_JUMP_OPERATOR_REQUIRED,8,0.774263682681127,577,RESOLVED_FP_REPLACEMENT_REQUIRED,32935577580.735165,32935577580.735165,,INTERFACE_COMPLETE,9.74163392571999,800736.4261082745,0.09927427406827533,0.9670936362147351,,6.394332222341356,11833247175.94231,1077.2340500508626,100.0,215.28038356710218,1,s0100_h08_bh17,80.0
5.486621234912775,ALL_HALO_FLUX_COMPLETE,18,7.943282347242816,31773129.38897126,0.002685072737563355,SUBGRID_MASS_FRACTION_TOO_LARGE,67576086362.89184,ANGULAR_JUMP_CORRECTION_REQUIRED,True,GEOMETRIC_FP_DOMAIN_PASS,NONLOCAL_JUMP_OPERATOR_REQUIRED,8,0.774263682681127,578,RESOLVED_FP_REPLACEMENT_REQUIRED,67576086362.89184,67576086362.89184,,INTERFACE_COMPLETE,8.221691720207886,649841.2419159341,0.12017801374454504,0.9880665805545554,,5.235535551707122,11833247175.94231,1462.0492628519228,100.0,238.80547796499437,1,s0100_h08_bh18,80.0
4.609950048759578,ALL_HALO_FLUX_COMPLETE,19,10.0,40000000.0,0.0033803063018342386,SUBGRID_MASS_FRACTION_TOO_LARGE,138309194849.99414,ANGULAR_JUMP_CORRECTION_REQUIRED,True,GEOMETRIC_FP_DOMAIN_PASS,NONLOCAL_JUMP_OPERATOR_REQUIRED,8,0.774263682681127,579,RESOLVED_FP_REPLACEMENT_REQUIRED,138309194849.99414,138309194849.99414,,INTERFACE_COMPLETE,6.819858584735611,528816.4654012237,0.1484255065867706,1.0122409652895195,,4.250246265849288,11833247175.94231,1982.4449974209963,100.0,264.6996718420341,1,s0100_h08_bh19,80.0
24.06383693413077,ALL_HALO_FLUX_COMPLETE,0,0.1,400000.0,2.6172484058483986e-05,OK,67178455.1394512,,False,MATCHING_RADIUS_OUTSIDE_CONSERVATIVE_KEPLER_DOMAIN,NONLOCAL_JUMP_OPERATOR_REQUIRED,9,1.0,580,SUBGRID_COUPLING_READY,900449113.6441108,900449113.6441108,,INTERFACE_COMPLETE,1.6802287601060957,99570659.03746499,1.134336502268784,1.905944814750164,,345.03389723655516,15283226426.126614,4.694519606484145,100.0,36.597680012297765,1,s0100_h09_bh00,80.0
22.16428784507713,ALL_HALO_FLUX_COMPLETE,1,0.1291549665014884,516619.8660059536,3.3803063018342384e-05,OK,84344464.34410717,ANGULAR_JUMP_CORRECTION_REQUIRED,False,MATCHING_RADIUS_OUTSIDE_CONSERVATIVE_KEPLER_DOMAIN,NONLOCAL_JUMP_OPERATOR_REQUIRED,9,1.0,581,SUBGRID_COUPLING_READY,913868270.8052299,913868270.8052299,,INTERFACE_COMPLETE,2.142697255976373,78143055.95141523,0.9016118873819858,1.9318813170490596,,344.79367751423604,15283226426.126614,5.226802590349158,100.0,37.94106506996141,1,s0100_h09_bh01,80.0
20.312569851454036,ALL_HALO_FLUX_COMPLETE,2,0.16681005372000587,667240.2148800235,4.365833471781711e-05,OK,105685893.63481133,ANGULAR_JUMP_CORRECTION_REQUIRED,False,MATCHING_RADIUS_OUTSIDE_CONSERVATIVE_KEPLER_DOMAIN,NONLOCAL_JUMP_OPERATOR_REQUIRED,9,1.0,582,SUBGRID_COUPLING_READY,931252885.297638,931252885.297638,,INTERFACE_COMPLETE,2.72240307139361,60416518.21014945,0.7086053544777628,1.9291093934362193,,344.48384437879105,15283226426.126614,5.981854066770924,100.0,39.70014757398384,1,s0100_h09_bh02,80.0
18.54472768484161,ALL_HALO_FLUX_COMPLETE,3,0.21544346900318834,861773.8760127533,5.6386907579904356e-05,OK,132160917.3587216,ANGULAR_JUMP_CORRECTION_REQUIRED,False,MATCHING_RADIUS_OUTSIDE_CONSERVATIVE_KEPLER_DOMAIN,NONLOCAL_JUMP_OPERATOR_REQUIRED,9,1.0,583,SUBGRID_COUPLING_READY,954049587.1240283,954049587.1240283,,INTERFACE_COMPLETE,3.44256770368221,45896382.211443,0.5498044326951398,1.8927389833376078,,335.82883112792103,15283226426.126614,7.087573736758801,100.0,42.02946047890771,1,s0100_h09_bh03,80.0
16.88891411705897,ALL_HALO_FLUX_COMPLETE,4,0.2782559402207124,1113023.7608828498,7.28264915960507e-05,OK,165047118.90338317,ANGULAR_JUMP_CORRECTION_REQUIRED,True,GEOMETRIC_FP_DOMAIN_PASS,NONLOCAL_JUMP_OPERATOR_REQUIRED,9,1.0,584,SUBGRID_COUPLING_READY,984156584.8587525,984156584.8587525,,INTERFACE_COMPLETE,4.326736538458339,34203044.79998017,0.42104421307537715,1.8217473810196725,,335.3166968728918,15283226426.126614,8.759710526906385,100.0,45.13432125483253,1,s0100_h09_bh04,80.0
15.365007865925197,ALL_HALO_FLUX_COMPLETE,5,0.35938136638046275,1437525.465521851,9.405903082508855e-05,OK,206183400.6559606,ANGULAR_JUMP_CORRECTION_REQUIRED,True,GEOMETRIC_FP_DOMAIN_PASS,NONLOCAL_JUMP_OPERATOR_REQUIRED,9,1.0,585,SUBGRID_COUPLING_READY,1024121286.8885128,1024121286.8885128,,INTERFACE_COMPLETE,5.395498767071763,25020818.667212714,0.31901008554113564,1.721218523220655,,326.7110325914104,15283226426.126614,11.357412590334215,100.0,49.26112072341781,1,s0100_h09_bh05,80.0
13.985241535244931,ALL_HALO_FLUX_COMPLETE,6,0.46415888336127786,1856635.5334451115,0.00012148190975376773,OK,258428377.97946355,ANGULAR_JUMP_CORRECTION_REQUIRED,True,GEOMETRIC_FP_DOMAIN_PASS,NONLOCAL_JUMP_OPERATOR_REQUIRED,9,1.0,586,SUBGRID_COUPLING_READY,1077370236.2283711,1077370236.2283711,,INTERFACE_COMPLETE,6.660944202101759,18047462.12860665,0.24072763563793462,1.6034733488881654,,318.212342147527,15283226426.126614,15.451300668952484,100.0,54.65336864873671,1,s0100_h09_bh06,80.0
12.755369226262081,ALL_HALO_FLUX_COMPLETE,7,0.5994842503189409,2397937.001275764,0.00015689991984784707,OK,326513500.43845624,ANGULAR_JUMP_CORRECTION_REQUIRED,True,GEOMETRIC_FP_DOMAIN_PASS,NONLOCAL_JUMP_OPERATOR_REQUIRED,9,1.0,587,SUBGRID_COUPLING_READY,1148882753.5062535,1148882753.5062535,,INTERFACE_COMPLETE,8.118214837568983,12941853.35165357,0.1829332508551411,1.4850914313769352,,309.7563174018604,15283226426.126614,21.882171408608002,100.0,61.480270950782774,1,s0100_h09_bh07,80.0
11.675940592638575,ALL_HALO_FLUX_COMPLETE,8,0.774263682681127,3097054.730724508,0.00020264403892034902,OK,418669597.675609,ANGULAR_JUMP_CORRECTION_REQUIRED,True,GEOMETRIC_FP_DOMAIN_PASS,NONLOCAL_JUMP_OPERATOR_REQUIRED,9,1.0,588,SUBGRID_COUPLING_READY,1246308121.254321,1246308121.254321,,INTERFACE_COMPLETE,9.733970485762887,9315079.15584617,0.14182877559895435,1.3805571157121093,,294.4005656951055,15283226426.126614,31.794131784169213,100.0,69.79151759359281,1,s0100_h09_bh08,80.0
10.743224971067015,ALL_HALO_FLUX_COMPLETE,9,1.0,4000000.0,0.00026172484058483987,OK,549802742.2639719,ANGULAR_JUMP_CORRECTION_REQUIRED,True,GEOMETRIC_FP_DOMAIN_PASS,NONLOCAL_JUMP_OPERATOR_REQUIRED,9,1.0,589,SUBGRID_COUPLING_READY,1379974829.999361,1379974829.999361,,INTERFACE_COMPLETE,11.432997114167414,6779536.247760327,0.11350600370129671,1.2977138127576011,,279.6255509619683,15283226426.126614,46.66582089774128,100.0,79.54342447485278,1,s0100_h09_bh09,80.0
10.023179856480862,ALL_HALO_FLUX_COMPLETE,10,1.2589254117941673,5035701.647176669,0.0003294920527100323,OK,724381823.9797121,ANGULAR_JUMP_CORRECTION_REQUIRED,True,GEOMETRIC_FP_DOMAIN_PASS,NONLOCAL_JUMP_OPERATOR_REQUIRED,9,1.0,590,SUBGRID_COUPLING_READY,1544715444.285607,1544715444.285607,,INTERFACE_COMPLETE,12.928103053468753,5160924.805146253,0.096199245594744,1.2436737607148005,,259.70740742929075,15283226426.126614,65.76565002091385,100.0,89.47632929985022,1,s0100_h09_bh10,80.0
9.406072674104417,ALL_HALO_FLUX_COMPLETE,11,1.5848931924611136,6339572.769844455,0.0004148059181408829,OK,991633026.8613693,ANGULAR_JUMP_CORRECTION_REQUIRED,True,GEOMETRIC_FP_DOMAIN_PASS,NONLOCAL_JUMP_OPERATOR_REQUIRED,9,1.0,591,SUBGRID_COUPLING_READY,1769794653.3692043,1769794653.3692043,,INTERFACE_COMPLETE,14.256930193088902,3978895.958731718,0.08466725900214193,1.2070952012337155,,235.92241345480065,15283226426.126614,92.06162760102914,100.0,100.48055355654935,1,s0100_h09_bh11,80.0
8.876751832114119,ALL_HALO_FLUX_COMPLETE,12,1.9952623149688797,7981049.259875519,0.0005222097113101687,OK,1424693772.002281,ANGULAR_JUMP_CORRECTION_REQUIRED,True,GEOMETRIC_FP_DOMAIN_PASS,NONLOCAL_JUMP_OPERATOR_REQUIRED,9,1.0,592,SUBGRID_COUPLING_READY,2083887101.19451,2083887101.19451,,INTERFACE_COMPLETE,15.265083709707609,3103921.792999897,0.0776587722240449,1.1854676587931614,,209.70773002329673,15283226426.126614,127.77291199556909,100.0,112.56675579761924,1,s0100_h09_bh12,80.0
8.41161505650524,ALL_HALO_FLUX_COMPLETE,13,2.51188643150958,10047545.72603832,0.0006574230758540671,OK,2167843268.8029537,ANGULAR_JUMP_CORRECTION_REQUIRED,True,GEOMETRIC_FP_DOMAIN_PASS,NONLOCAL_JUMP_OPERATOR_REQUIRED,9,1.0,593,SUBGRID_COUPLING_READY,2536411033.195091,2536411033.195091,,INTERFACE_COMPLETE,15.801943201734856,2446055.122621176,0.07442771457826397,1.1761025184006606,,171.6938482456157,15283226426.126614,175.88556006030356,100.0,125.79322866360022,1,s0100_h09_bh13,80.0
7.975861386173654,ALL_HALO_FLUX_COMPLETE,14,3.1622776601683795,12649110.640673518,0.0008276466164925696,OK,3515146968.977117,ANGULAR_JUMP_CORRECTION_REQUIRED,True,GEOMETRIC_FP_DOMAIN_PASS,NONLOCAL_JUMP_OPERATOR_REQUIRED,9,1.0,594,SUBGRID_COUPLING_READY,3515146968.977117,3515146968.977117,,INTERFACE_COMPLETE,15.76175242450431,1943590.546166487,0.0746413037373935,1.1764777501510246,,13.639759722146788,15283226426.126614,240.54073415550792,100.0,140.26642980449193,1,s0100_h09_bh14,80.0
7.523920461419438,ALL_HALO_FLUX_COMPLETE,15,3.981071705534973,15924286.822139893,0.0010419453574879575,SUBGRID_MASS_FRACTION_TOO_LARGE,6080382846.766113,ANGULAR_JUMP_CORRECTION_REQUIRED,True,GEOMETRIC_FP_DOMAIN_PASS,NONLOCAL_JUMP_OPERATOR_REQUIRED,9,1.0,595,RESOLVED_FP_REPLACEMENT_REQUIRED,6080382846.766113,6080382846.766113,,INTERFACE_COMPLETE,15.124191378125618,1554317.2610502415,0.07831526935067655,1.1844551214890877,,11.903744336321981,15283226426.126614,327.5324504577771,100.0,156.13330214822076,1,s0100_h09_bh15,80.0
7.0071465873231125,ALL_HALO_FLUX_COMPLETE,16,5.011872336272724,20047489.345090896,0.0013117314882425477,SUBGRID_MASS_FRACTION_TOO_LARGE,11158202165.565619,ANGULAR_JUMP_CORRECTION_REQUIRED,True,GEOMETRIC_FP_DOMAIN_PASS,NONLOCAL_JUMP_OPERATOR_REQUIRED,9,1.0,596,RESOLVED_FP_REPLACEMENT_REQUIRED,11158202165.565619,11158202165.565619,,INTERFACE_COMPLETE,13.97122432799445,1249157.336378472,0.08577517586902637,1.1983842238393438,,10.193611916616199,15283226426.126614,444.925179472659,100.0,173.56958876488028,1,s0100_h09_bh16,80.0
6.389705389491293,ALL_HALO_FLUX_COMPLETE,17,6.309573444801933,25238293.779207733,0.001651372103999125,SUBGRID_MASS_FRACTION_TOO_LARGE,21465278940.929913,ANGULAR_JUMP_CORRECTION_REQUIRED,True,GEOMETRIC_FP_DOMAIN_PASS,NONLOCAL_JUMP_OPERATOR_REQUIRED,9,1.0,597,RESOLVED_FP_REPLACEMENT_REQUIRED,21465278940.929913,21465278940.929913,,INTERFACE_COMPLETE,12.465098911491102,1007794.179122486,0.09764613475273673,1.2171687280176522,,8.579420584809409,15283226426.126614,603.7586551443986,100.0,192.76578644883483,1,s0100_h09_bh17,80.0
5.665480437974071,ALL_HALO_FLUX_COMPLETE,18,7.943282347242816,31773129.38897126,0.0020789543060524985,SUBGRID_MASS_FRACTION_TOO_LARGE,42588105047.98029,ANGULAR_JUMP_CORRECTION_REQUIRED,True,GEOMETRIC_FP_DOMAIN_PASS,NONLOCAL_JUMP_OPERATOR_REQUIRED,9,1.0,598,RESOLVED_FP_REPLACEMENT_REQUIRED,42588105047.98029,42588105047.98029,,INTERFACE_COMPLETE,10.79656711172217,815668.2645163129,0.11487005178797535,1.2402022232558771,,7.11539593474019,15283226426.126614,818.9399541522113,100.0,213.9193748570118,1,s0100_h09_bh18,80.0
4.863761353789949,ALL_HALO_FLUX_COMPLETE,19,10.0,40000000.0,0.0026172484058483987,SUBGRID_MASS_FRACTION_TOO_LARGE,85664605586.27992,ANGULAR_JUMP_CORRECTION_REQUIRED,True,GEOMETRIC_FP_DOMAIN_PASS,NONLOCAL_JUMP_OPERATOR_REQUIRED,9,1.0,599,RESOLVED_FP_REPLACEMENT_REQUIRED,85664605586.27992,85664605586.27992,,INTERFACE_COMPLETE,9.132664238432444,662021.4866961959,0.13875656312775267,1.2672171019246206,,5.8324485979907585,15283226426.126614,1110.4773704774718,100.0,237.23720897502378,1,s0100_h09_bh19,80.0
26.30207613780003,ALL_HALO_FLUX_COMPLETE,0,0.1,400000.0,2.0789543060524982e-05,OK,81980915.41376543,,False,MATCHING_RADIUS_OUTSIDE_CONSERVATIVE_KEPLER_DOMAIN,NONLOCAL_JUMP_OPERATOR_REQUIRED,10,1.2589254117941673,600,SUBGRID_COUPLING_READY,1307280448.9073517,1307280448.9073517,,INTERFACE_COMPLETE,1.4541129640927641,104816827.87616354,1.3797862287337457,2.0063650428784037,,372.7421972947312,19240442122.054947,4.345176365890492,100.0,38.50533448928451,1,s0100_h10_bh00,80.0
24.344436314294672,ALL_HALO_FLUX_COMPLETE,1,0.1291549665014884,516619.8660059536,2.6850727375633546e-05,OK,102941911.08991274,,False,MATCHING_RADIUS_OUTSIDE_CONSERVATIVE_KEPLER_DOMAIN,NONLOCAL_JUMP_OPERATOR_REQUIRED,10,1.2589254117941673,601,SUBGRID_COUPLING_READY,1322880710.1065156,1322880710.1065156,,INTERFACE_COMPLETE,1.8591828698805617,83539750.31606261,1.1108645684191396,2.0653003763621274,,372.5359646034053,19240442122.054947,4.737148742859001,100.0,39.63736317485227,1,s0100_h10_bh01,80.0
22.39564126151368,ALL_HALO_FLUX_COMPLETE,2,0.16681005372000587,667240.2148800235,3.467904794740548e-05,OK,129024957.93900195,ANGULAR_JUMP_CORRECTION_REQUIRED,False,MATCHING_RADIUS_OUTSIDE_CONSERVATIVE_KEPLER_DOMAIN,NONLOCAL_JUMP_OPERATOR_REQUIRED,10,1.2589254117941673,602,SUBGRID_COUPLING_READY,1343078258.635314,1343078258.635314,,INTERFACE_COMPLETE,2.370129498174455,65810936.40107767,0.8865988368208501,2.1013540561962567,,372.2698911837962,19240442122.054947,5.273305486025591,100.0,41.09016653301617,1,s0100_h10_bh02,80.0
20.498075658447362,ALL_HALO_FLUX_COMPLETE,3,0.21544346900318834,861773.8760127533,4.4789712759506636e-05,OK,161341825.8353465,ANGULAR_JUMP_CORRECTION_REQUIRED,False,MATCHING_RADIUS_OUTSIDE_CONSERVATIVE_KEPLER_DOMAIN,NONLOCAL_JUMP_OPERATOR_REQUIRED,10,1.2589254117941673,603,SUBGRID_COUPLING_READY,1369737868.228986,1369737868.228986,,INTERFACE_COMPLETE,3.010094724941151,51162656.62507158,0.7009470268955817,2.109916948121574,,363.0105939804688,19240442122.054947,6.025650806286816,100.0,42.97335109240487,1,s0100_h10_bh03,80.0
18.687512652569076,ALL_HALO_FLUX_COMPLETE,4,0.2782559402207124,1113023.7608828498,5.784813851065367e-05,OK,201286825.95594385,ANGULAR_JUMP_CORRECTION_REQUIRED,False,MATCHING_RADIUS_OUTSIDE_CONSERVATIVE_KEPLER_DOMAIN,NONLOCAL_JUMP_OPERATOR_REQUIRED,10,1.2589254117941673,604,SUBGRID_COUPLING_READY,1404676183.4267826,1404676183.4267826,,INTERFACE_COMPLETE,3.8042934593548847,39175641.37746364,0.5484859275586516,2.086601426759575,,362.5704199867614,19240442122.054947,7.110598028778846,100.0,45.434030242812604,1,s0100_h10_bh04,80.0
16.99145502596741,ALL_HALO_FLUX_COMPLETE,5,0.35938136638046275,1437525.465521851,7.471374391516936e-05,OK,250725694.27433085,ANGULAR_JUMP_CORRECTION_REQUIRED,True,GEOMETRIC_FP_DOMAIN_PASS,NONLOCAL_JUMP_OPERATOR_REQUIRED,10,1.2589254117941673,605,SUBGRID_COUPLING_READY,1450847579.4439049,1450847579.4439049,,INTERFACE_COMPLETE,4.778024028825693,29519478.527481318,0.4250057908108711,2.030687880884408,,353.4198760981056,19240442122.054947,8.717525558247127,100.0,48.66041256258157,1,s0100_h10_bh05,80.0
15.4288342846489,ALL_HALO_FLUX_COMPLETE,6,0.46415888336127786,1856635.5334451115,9.649651092564479e-05,OK,312367913.86818904,ANGULAR_JUMP_CORRECTION_REQUIRED,True,GEOMETRIC_FP_DOMAIN_PASS,NONLOCAL_JUMP_OPERATOR_REQUIRED,10,1.2589254117941673,606,SUBGRID_COUPLING_READY,1511999070.8962839,1511999070.8962839,,INTERFACE_COMPLETE,5.952914529412805,21911375.609837405,0.32702850079940404,1.9467727139408595,,344.42391643455903,19240442122.054947,11.149623158962141,100.0,52.87035758772702,1,s0100_h10_bh06,80.0
14.010672463465218,ALL_HALO_FLUX_COMPLETE,7,0.5994842503189409,2397937.001275764,0.0001246300363611216,OK,390454045.77669555,ANGULAR_JUMP_CORRECTION_REQUIRED,True,GEOMETRIC_FP_DOMAIN_PASS,NONLOCAL_JUMP_OPERATOR_REQUIRED,10,1.2589254117941673,607,SUBGRID_COUPLING_READY,1593828552.694793,1593828552.694793,,INTERFACE_COMPLETE,7.340661587753893,16081656.72541596,0.2513924916129454,1.8453872066328914,,335.52335602394606,19240442122.054947,14.873524695900525,100.0,58.27708233750307,1,s0100_h10_bh07,80.0
12.74127496523702,ALL_HALO_FLUX_COMPLETE,8,0.774263682681127,3097054.730724508,0.0001609658817129994,OK,492067619.31962216,ANGULAR_JUMP_CORRECTION_REQUIRED,True,GEOMETRIC_FP_DOMAIN_PASS,NONLOCAL_JUMP_OPERATOR_REQUIRED,10,1.2589254117941673,608,SUBGRID_COUPLING_READY,1704048431.2122133,1704048431.2122133,,INTERFACE_COMPLETE,8.933547056329276,11745085.44179033,0.19484985196997764,1.7407003214925891,,326.64882685518364,19240442122.054947,20.56504423377858,100.0,65.03828794518907,1,s0100_h10_bh08,80.0
11.619433379230854,ALL_HALO_FLUX_COMPLETE,9,1.0,4000000.0,0.00020789543060524982,OK,629564118.3465313,ANGULAR_JUMP_CORRECTION_REQUIRED,True,GEOMETRIC_FP_DOMAIN_PASS,NONLOCAL_JUMP_OPERATOR_REQUIRED,10,1.2589254117941673,609,SUBGRID_COUPLING_READY,1854227609.6415436,1854227609.6415436,,INTERFACE_COMPLETE,10.691713250151137,8598088.606270144,0.15393364528644377,1.645814394953136,,310.5560119945698,19240442122.054947,29.14395300515744,100.0,73.22325743719144,1,s0100_h10_bh09,80.0
10.731183204167651,ALL_HALO_FLUX_COMPLETE,10,1.2589254117941673,5035701.647176669,0.00026172484058483987,OK,802168355.9909664,ANGULAR_JUMP_CORRECTION_REQUIRED,True,GEOMETRIC_FP_DOMAIN_PASS,NONLOCAL_JUMP_OPERATOR_REQUIRED,10,1.2589254117941673,610,SUBGRID_COUPLING_READY,2037310134.6838634,2037310134.6838634,,INTERFACE_COMPLETE,12.345066314842336,6538995.557774571,0.12764286844555417,1.5757596755770626,,295.2450869259786,19240442122.054947,40.319467130421565,100.0,81.80428965809352,1,s0100_h10_bh10,80.0
9.950744979242304,ALL_HALO_FLUX_COMPLETE,11,1.5848931924611136,6339572.769844455,0.0003294920527100323,OK,1051918143.2080768,ANGULAR_JUMP_CORRECTION_REQUIRED,True,GEOMETRIC_FP_DOMAIN_PASS,NONLOCAL_JUMP_OPERATOR_REQUIRED,10,1.2589254117941673,611,SUBGRID_COUPLING_READY,2284565611.9935045,2284565611.9935045,,INTERFACE_COMPLETE,13.959444573148568,5022079.872142787,0.10914263058057473,1.5235705021571628,,274.3662470104482,19240442122.054947,55.850586820253916,100.0,91.49218864838332,1,s0100_h10_bh11,80.0
9.266594167766618,ALL_HALO_FLUX_COMPLETE,12,1.9952623149688797,7981049.259875519,0.0004148059181408829,OK,1432284259.4414725,ANGULAR_JUMP_CORRECTION_REQUIRED,True,GEOMETRIC_FP_DOMAIN_PASS,NONLOCAL_JUMP_OPERATOR_REQUIRED,10,1.2589254117941673,612,SUBGRID_COUPLING_READY,2623731439.03442,2623731439.03442,,INTERFACE_COMPLETE,15.394279113537419,3897292.4880865817,0.09669022794634465,1.4884763565575854,,249.39450688673074,19240442122.054947,77.12551916156659,100.0,102.2794700423621,1,s0100_h10_bh12,80.0
8.662334341979044,ALL_HALO_FLUX_COMPLETE,13,2.51188643150958,10047545.72603832,0.0005222097113101685,OK,2044960705.5919905,ANGULAR_JUMP_CORRECTION_REQUIRED,True,GEOMETRIC_FP_DOMAIN_PASS,NONLOCAL_JUMP_OPERATOR_REQUIRED,10,1.2589254117941673,613,SUBGRID_COUPLING_READY,3099290654.7144213,3099290654.7144213,,INTERFACE_COMPLETE,16.48285824059565,3054833.6139825997,0.08911154580206915,1.4688129770558522,,221.81712929697858,19240442122.054947,105.92415811804065,100.0,114.18137635391271,1,s0100_h10_bh13,80.0
8.114304092841076,ALL_HALO_FLUX_COMPLETE,14,3.1622776601683795,12649110.640673518,0.0006574230758540671,OK,3088764603.3771367,ANGULAR_JUMP_CORRECTION_REQUIRED,True,GEOMETRIC_FP_DOMAIN_PASS,NONLOCAL_JUMP_OPERATOR_REQUIRED,10,1.2589254117941673,614,SUBGRID_COUPLING_READY,3791452819.018622,3791452819.018622,,INTERFACE_COMPLETE,17.062545785746533,2415764.4453269714,0.0857017510575222,1.462290051337624,,174.74239887207148,19240442122.054947,144.6431920999016,100.0,127.25645741596043,1,s0100_h10_bh14,80.0
7.590198362275192,ALL_HALO_FLUX_COMPLETE,15,3.981071705534973,15924286.822139893,0.0008276466164925696,OK,4964400258.16016,ANGULAR_JUMP_CORRECTION_REQUIRED,True,GEOMETRIC_FP_DOMAIN_PASS,NONLOCAL_JUMP_OPERATOR_REQUIRED,10,1.2589254117941673,615,SUBGRID_COUPLING_READY,5046287625.631595,5046287625.631595,,INTERFACE_COMPLETE,17.0191487827385,1924403.9142654545,0.0861662786060629,1.4664767156514817,,68.08994213036453,19240442122.054947,196.60876691756658,100.0,141.6092763799463,1,s0100_h10_bh15,80.0
7.050991344231082,ALL_HALO_FLUX_COMPLETE,16,5.011872336272724,20047489.345090896,0.0010419453574879575,SUBGRID_MASS_FRACTION_TOO_LARGE,8496796427.795524,ANGULAR_JUMP_CORRECTION_REQUIRED,True,GEOMETRIC_FP_DOMAIN_PASS,NONLOCAL_JUMP_OPERATOR_REQUIRED,10,1.2589254117941673,616,RESOLVED_FP_REPLACEMENT_REQUIRED,8496796427.795524,8496796427.795524,,INTERFACE_COMPLETE,16.330726200390977,1541832.7760937272,0.09057549501939463,1.4791636096266103,,12.853367473059564,19240442122.054947,266.47820000881046,100.0,157.38542190704058,1,s0100_h10_bh16,80.0
6.4589770705314855,ALL_HALO_FLUX_COMPLETE,17,6.309573444801933,25238293.779207733,0.0013117314882425473,SUBGRID_MASS_FRACTION_TOO_LARGE,15397826989.798752,ANGULAR_JUMP_CORRECTION_REQUIRED,True,GEOMETRIC_FP_DOMAIN_PASS,NONLOCAL_JUMP_OPERATOR_REQUIRED,10,1.2589254117941673,617,RESOLVED_FP_REPLACEMENT_REQUIRED,15397826989.798752,15397826989.798752,,INTERFACE_COMPLETE,15.085781016677071,1240798.677663218,0.09933732544164851,1.4985811383950933,,11.006808961970009,19240442122.054947,360.74100087375103,100.0,174.7603671342729,1,s0100_h10_bh17,80.0
5.79129185723895,ALL_HALO_FLUX_COMPLETE,18,7.943282347242816,31773129.38897126,0.0016513721039991248,SUBGRID_MASS_FRACTION_TOO_LARGE,29194695958.547367,ANGULAR_JUMP_CORRECTION_REQUIRED,True,GEOMETRIC_FP_DOMAIN_PASS,NONLOCAL_JUMP_OPERATOR_REQUIRED,10,1.2589254117941673,618,RESOLVED_FP_REPLACEMENT_REQUIRED,29194695958.547367,29194695958.547367,,INTERFACE_COMPLETE,13.45950420058629,1002019.163339901,0.11319465110025796,1.5235438819678215,,9.263845254640213,19240442122.054947,488.29550690696954,100.0,193.92610242211677,1,s0100_h10_bh18,80.0
5.051831302487911,ALL_HALO_FLUX_COMPLETE,19,10.0,40000000.0,0.0020789543060524985,SUBGRID_MASS_FRACTION_TOO_LARGE,57006175345.43815,ANGULAR_JUMP_CORRECTION_REQUIRED,True,GEOMETRIC_FP_DOMAIN_PASS,NONLOCAL_JUMP_OPERATOR_REQUIRED,10,1.2589254117941673,619,RESOLVED_FP_REPLACEMENT_REQUIRED,57006175345.43815,57006175345.43815,,INTERFACE_COMPLETE,11.657865005642064,811535.1503796545,0.13325001098364872,1.553410640047699,,7.683027800460072,19240442122.054947,661.1858271368461,100.0,215.08354873187554,1,s0100_h10_bh19,80.0
28.427564481897544,ALL_HALO_FLUX_COMPLETE,0,0.1,400000.0,1.6513721039991246e-05,OK,100283687.51837258,,False,MATCHING_RADIUS_OUTSIDE_CONSERVATIVE_KEPLER_DOMAIN,NONLOCAL_JUMP_OPERATOR_REQUIRED,11,1.5848931924611136,620,SUBGRID_COUPLING_READY,1895397461.4197142,1895397461.4197142,,INTERFACE_COMPLETE,1.2561119464797748,109517642.17585176,1.668916772526576,2.096346295651101,,402.63498624785063,24222281521.609863,4.076148511285922,100.0,40.69564749477769,1,s0100_h11_bh00,80.0
26.462744624956756,ALL_HALO_FLUX_COMPLETE,1,0.1291549665014884,516619.8660059536,2.1328290877349937e-05,OK,125874410.93924882,,False,MATCHING_RADIUS_OUTSIDE_CONSERVATIVE_KEPLER_DOMAIN,NONLOCAL_JUMP_OPERATOR_REQUIRED,11,1.5848931924611136,621,SUBGRID_COUPLING_READY,1913477297.4708533,1913477297.4708533,,INTERFACE_COMPLETE,1.6093573534916603,88329325.16416623,1.3568832300446994,2.183710004101953,,402.4579656471872,24222281521.609863,4.372245293585005,100.0,41.663925896607374,1,s0100_h11_bh01,80.0
24.463661600899336,ALL_HALO_FLUX_COMPLETE,2,0.16681005372000587,667240.2148800235,2.754654693798131e-05,OK,157774072.9661654,,False,MATCHING_RADIUS_OUTSIDE_CONSERVATIVE_KEPLER_DOMAIN,NONLOCAL_JUMP_OPERATOR_REQUIRED,11,1.5848931924611136,622,SUBGRID_COUPLING_READY,1937326289.3526719,1937326289.3526719,,INTERFACE_COMPLETE,2.0571366842911596,70620983.66524811,1.0961545122790601,2.254939658860539,,392.59892256421074,24222281521.609863,4.765839165142351,100.0,42.88660704465302,1,s0100_h11_bh02,80.0
22.47655623792343,ALL_HALO_FLUX_COMPLETE,3,0.21544346900318834,861773.8760127533,3.557773347006653e-05,OK,197315976.94356138,ANGULAR_JUMP_CORRECTION_REQUIRED,False,MATCHING_RADIUS_OUTSIDE_CONSERVATIVE_KEPLER_DOMAIN,NONLOCAL_JUMP_OPERATOR_REQUIRED,11,1.5848931924611136,623,SUBGRID_COUPLING_READY,1968540066.065017,1968540066.065017,,INTERFACE_COMPLETE,2.621603515672783,55875556.546258494,0.8789559788416104,2.304274084252778,,392.30569908033664,24222281521.609863,5.2997224451630744,100.0,44.44345557387889,1,s0100_h11_bh03,80.0
20.54367848419016,ALL_HALO_FLUX_COMPLETE,4,0.2782559402207124,1113023.7608828498,4.5950409745253256e-05,OK,246097874.234511,ANGULAR_JUMP_CORRECTION_REQUIRED,False,MATCHING_RADIUS_OUTSIDE_CONSERVATIVE_KEPLER_DOMAIN,NONLOCAL_JUMP_OPERATOR_REQUIRED,11,1.5848931924611136,624,SUBGRID_COUPLING_READY,2008985910.5537322,2008985910.5537322,,INTERFACE_COMPLETE,3.3280271857573798,43699752.269876435,0.6993836806974061,2.327567902636026,,391.9275373688366,24222281521.609863,6.040283447375563,100.0,46.4410563836148,1,s0100_h11_bh04,80.0
18.70025119890949,ALL_HALO_FLUX_COMPLETE,5,0.35938136638046275,1437525.465521851,5.934723631377851e-05,OK,306118428.7440548,ANGULAR_JUMP_CORRECTION_REQUIRED,False,MATCHING_RADIUS_OUTSIDE_CONSERVATIVE_KEPLER_DOMAIN,NONLOCAL_JUMP_OPERATOR_REQUIRED,11,1.5848931924611136,625,SUBGRID_COUPLING_READY,2062680007.731777,2062680007.731777,,INTERFACE_COMPLETE,4.203765474891862,33735871.36029326,0.5520621197523278,2.320739679010452,,382.16911243864706,24222281521.609863,7.091826789625173,100.0,49.01822583752384,1,s0100_h11_bh05,80.0
16.97291086696264,ALL_HALO_FLUX_COMPLETE,6,0.46415888336127786,1856635.5334451115,7.664990318061978e-05,OK,380067553.4740451,ANGULAR_JUMP_CORRECTION_REQUIRED,True,GEOMETRIC_FP_DOMAIN_PASS,NONLOCAL_JUMP_OPERATOR_REQUIRED,11,1.5848931924611136,626,SUBGRID_COUPLING_READY,2133141080.8685372,2133141080.8685372,,INTERFACE_COMPLETE,5.275958181987319,25697057.199738517,0.43274061051239404,2.283121364711053,,372.6115238876822,24222281521.609863,8.618628776718795,100.0,52.34716149521787,1,s0100_h11_bh06,80.0
15.379486561325153,ALL_HALO_FLUX_COMPLETE,7,0.5994842503189409,2397937.001275764,9.899715677635275e-05,OK,471884820.9950376,ANGULAR_JUMP_CORRECTION_REQUIRED,True,GEOMETRIC_FP_DOMAIN_PASS,NONLOCAL_JUMP_OPERATOR_REQUIRED,11,1.5848931924611136,627,SUBGRID_COUPLING_READY,2226912901.7016335,2226912901.7016335,,INTERFACE_COMPLETE,6.5672444234958745,19334091.564753015,0.33782929631358555,2.21860756230893,,363.1999628104369,24222281521.609863,10.875414436599046,100.0,56.62261642917779,1,s0100_h11_bh07,80.0
13.929721458793145,ALL_HALO_FLUX_COMPLETE,8,0.774263682681127,3097054.730724508,0.00012785974467192433,OK,587809786.9226846,ANGULAR_JUMP_CORRECTION_REQUIRED,True,GEOMETRIC_FP_DOMAIN_PASS,NONLOCAL_JUMP_OPERATOR_REQUIRED,11,1.5848931924611136,628,SUBGRID_COUPLING_READY,2352798720.518766,2352798720.518766,,INTERFACE_COMPLETE,8.08867753815381,14412905.033990702,0.26408384335564483,2.1360890519401337,,353.87074643198275,24222281521.609863,14.244240868143242,100.0,62.03547427300149,1,s0100_h11_bh08,80.0
12.626459828937145,ALL_HALO_FLUX_COMPLETE,9,1.0,4000000.0,0.00016513721039991246,OK,738328028.3940283,ANGULAR_JUMP_CORRECTION_REQUIRED,True,GEOMETRIC_FP_DOMAIN_PASS,NONLOCAL_JUMP_OPERATOR_REQUIRED,11,1.5848931924611136,629,SUBGRID_COUPLING_READY,2522737797.4999175,2522737797.4999175,,INTERFACE_COMPLETE,9.829134661059166,10697798.63644038,0.20833300303919874,2.047733141215133,,344.54885938848423,24222281521.609863,19.271109281225122,100.0,68.73591477334459,1,s0100_h11_bh09,80.0
11.57654483188543,ALL_HALO_FLUX_COMPLETE,10,1.2589254117941673,5035701.647176669,0.00020789543060524985,OK,918323787.0450294,ANGULAR_JUMP_CORRECTION_REQUIRED,True,GEOMETRIC_FP_DOMAIN_PASS,NONLOCAL_JUMP_OPERATOR_REQUIRED,11,1.5848931924611136,630,SUBGRID_COUPLING_READY,2728015471.6004744,2728015471.6004744,,INTERFACE_COMPLETE,11.544646410243297,8188211.9449190125,0.1709178337225172,1.973185955531219,,327.85515388242493,24222281521.609863,25.821503879548615,100.0,75.93820660100052,1,s0100_h11_bh10,80.0
10.637592213455093,ALL_HALO_FLUX_COMPLETE,11,1.5848931924611136,6339572.769844455,0.0002617248405848399,OK,1164404103.532509,ANGULAR_JUMP_CORRECTION_REQUIRED,True,GEOMETRIC_FP_DOMAIN_PASS,NONLOCAL_JUMP_OPERATOR_REQUIRED,11,1.5848931924611136,631,SUBGRID_COUPLING_READY,3002636620.212661,3002636620.212661,,INTERFACE_COMPLETE,13.32989598405524,6296078.5806001695,0.1432921237266377,1.9100691046104543,,311.8105078419993,24222281521.609863,35.014537968184946,100.0,84.27271125421636,1,s0100_h11_bh11,80.0
9.801481615264386,ALL_HALO_FLUX_COMPLETE,12,1.9952623149688797,7981049.259875519,0.0003294920527100323,OK,1518677542.9417484,ANGULAR_JUMP_CORRECTION_REQUIRED,True,GEOMETRIC_FP_DOMAIN_PASS,NONLOCAL_JUMP_OPERATOR_REQUIRED,11,1.5848931924611136,632,SUBGRID_COUPLING_READY,3374483484.0952115,3374483484.0952115,,INTERFACE_COMPLETE,15.07306152997619,4877639.824138055,0.12359109955557543,1.8628962481586013,,289.91293827209586,24222281521.609863,47.68481134456841,100.0,93.72058097441425,1,s0100_h11_bh12,80.0
9.055750886315202,ALL_HALO_FLUX_COMPLETE,13,2.51188643150958,10047545.72603832,0.00041480591814088284,OK,2055208863.136938,ANGULAR_JUMP_CORRECTION_REQUIRED,True,GEOMETRIC_FP_DOMAIN_PASS,NONLOCAL_JUMP_OPERATOR_REQUIRED,11,1.5848931924611136,633,SUBGRID_COUPLING_READY,3886677920.4938207,3886677920.4938207,,INTERFACE_COMPLETE,16.622360228737943,3810372.2332135364,0.11021828626352044,1.8320880580663956,,263.6825105072482,24222281521.609863,64.94460665573574,100.0,104.28858261020693,1,s0100_h11_bh13,80.0
8.383647745406392,ALL_HALO_FLUX_COMPLETE,14,3.1622776601683795,12649110.640673518,0.0005222097113101686,OK,2913821910.5452294,ANGULAR_JUMP_CORRECTION_REQUIRED,True,GEOMETRIC_FP_DOMAIN_PASS,NONLOCAL_JUMP_OPERATOR_REQUIRED,11,1.5848931924611136,634,SUBGRID_COUPLING_READY,4608871214.437405,4608871214.437405,,INTERFACE_COMPLETE,17.797780932363576,3001581.9030449986,0.10208531696943156,1.8168921078328408,,229.9355816590651,24222281521.609863,88.22235677875324,100.0,115.99963365838234,1,s0100_h11_bh14,80.0
7.7625641162703545,ALL_HALO_FLUX_COMPLETE,15,3.981071705534973,15924286.822139893,0.0006574230758540672,OK,4365271803.944506,ANGULAR_JUMP_CORRECTION_REQUIRED,True,GEOMETRIC_FP_DOMAIN_PASS,NONLOCAL_JUMP_OPERATOR_REQUIRED,11,1.5848931924611136,635,SUBGRID_COUPLING_READY,5675400767.695958,5675400767.695958,,INTERFACE_COMPLETE,18.423713145528453,2382446.251597687,0.09854279785220003,1.8155242401867309,,168.0017799174423,24222281521.609863,119.44407777527132,100.0,128.914551722904,1,s0100_h11_bh15,80.0
7.1637693642647635,ALL_HALO_FLUX_COMPLETE,16,5.011872336272724,20047489.345090896,0.0008276466164925697,SUBGRID_MASS_FRACTION_TOO_LARGE,6948931531.276387,ANGULAR_JUMP_CORRECTION_REQUIRED,True,GEOMETRIC_FP_DOMAIN_PASS,NONLOCAL_JUMP_OPERATOR_REQUIRED,11,1.5848931924611136,636,RESOLVED_FP_REPLACEMENT_REQUIRED,7586142520.878171,7586142520.878171,,INTERFACE_COMPLETE,18.376854139560773,1903079.193687341,0.09934925917984493,1.8257268448214294,,76.38491066609865,24222281521.609863,161.2852754462523,100.0,143.13811144277372,1,s0100_h11_bh16,80.0
6.555241936861096,ALL_HALO_FLUX_COMPLETE,17,6.309573444801933,25238293.779207733,0.0010419453574879573,SUBGRID_MASS_FRACTION_TOO_LARGE,11759936726.756937,ANGULAR_JUMP_CORRECTION_REQUIRED,True,GEOMETRIC_FP_DOMAIN_PASS,NONLOCAL_JUMP_OPERATOR_REQUIRED,11,1.5848931924611136,637,RESOLVED_FP_REPLACEMENT_REQUIRED,11759936726.756937,11759936726.756937,,INTERFACE_COMPLETE,17.633512533956438,1527849.4725693336,0.10464552903587872,1.8452682478766698,,13.878746949680666,24222281521.609863,217.49583750186662,100.0,158.81600111490442,1,s0100_h11_bh17,80.0
5.909294528132934,ALL_HALO_FLUX_COMPLETE,18,7.943282347242816,31773129.38897126,0.0013117314882425473,SUBGRID_MASS_FRACTION_TOO_LARGE,21035196237.313423,ANGULAR_JUMP_CORRECTION_REQUIRED,True,GEOMETRIC_FP_DOMAIN_PASS,NONLOCAL_JUMP_OPERATOR_REQUIRED,11,1.5848931924611136,638,RESOLVED_FP_REPLACEMENT_REQUIRED,21035196237.313423,21035196237.313423,,INTERFACE_COMPLETE,16.289251646122853,1231384.395492273,0.11494006895325987,1.8722877074023625,,11.884878933621296,24222281521.609863,293.30755916348505,100.0,176.12417870065383,1,s0100_h11_bh18,80.0
5.213391844905903,ALL_HALO_FLUX_COMPLETE,19,10.0,40000000.0,0.0016513721039991248,SUBGRID_MASS_FRACTION_TOO_LARGE,39306094637.1817,ANGULAR_JUMP_CORRECTION_REQUIRED,True,GEOMETRIC_FP_DOMAIN_PASS,NONLOCAL_JUMP_OPERATOR_REQUIRED,11,1.5848931924611136,639,RESOLVED_FP_REPLACEMENT_REQUIRED,39306094637.1817,39306094637.1817,,INTERFACE_COMPLETE,14.533238333038701,995489.6572737277,0.1311152769772658,1.9055295694129861,,10.002870013608007,24222281521.609863,395.9074290160376,100.0,195.25705191844702,1,s0100_h11_bh19,80.0
30.351978097010964,ALL_HALO_FLUX_COMPLETE,0,0.1,400000.0,1.3117314882425472e-05,OK,122964083.58456242,,False,MATCHING_RADIUS_OUTSIDE_CONSERVATIVE_KEPLER_DOMAIN,NONLOCAL_JUMP_OPERATOR_REQUIRED,12,1.9952623149688797,640,SUBGRID_COUPLING_READY,2742211946.3811393,2742211946.3811393,,INTERFACE_COMPLETE,1.0834847036563213,113861629.72070877,2.011562595201656,2.179497302348207,,424.4884192110012,30494045739.186947,3.864440526310174,100.0,43.163771064663216,1,s0100_h12_bh00,80.0
28.433133478735023,ALL_HALO_FLUX_COMPLETE,1,0.1291549665014884,516619.8660059536,1.694166364229137e-05,OK,154181793.1952886,,False,MATCHING_RADIUS_OUTSIDE_CONSERVATIVE_KEPLER_DOMAIN,NONLOCAL_JUMP_OPERATOR_REQUIRED,12,1.9952623149688797,641,SUBGRID_COUPLING_READY,2763737333.48916,2763737333.48916,,INTERFACE_COMPLETE,1.3904737068963748,92697564.7135086,1.648145674772047,2.2917032259055152,,424.3372575714512,30494045739.186947,4.092478445719152,100.0,44.001275016557635,1,s0100_h12_bh01,80.0
26.436527250559667,ALL_HALO_FLUX_COMPLETE,2,0.16681005372000587,667240.2148800235,2.1881000001996256e-05,OK,193180193.95099974,,False,MATCHING_RADIUS_OUTSIDE_CONSERVATIVE_KEPLER_DOMAIN,NONLOCAL_JUMP_OPERATOR_REQUIRED,12,1.9952623149688797,642,SUBGRID_COUPLING_READY,2791581544.935772,2791581544.935772,,INTERFACE_COMPLETE,1.7811347571462746,74963485.72893992,1.3438603994102327,2.3935964661420406,,424.1421605850732,30494045739.186947,4.3888016608664655,100.0,45.045123069497286,1,s0100_h12_bh02,80.0
24.408665630185848,ALL_HALO_FLUX_COMPLETE,3,0.21544346900318834,861773.8760127533,2.8260398222768932e-05,OK,241592951.87875965,,False,MATCHING_RADIUS_OUTSIDE_CONSERVATIVE_KEPLER_DOMAIN,NONLOCAL_JUMP_OPERATOR_REQUIRED,12,1.9952623149688797,643,SUBGRID_COUPLING_READY,2827615841.1416974,2827615841.1416974,,INTERFACE_COMPLETE,2.276099057440495,60147541.168434575,1.0897803997568498,2.4804481407036914,,423.89040763713507,30494045739.186947,4.78003776274356,100.0,46.35488258454862,1,s0100_h12_bh03,80.0
22.39577675081834,ALL_HALO_FLUX_COMPLETE,4,0.2782559402207124,1113023.7608828498,3.649970785780444e-05,OK,301318957.68908876,ANGULAR_JUMP_CORRECTION_REQUIRED,False,MATCHING_RADIUS_OUTSIDE_CONSERVATIVE_KEPLER_DOMAIN,NONLOCAL_JUMP_OPERATOR_REQUIRED,12,1.9952623149688797,644,SUBGRID_COUPLING_READY,2875100089.351749,2875100089.351749,,INTERFACE_COMPLETE,2.8996472752183737,47813280.28381298,0.8782673800331592,2.54666561542633,,413.550622429724,30494045739.186947,5.306000968540439,100.0,48.00939149988443,1,s0100_h12_bh04,80.0
20.439642726885328,ALL_HALO_FLUX_COMPLETE,5,0.35938136638046275,1437525.465521851,4.7141185456888455e-05,OK,374615110.1911519,ANGULAR_JUMP_CORRECTION_REQUIRED,False,MATCHING_RADIUS_OUTSIDE_CONSERVATIVE_KEPLER_DOMAIN,NONLOCAL_JUMP_OPERATOR_REQUIRED,12,1.9952623149688797,645,SUBGRID_COUPLING_READY,2937379539.7171574,2937379539.7171574,,INTERFACE_COMPLETE,3.679357570805494,37628566.25567208,0.7035260300753657,2.5885238250165306,,413.1338726271328,30494045739.186947,6.027006360241002,100.0,50.111318534243516,1,s0100_h12_bh05,80.0
18.57466192791244,ALL_HALO_FLUX_COMPLETE,6,0.46415888336127786,1856635.5334451115,6.088518228524879e-05,OK,464296919.8323229,ANGULAR_JUMP_CORRECTION_REQUIRED,False,MATCHING_RADIUS_OUTSIDE_CONSERVATIVE_KEPLER_DOMAIN,NONLOCAL_JUMP_OPERATOR_REQUIRED,12,1.9952623149688797,646,SUBGRID_COUPLING_READY,3019035098.91478,3019035098.91478,,INTERFACE_COMPLETE,4.644887606738811,29286849.690056667,0.5601999366167674,2.60206574288709,,402.9483547941236,30494045739.186947,7.035424725023584,100.0,52.79118874760136,1,s0100_h12_bh06,80.0
16.826404643265132,ALL_HALO_FLUX_COMPLETE,7,0.5994842503189409,2397937.001275764,7.863623678488322e-05,OK,574183333.3651009,ANGULAR_JUMP_CORRECTION_REQUIRED,True,GEOMETRIC_FP_DOMAIN_PASS,NONLOCAL_JUMP_OPERATOR_REQUIRED,12,1.9952623149688797,647,SUBGRID_COUPLING_READY,3126981911.580835,3126981911.580835,,INTERFACE_COMPLETE,5.825306120496504,22539995.820860427,0.4440090238329673,2.5864884840898625,,402.25970971623883,30494045739.186947,8.472613384241196,100.0,56.20689946129174,1,s0100_h12_bh07,80.0
15.211481553584226,ALL_HALO_FLUX_COMPLETE,8,0.774263682681127,3097054.730724508,0.00010156260527754701,OK,709930942.1374084,ANGULAR_JUMP_CORRECTION_REQUIRED,True,GEOMETRIC_FP_DOMAIN_PASS,NONLOCAL_JUMP_OPERATOR_REQUIRED,12,1.9952623149688797,648,SUBGRID_COUPLING_READY,3271077014.854898,3271077014.854898,,INTERFACE_COMPLETE,7.244211878721323,17171241.27149639,0.3513001825504192,2.544892955428716,,392.07575027248333,30494045739.186947,10.552046221743783,100.0,60.53466596153218,1,s0100_h12_bh08,80.0
13.73832991312552,ALL_HALO_FLUX_COMPLETE,9,1.0,4000000.0,0.00013117314882425473,OK,880626712.786152,ANGULAR_JUMP_CORRECTION_REQUIRED,True,GEOMETRIC_FP_DOMAIN_PASS,NONLOCAL_JUMP_OPERATOR_REQUIRED,12,1.9952623149688797,649,SUBGRID_COUPLING_READY,3464307608.3683496,3464307608.3683496,,INTERFACE_COMPLETE,8.91172387637961,12980543.149258027,0.27881111524929364,2.484687672767157,,373.3169854993257,30494045739.186947,13.58713685686683,100.0,65.94853670049785,1,s0100_h12_bh09,80.0
12.535044492118502,ALL_HALO_FLUX_COMPLETE,10,1.2589254117941673,5035701.647176669,0.00016513721039991246,OK,1076648724.3151777,ANGULAR_JUMP_CORRECTION_REQUIRED,True,GEOMETRIC_FP_DOMAIN_PASS,NONLOCAL_JUMP_OPERATOR_REQUIRED,12,1.9952623149688797,650,SUBGRID_COUPLING_READY,3696253024.919599,3696253024.919599,,INTERFACE_COMPLETE,10.613255474186044,10055789.582783299,0.22832133702946925,2.423232680101491,,363.67698813578323,30494045739.186947,17.498640416060574,100.0,71.8703064698231,1,s0100_h12_bh10,80.0
11.444917326258848,ALL_HALO_FLUX_COMPLETE,11,1.5848931924611136,6339572.769844455,0.00020789543060524985,OK,1332339149.1905243,ANGULAR_JUMP_CORRECTION_REQUIRED,True,GEOMETRIC_FP_DOMAIN_PASS,NONLOCAL_JUMP_OPERATOR_REQUIRED,12,1.9952623149688797,651,SUBGRID_COUPLING_READY,4003448925.4560213,4003448925.4560213,,INTERFACE_COMPLETE,12.465622451636442,7789939.385748897,0.18958285070770414,2.3632682402271965,,346.2028563947198,30494045739.186947,22.971995621134866,100.0,78.86165018486359,1,s0100_h12_bh11,80.0
10.46175155957958,ALL_HALO_FLUX_COMPLETE,12,1.9952623149688797,7981049.259875519,0.00026172484058483987,OK,1680055150.4724884,ANGULAR_JUMP_CORRECTION_REQUIRED,True,GEOMETRIC_FP_DOMAIN_PASS,NONLOCAL_JUMP_OPERATOR_REQUIRED,12,1.9952623149688797,652,SUBGRID_COUPLING_READY,4415435424.421009,4415435424.421009,,INTERFACE_COMPLETE,14.393290599994728,6052173.680551044,0.16059433776687593,2.3114809721923537,,329.3799469181565,30494045739.186947,30.562881163489536,100.0,86.96326032851066,1,s0100_h12_bh12,80.0
9.576759881107185,ALL_HALO_FLUX_COMPLETE,13,2.51188643150958,10047545.72603832,0.00032949205271003227,OK,2177956250.7563934,ANGULAR_JUMP_CORRECTION_REQUIRED,True,GEOMETRIC_FP_DOMAIN_PASS,NONLOCAL_JUMP_OPERATOR_REQUIRED,12,1.9952623149688797,653,SUBGRID_COUPLING_READY,4975046570.681391,4975046570.681391,,INTERFACE_COMPLETE,16.2755174603056,4728439.5855694525,0.13968892633909352,2.2735095596432595,,306.40198801461776,30494045739.186947,40.93483192234039,100.0,96.17732067999782,1,s0100_h12_bh13,80.0
8.77717194221973,ALL_HALO_FLUX_COMPLETE,14,3.1622776601683795,12649110.640673518,0.00041480591814088284,OK,2927521400.687014,ANGULAR_JUMP_CORRECTION_REQUIRED,True,GEOMETRIC_FP_DOMAIN_PASS,NONLOCAL_JUMP_OPERATOR_REQUIRED,12,1.9952623149688797,654,SUBGRID_COUPLING_READY,5749562009.499406,5749562009.499406,,INTERFACE_COMPLETE,17.948411714255077,3718457.666768647,0.12540526163207355,2.2508252669063316,,273.1210337161309,30494045739.186947,54.97904092491144,100.0,106.52577914620474,1,s0100_h12_bh14,80.0
8.046687875093882,ALL_HALO_FLUX_COMPLETE,15,3.981071705534973,15924286.822139893,0.0005222097113101686,OK,4118849078.949251,ANGULAR_JUMP_CORRECTION_REQUIRED,True,GEOMETRIC_FP_DOMAIN_PASS,NONLOCAL_JUMP_OPERATOR_REQUIRED,12,1.9952623149688797,655,SUBGRID_COUPLING_READY,6849519857.907074,6849519857.907074,,INTERFACE_COMPLETE,19.217601795316128,2944210.1631463603,0.11674776021999524,2.2436119664029173,,233.76389398318568,30494045739.186947,73.84257154718047,100.0,118.04096482826436,1,s0100_h12_bh15,80.0
7.36463648728678,ALL_HALO_FLUX_COMPLETE,16,5.011872336272724,20047489.345090896,0.0006574230758540672,SUBGRID_MASS_FRACTION_TOO_LARGE,6116422360.601958,ANGULAR_JUMP_CORRECTION_REQUIRED,True,GEOMETRIC_FP_DOMAIN_PASS,NONLOCAL_JUMP_OPERATOR_REQUIRED,12,1.9952623149688797,656,RESOLVED_FP_REPLACEMENT_REQUIRED,8514769109.577731,8514769109.577731,,INTERFACE_COMPLETE,19.893467852392224,2346027.3605210753,0.11313618146358408,2.250670988888223,,127.14987792403986,30494045739.186947,99.07510943385606,100.0,130.78806564247782,1,s0100_h12_bh16,80.0
6.706514148319293,ALL_HALO_FLUX_COMPLETE,17,6.309573444801933,25238293.779207733,0.0008276466164925695,SUBGRID_MASS_FRACTION_TOO_LARGE,9637872263.538208,ANGULAR_JUMP_CORRECTION_REQUIRED,True,GEOMETRIC_FP_DOMAIN_PASS,NONLOCAL_JUMP_OPERATOR_REQUIRED,12,1.9952623149688797,657,RESOLVED_FP_REPLACEMENT_REQUIRED,11390039764.957956,11390039764.957956,,INTERFACE_COMPLETE,19.842870661617102,1879509.0168314101,0.11439811070716142,2.2699869146955587,,87.32729942930524,30494045739.186947,132.8323269962158,100.0,144.87446718126128,1,s0100_h12_bh17,80.0
6.047194110820689,ALL_HALO_FLUX_COMPLETE,18,7.943282347242816,31773129.38897126,0.0010419453574879573,SUBGRID_MASS_FRACTION_TOO_LARGE,16120695531.477886,ANGULAR_JUMP_CORRECTION_REQUIRED,True,GEOMETRIC_FP_DOMAIN_PASS,NONLOCAL_JUMP_OPERATOR_REQUIRED,12,1.9952623149688797,658,RESOLVED_FP_REPLACEMENT_REQUIRED,16120695531.477886,16120695531.477886,,INTERFACE_COMPLETE,19.0402288587605,1512265.157275365,0.12076323046516069,2.2993595457798977,,14.985926240496553,30494045739.186947,178.13921094691224,100.0,160.44644945712622,1,s0100_h12_bh18,80.0
5.367614380880231,ALL_HALO_FLUX_COMPLETE,19,10.0,40000000.0,0.0013117314882425473,SUBGRID_MASS_FRACTION_TOO_LARGE,28457552087.794098,ANGULAR_JUMP_CORRECTION_REQUIRED,True,GEOMETRIC_FP_DOMAIN_PASS,NONLOCAL_JUMP_OPERATOR_REQUIRED,12,1.9952623149688797,659,RESOLVED_FP_REPLACEMENT_REQUIRED,28457552087.794098,28457552087.794098,,INTERFACE_COMPLETE,17.588729340389282,1220827.7208981174,0.1328614097605538,2.3368633760609354,,12.83299707979607,30494045739.186947,239.22205673635258,100.0,177.6826214026697,1,s0100_h12_bh19,80.0
31.99052318419145,ALL_HALO_FLUX_COMPLETE,0,0.1,400000.0,1.0419453574879573e-05,OK,151111627.75142372,,False,MATCHING_RADIUS_OUTSIDE_CONSERVATIVE_KEPLER_DOMAIN,NONLOCAL_JUMP_OPERATOR_REQUIRED,13,2.51188643150958,660,SUBGRID_COUPLING_READY,3955306512.6400347,3955306512.6400347,,INTERFACE_COMPLETE,0.9334945123574734,118018549.3273886,2.4200115733875607,2.259067523598863,,458.46725298667155,38389729089.47609,3.695050421921049,100.0,45.91270223692536,1,s0100_h13_bh00,80.0
30.168063161640198,ALL_HALO_FLUX_COMPLETE,1,0.1291549665014884,516619.8660059536,1.3457241774273848e-05,OK,189136466.40207168,,False,MATCHING_RADIUS_OUTSIDE_CONSERVATIVE_KEPLER_DOMAIN,NONLOCAL_JUMP_OPERATOR_REQUIRED,13,2.51188643150958,661,SUBGRID_COUPLING_READY,3980060829.4758883,3980060829.4758883,,INTERFACE_COMPLETE,1.19955693919636,96800886.03223924,1.9950257997411949,2.3931470419553182,,458.33753985196546,38389729089.47609,3.873287064163959,100.0,46.643127549632254,1,s0100_h13_bh01,80.0
28.228247299205606,ALL_HALO_FLUX_COMPLETE,2,0.16681005372000587,667240.2148800235,1.738069610558769e-05,OK,236747769.0765142,,False,MATCHING_RADIUS_OUTSIDE_CONSERVATIVE_KEPLER_DOMAIN,NONLOCAL_JUMP_OPERATOR_REQUIRED,13,2.51188643150958,662,SUBGRID_COUPLING_READY,4012881935.947608,4012881935.947608,,INTERFACE_COMPLETE,1.5391791509718507,78989362.01149113,1.6386288486334306,2.522143359997585,,447.35209747618006,38389729089.47609,4.100704372559371,100.0,47.54388535234048,1,s0100_h13_bh02,80.0
26.21375934306492,ALL_HALO_FLUX_COMPLETE,3,0.21544346900318834,861773.8760127533,2.2448032232897272e-05,OK,295973747.93024623,,False,MATCHING_RADIUS_OUTSIDE_CONSERVATIVE_KEPLER_DOMAIN,NONLOCAL_JUMP_OPERATOR_REQUIRED,13,2.51188643150958,663,SUBGRID_COUPLING_READY,4055574865.2914314,4055574865.2914314,,INTERFACE_COMPLETE,1.9712000671896077,64066883.404953584,1.34034057876391,2.642079438916377,,447.1370659692191,38389729089.47609,4.394572466987838,100.0,48.660736794505844,1,s0100_h13_bh03,80.0
24.171205657247015,ALL_HALO_FLUX_COMPLETE,4,0.2782559402207124,1113023.7608828498,2.8992748510641794e-05,OK,369133277.62213594,,False,MATCHING_RADIUS_OUTSIDE_CONSERVATIVE_KEPLER_DOMAIN,NONLOCAL_JUMP_OPERATOR_REQUIRED,13,2.51188643150958,664,SUBGRID_COUPLING_READY,4110829985.33622,4110829985.33622,,INTERFACE_COMPLETE,2.518290560025773,51600774.67169709,1.0913744157910144,2.748397888740154,,446.85959901012603,38389729089.47609,4.779815409890871,100.0,50.05325032129188,1,s0100_h13_bh04,80.0
22.146425421276124,ALL_HALO_FLUX_COMPLETE,5,0.35938136638046275,1437525.465521851,3.7445574626780185e-05,OK,458879008.33994865,ANGULAR_JUMP_CORRECTION_REQUIRED,False,MATCHING_RADIUS_OUTSIDE_CONSERVATIVE_KEPLER_DOMAIN,NONLOCAL_JUMP_OPERATOR_REQUIRED,13,2.51188643150958,665,SUBGRID_COUPLING_READY,4182404451.808712,4182404451.808712,,INTERFACE_COMPLETE,3.2070530480308594,41220783.80177125,0.884187961496443,2.8356376969493597,,436.07876391205133,38389729089.47609,5.292941615182706,100.0,51.79846717041065,1,s0100_h13_bh05,80.0
20.18039991487334,ALL_HALO_FLUX_COMPLETE,6,0.46415888336127786,1856635.5334451115,4.836281936550778e-05,OK,568329670.2499981,ANGULAR_JUMP_CORRECTION_REQUIRED,False,MATCHING_RADIUS_OUTSIDE_CONSERVATIVE_KEPLER_DOMAIN,NONLOCAL_JUMP_OPERATOR_REQUIRED,13,2.51188643150958,666,SUBGRID_COUPLING_READY,4277894964.308432,4277894964.308432,,INTERFACE_COMPLETE,4.067569697011364,32645273.91682517,0.7130679562084539,2.9004536105833334,,435.6194648509762,38389729089.47609,5.9881600182326,100.0,53.99488800545603,1,s0100_h13_bh06,80.0
18.306442348813736,ALL_HALO_FLUX_COMPLETE,7,0.5994842503189409,2397937.001275764,6.246298315069691e-05,OK,701372661.3160617,ANGULAR_JUMP_CORRECTION_REQUIRED,False,MATCHING_RADIUS_OUTSIDE_CONSERVATIVE_KEPLER_DOMAIN,NONLOCAL_JUMP_OPERATOR_REQUIRED,13,2.51188643150958,667,SUBGRID_COUPLING_READY,4402258626.772662,4402258626.772662,,INTERFACE_COMPLETE,5.131962808203872,25610787.987344563,0.572659089664989,2.93886514994061,,424.98021129667626,38389729089.47609,6.946558280438655,100.0,56.76516012702705,1,s0100_h13_bh07,80.0
16.548883964327263,ALL_HALO_FLUX_COMPLETE,8,0.774263682681127,3097054.730724508,8.067404496411293e-05,OK,863342134.3604213,ANGULAR_JUMP_CORRECTION_REQUIRED,True,GEOMETRIC_FP_DOMAIN_PASS,NONLOCAL_JUMP_OPERATOR_REQUIRED,13,2.51188643150958,668,SUBGRID_COUPLING_READY,4567791090.940589,4567791090.940589,,INTERFACE_COMPLETE,6.431313233450584,19903416.61627371,0.4586652107174592,2.9498196394105958,,424.221343750561,38389729089.47609,8.289114134875167,100.0,60.25471967669963,1,s0100_h13_bh08,80.0
14.923041361011228,ALL_HALO_FLUX_COMPLETE,9,1.0,4000000.0,0.00010419453574879574,OK,1062259031.0162653,ANGULAR_JUMP_CORRECTION_REQUIRED,True,GEOMETRIC_FP_DOMAIN_PASS,NONLOCAL_JUMP_OPERATOR_REQUIRED,13,2.51188643150958,669,SUBGRID_COUPLING_READY,4788333279.512745,4788333279.512745,,INTERFACE_COMPLETE,7.9901032247013655,15336133.902223965,0.36740278320033626,2.9355861628132636,,413.5571844266875,38389729089.47609,10.194587722683277,100.0,64.62501108737287,1,s0100_h13_bh09,80.0
13.578467162801013,ALL_HALO_FLUX_COMPLETE,10,1.2589254117941673,5035701.647176669,0.00013117314882425476,OK,1283547030.976452,ANGULAR_JUMP_CORRECTION_REQUIRED,True,GEOMETRIC_FP_DOMAIN_PASS,NONLOCAL_JUMP_OPERATOR_REQUIRED,13,2.51188643150958,670,SUBGRID_COUPLING_READY,5050937242.237932,5050937242.237932,,INTERFACE_COMPLETE,9.622658095237522,12060009.107756408,0.30201709150268696,2.906207210448422,,394.0665400815907,38389729089.47609,12.60169669519279,100.0,69.44465507529564,1,s0100_h13_bh10,80.0
12.346845972299478,ALL_HALO_FLUX_COMPLETE,11,1.5848931924611136,6339572.769844455,0.00016513721039991251,OK,1560995068.518489,ANGULAR_JUMP_CORRECTION_REQUIRED,True,GEOMETRIC_FP_DOMAIN_PASS,NONLOCAL_JUMP_OPERATOR_REQUIRED,13,2.51188643150958,671,SUBGRID_COUPLING_READY,5397205105.394021,5397205105.394021,,INTERFACE_COMPLETE,11.459929652464709,9453125.7265711,0.25024904137781084,2.867836409786442,,383.96512102095403,38389729089.47609,15.930334047395252,100.0,75.21242815632093,1,s0100_h13_bh11,80.0
11.22477864882553,ALL_HALO_FLUX_COMPLETE,12,1.9952623149688797,7981049.259875519,0.00020789543060524988,OK,1920812416.1841054,ANGULAR_JUMP_CORRECTION_REQUIRED,True,GEOMETRIC_FP_DOMAIN_PASS,NONLOCAL_JUMP_OPERATOR_REQUIRED,13,2.51188643150958,672,SUBGRID_COUPLING_READY,5856648286.2747965,5856648286.2747965,,INTERFACE_COMPLETE,13.460069506231697,7404134.242920332,0.21009026161883673,2.827829523971944,,365.6636603518769,38389729089.47609,20.52049611329224,100.0,82.00909720335828,1,s0100_h13_bh12,80.0
10.205658623433864,ALL_HALO_FLUX_COMPLETE,13,2.51188643150958,10047545.72603832,0.00026172484058483987,OK,2407408235.186223,ANGULAR_JUMP_CORRECTION_REQUIRED,True,GEOMETRIC_FP_DOMAIN_PASS,NONLOCAL_JUMP_OPERATOR_REQUIRED,13,2.51188643150958,673,SUBGRID_COUPLING_READY,6473993173.813919,6473993173.813919,,INTERFACE_COMPLETE,15.54151769403923,5808652.15545349,0.17970529882098255,2.7928930813389075,,348.0151465703867,38389729089.47609,26.81254574448445,100.0,89.89114411863105,1,s0100_h13_bh13,80.0
9.280474078241115,ALL_HALO_FLUX_COMPLETE,14,3.1622776601683795,12649110.640673518,0.0003294920527100324,OK,3100287004.1870522,ANGULAR_JUMP_CORRECTION_REQUIRED,True,GEOMETRIC_FP_DOMAIN_PASS,NONLOCAL_JUMP_OPERATOR_REQUIRED,13,2.51188643150958,674,SUBGRID_COUPLING_READY,7316937972.2724085,7316937972.2724085,,INTERFACE_COMPLETE,17.57389950766898,4575378.373086223,0.15759332423709027,2.769529243222119,,317.1421998659865,38389729089.47609,35.333758367403675,100.0,98.87918764784149,1,s0100_h13_bh14,80.0
8.43672866512527,ALL_HALO_FLUX_COMPLETE,15,3.981071705534973,15924286.822139893,0.00041480591814088295,OK,4136993863.4389453,ANGULAR_JUMP_CORRECTION_REQUIRED,True,GEOMETRIC_FP_DOMAIN_PASS,NONLOCAL_JUMP_OPERATOR_REQUIRED,13,2.51188643150958,675,SUBGRID_COUPLING_READY,8488764508.13534,8488764508.13534,,INTERFACE_COMPLETE,19.380249172284405,3621967.0621941583,0.1424177368811538,2.760091227309599,,283.07471785149255,38389729089.47609,46.79821058811615,100.0,109.00973397054446,1,s0100_h13_bh15,80.0
7.659246519717421,ALL_HALO_FLUX_COMPLETE,16,5.011872336272724,20047489.345090896,0.0005222097113101688,OK,5773161134.069808,ANGULAR_JUMP_CORRECTION_REQUIRED,True,GEOMETRIC_FP_DOMAIN_PASS,NONLOCAL_JUMP_OPERATOR_REQUIRED,13,2.51188643150958,676,SUBGRID_COUPLING_READY,10168139864.594908,10168139864.594908,,INTERFACE_COMPLETE,20.75068909808663,2882837.876186182,0.1332805069722548,2.765662363016627,,237.90318154790162,38389729089.47609,62.127686410072265,100.0,120.32575329341839,1,s0100_h13_bh16,80.0
6.929906476814495,ALL_HALO_FLUX_COMPLETE,17,6.309573444801933,25238293.779207733,0.0006574230758540672,SUBGRID_MASS_FRACTION_TOO_LARGE,8494081671.19596,ANGULAR_JUMP_CORRECTION_REQUIRED,True,GEOMETRIC_FP_DOMAIN_PASS,NONLOCAL_JUMP_OPERATOR_REQUIRED,13,2.51188643150958,677,RESOLVED_FP_REPLACEMENT_REQUIRED,12785491485.0895,12785491485.0895,,INTERFACE_COMPLETE,21.480472479577795,2306477.8221660117,0.1296834015586409,2.785660738238422,,129.92027767350538,38389729089.47609,82.57078455732099,100.0,132.89919484214917,1,s0100_h13_bh17,80.0
6.228675556125701,ALL_HALO_FLUX_COMPLETE,18,7.943282347242816,31773129.38897126,0.0008276466164925697,SUBGRID_MASS_FRACTION_TOO_LARGE,13244353468.865952,ANGULAR_JUMP_CORRECTION_REQUIRED,True,GEOMETRIC_FP_DOMAIN_PASS,NONLOCAL_JUMP_OPERATOR_REQUIRED,13,2.51188643150958,678,RESOLVED_FP_REPLACEMENT_REQUIRED,17059591429.940317,17059591429.940317,,INTERFACE_COMPLETE,21.425838889695275,1853612.9770104534,0.13154070540088297,2.8183699613561877,,97.9440312851787,38389729089.47609,109.867396892822,100.0,146.840712497528,1,s0100_h13_bh18,80.0
5.536766822488086,ALL_HALO_FLUX_COMPLETE,19,10.0,40000000.0,0.0010419453574879573,SUBGRID_MASS_FRACTION_TOO_LARGE,21891907021.46075,ANGULAR_JUMP_CORRECTION_REQUIRED,True,GEOMETRIC_FP_DOMAIN_PASS,NONLOCAL_JUMP_OPERATOR_REQUIRED,13,2.51188643150958,679,RESOLVED_FP_REPLACEMENT_REQUIRED,23421263168.564106,23421263168.564106,,INTERFACE_COMPLETE,20.55916620672501,1494988.6927571727,0.1391910626803884,2.8616521921367837,,84.06436863407455,38389729089.47609,146.46269245789813,100.0,162.30032429625965,1,s0100_h13_bh19,80.0
33.26976226364589,ALL_HALO_FLUX_COMPLETE,0,0.1,400000.0,8.276466164925693e-06,OK,186068949.0900425,,False,MATCHING_RADIUS_OUTSIDE_CONSERVATIVE_KEPLER_DOMAIN,NONLOCAL_JUMP_OPERATOR_REQUIRED,14,3.1622776601683795,680,SUBGRID_COUPLING_READY,5683423199.488887,5683423199.488887,,INTERFACE_COMPLETE,0.8035242438681958,122142853.67131928,2.9096986847209307,2.33801343552467,,483.4573098671963,48329805502.635216,3.557794416841712,100.0,48.95110432723788,1,s0100_h14_bh00,80.0
31.586513903995492,ALL_HALO_FLUX_COMPLETE,1,0.1291549665014884,516619.8660059536,1.06894671028168e-05,OK,232274330.23325008,,False,MATCHING_RADIUS_OUTSIDE_CONSERVATIVE_KEPLER_DOMAIN,NONLOCAL_JUMP_OPERATOR_REQUIRED,14,3.1622776601683795,681,SUBGRID_COUPLING_READY,5712640450.660107,5712640450.660107,,INTERFACE_COMPLETE,1.0336189377376392,100782958.0669813,2.4105530556037924,2.4915932886934122,,483.3465624546924,48329805502.635216,3.6986661819558284,100.0,49.591902141694156,1,s0100_h14_bh01,80.0
29.754194501576844,ALL_HALO_FLUX_COMPLETE,2,0.16681005372000587,667240.2148800235,1.380597765583066e-05,OK,290263080.52127945,,False,MATCHING_RADIUS_OUTSIDE_CONSERVATIVE_KEPLER_DOMAIN,NONLOCAL_JUMP_OPERATOR_REQUIRED,14,3.1622776601683795,682,SUBGRID_COUPLING_READY,5750413288.78056,5750413288.78056,,INTERFACE_COMPLETE,1.328044364587449,82828395.70445986,1.9914427632586535,2.644724339144112,,483.2035890958845,48329805502.635216,3.875790087634877,100.0,50.37540720691128,1,s0100_h14_bh02,80.0
27.807923888197145,ALL_HALO_FLUX_COMPLETE,3,0.21544346900318834,861773.8760127533,1.7831105816591057e-05,OK,362568592.252722,,False,MATCHING_RADIUS_OUTSIDE_CONSERVATIVE_KEPLER_DOMAIN,NONLOCAL_JUMP_OPERATOR_REQUIRED,14,3.1622776601683795,683,SUBGRID_COUPLING_READY,5799260783.783077,5799260783.783077,,INTERFACE_COMPLETE,1.7037558531906836,67756591.50552654,1.6400476390542418,2.794240764550226,,483.01903766972003,48329805502.635216,4.1007377926910324,100.0,51.33750006184407,1,s0100_h14_bh03,80.0
25.790598722280304,ALL_HALO_FLUX_COMPLETE,4,0.2782559402207124,1113023.7608828498,2.3029758744263134e-05,OK,452065080.268563,,False,MATCHING_RADIUS_OUTSIDE_CONSERVATIVE_KEPLER_DOMAIN,NONLOCAL_JUMP_OPERATOR_REQUIRED,14,3.1622776601683795,684,SUBGRID_COUPLING_READY,5863987812.388179,5863987812.388179,,INTERFACE_COMPLETE,2.1814940483528624,55128986.09923898,1.3460133192518424,2.9363200449515756,,471.52322502911517,48329805502.635216,4.389712593158721,100.0,52.524199210472695,1,s0100_h14_bh04,80.0
23.74853046441388,ALL_HALO_FLUX_COMPLETE,5,0.35938136638046275,1437525.465521851,2.9744077191526644e-05,OK,561972753.2846961,,False,MATCHING_RADIUS_OUTSIDE_CONSERVATIVE_KEPLER_DOMAIN,NONLOCAL_JUMP_OPERATOR_REQUIRED,14,3.1622776601683795,685,SUBGRID_COUPLING_READY,5948294488.572891,5948294488.572891,,INTERFACE_COMPLETE,2.786165137352459,44578033.01475517,1.1006482402063436,3.0665877553512497,,471.2174008408383,48329805502.635216,4.765751165168303,100.0,53.994499517665496,1,s0100_h14_bh05,80.0
21.72679068479008,ALL_HALO_FLUX_COMPLETE,6,0.46415888336127786,1856635.5334451115,3.841595293289308e-05,OK,695910388.0555753,ANGULAR_JUMP_CORRECTION_REQUIRED,False,MATCHING_RADIUS_OUTSIDE_CONSERVATIVE_KEPLER_DOMAIN,NONLOCAL_JUMP_OPERATOR_REQUIRED,14,3.1622776601683795,686,SUBGRID_COUPLING_READY,6057485623.772108,6057485623.772108,,INTERFACE_COMPLETE,3.546904520419307,35787625.26885757,0.896456024623036,3.1796439260925675,,470.82290185981816,48329805502.635216,5.262015727502759,100.0,55.82342775405251,1,s0100_h14_bh06,80.0
19.765238359740582,ALL_HALO_FLUX_COMPLETE,7,0.5994842503189409,2397937.001275764,4.96161111417056e-05,OK,858079397.9564638,ANGULAR_JUMP_CORRECTION_REQUIRED,False,MATCHING_RADIUS_OUTSIDE_CONSERVATIVE_KEPLER_DOMAIN,NONLOCAL_JUMP_OPERATOR_REQUIRED,14,3.1622776601683795,687,SUBGRID_COUPLING_READY,6202144632.004993,6202144632.004993,,INTERFACE_COMPLETE,4.496507501231183,28518481.853112448,0.7277928729104437,3.272526112384403,,459.4625937574288,48329805502.635216,5.926783248038705,100.0,58.1051745579952,1,s0100_h14_bh07,80.0
17.89586430628487,ALL_HALO_FLUX_COMPLETE,8,0.774263682681127,3097054.730724508,6.408167172441112e-05,OK,1053732485.880957,ANGULAR_JUMP_CORRECTION_REQUIRED,False,MATCHING_RADIUS_OUTSIDE_CONSERVATIVE_KEPLER_DOMAIN,NONLOCAL_JUMP_OPERATOR_REQUIRED,14,3.1622776601683795,688,SUBGRID_COUPLING_READY,6391446592.128105,6391446592.128105,,INTERFACE_COMPLETE,5.66973233069865,22543700.072114095,0.5892918986571031,3.3411273300349693,,448.34117925195096,48329805502.635216,6.830760478825616,100.0,60.95508534438096,1,s0100_h14_bh08,80.0
16.141619754441216,ALL_HALO_FLUX_COMPLETE,9,1.0,4000000.0,8.276466164925694e-05,OK,1290187121.3401499,ANGULAR_JUMP_CORRECTION_REQUIRED,True,GEOMETRIC_FP_DOMAIN_PASS,NONLOCAL_JUMP_OPERATOR_REQUIRED,14,3.1622776601683795,689,SUBGRID_COUPLING_READY,6644079477.841749,6644079477.841749,,INTERFACE_COMPLETE,7.099751718935152,17678996.97446318,0.47664319840272396,3.384048367178488,,447.5048836477994,48329805502.635216,8.077213145680211,100.0,64.50818448885957,1,s0100_h14_bh09,80.0
14.672972130864139,ALL_HALO_FLUX_COMPLETE,10,1.2589254117941673,5035701.647176669,0.00010419453574879572,OK,1547061941.7080364,ANGULAR_JUMP_CORRECTION_REQUIRED,True,GEOMETRIC_FP_DOMAIN_PASS,NONLOCAL_JUMP_OPERATOR_REQUIRED,14,3.1622776601683795,690,SUBGRID_COUPLING_READY,6942898321.3479805,6942898321.3479805,,INTERFACE_COMPLETE,8.627515006467048,14116939.626147378,0.39430635277847975,3.4018839757416237,,436.44864314473347,48329805502.635216,9.614233659292447,100.0,68.4303742347962,1,s0100_h14_bh10,80.0
13.313608032185112,ALL_HALO_FLUX_COMPLETE,11,1.5848931924611136,6339572.769844455,0.00013117314882425473,OK,1859209549.2466254,ANGULAR_JUMP_CORRECTION_REQUIRED,True,GEOMETRIC_FP_DOMAIN_PASS,NONLOCAL_JUMP_OPERATOR_REQUIRED,14,3.1622776601683795,691,SUBGRID_COUPLING_READY,7333159107.217616,7333159107.217616,,INTERFACE_COMPLETE,10.390307206809117,11218893.131239573,0.32756731644175163,3.4035250487398545,,416.07582886368266,48329805502.635216,11.70083578627153,100.0,73.15340161817413,1,s0100_h14_bh11,80.0
12.063595781412344,ALL_HALO_FLUX_COMPLETE,12,1.9952623149688797,7981049.259875519,0.00016513721039991246,OK,2248052032.78985,ANGULAR_JUMP_CORRECTION_REQUIRED,True,GEOMETRIC_FP_DOMAIN_PASS,NONLOCAL_JUMP_OPERATOR_REQUIRED,14,3.1622776601683795,692,SUBGRID_COUPLING_READY,7848552844.462787,7848552844.462787,,INTERFACE_COMPLETE,12.37414740075417,8887394.769419186,0.27430778081909457,3.394324913029244,,405.4847302161184,48329805502.635216,14.54147739215287,100.0,78.78026206285793,1,s0100_h14_bh12,80.0
10.919292974294274,ALL_HALO_FLUX_COMPLETE,13,2.51188643150958,10047545.72603832,0.00020789543060524982,OK,2749316066.2748423,ANGULAR_JUMP_CORRECTION_REQUIRED,True,GEOMETRIC_FP_DOMAIN_PASS,NONLOCAL_JUMP_OPERATOR_REQUIRED,14,3.1622776601683795,693,SUBGRID_COUPLING_READY,8534252380.907812,8534252380.907812,,INTERFACE_COMPLETE,14.533848736033528,7031509.321509198,0.23261989808568592,3.3808624117688946,,386.30612287039907,48329805502.635216,18.404979784359753,100.0,85.39739197327967,1,s0100_h14_bh13,80.0
9.87399800252952,ALL_HALO_FLUX_COMPLETE,14,3.1622776601683795,12649110.640673518,0.00026172484058483987,OK,3423349275.2541018,ANGULAR_JUMP_CORRECTION_REQUIRED,True,GEOMETRIC_FP_DOMAIN_PASS,NONLOCAL_JUMP_OPERATOR_REQUIRED,14,3.1622776601683795,694,SUBGRID_COUPLING_READY,9459494742.911293,9459494742.911293,,INTERFACE_COMPLETE,16.78134479090013,5566786.918937026,0.20079679550473892,3.369640258272889,,360.0279200057347,48329805502.635216,23.640691870333736,100.0,93.07308772490029,1,s0100_h14_bh14,80.0
8.918885796032535,ALL_HALO_FLUX_COMPLETE,15,3.981071705534973,15924286.822139893,0.0003294920527100323,OK,4377744927.644095,ANGULAR_JUMP_CORRECTION_REQUIRED,True,GEOMETRIC_FP_DOMAIN_PASS,NONLOCAL_JUMP_OPERATOR_REQUIRED,14,3.1622776601683795,695,SUBGRID_COUPLING_READY,10725796138.927254,10725796138.927254,,INTERFACE_COMPLETE,18.975860193624072,4419399.839957725,0.17747646254442728,3.3677685409020115,,328.492800568043,48329805502.635216,30.6676802903763,100.0,101.84392321119773,1,s0100_h14_bh15,80.0
8.042228962367851,ALL_HALO_FLUX_COMPLETE,16,5.011872336272724,20047489.345090896,0.0004148059181408829,OK,5796999683.739987,ANGULAR_JUMP_CORRECTION_REQUIRED,True,GEOMETRIC_FP_DOMAIN_PASS,NONLOCAL_JUMP_OPERATOR_REQUIRED,14,3.1622776601683795,696,SUBGRID_COUPLING_READY,12499740933.176668,12499740933.176668,,INTERFACE_COMPLETE,20.92631169595479,3521404.3291524677,0.16143665270910887,3.378273713742417,,293.56067209988345,48329805502.635216,40.0583343169555,100.0,111.75996479700115,1,s0100_h14_bh16,80.0
7.23047485846333,ALL_HALO_FLUX_COMPLETE,17,6.309573444801933,25238293.779207733,0.0005222097113101686,SUBGRID_MASS_FRACTION_TOO_LARGE,8021323239.656418,ANGULAR_JUMP_CORRECTION_REQUIRED,True,GEOMETRIC_FP_DOMAIN_PASS,NONLOCAL_JUMP_OPERATOR_REQUIRED,14,3.1622776601683795,697,RESOLVED_FP_REPLACEMENT_REQUIRED,15067692785.25723,15067692785.25723,,INTERFACE_COMPLETE,22.40607868929843,2817656.973414751,0.15188021508784758,3.4030400506058833,,242.3369903013797,48329805502.635216,52.554086379763625,100.0,122.87561411329008,1,s0100_h14_bh17,80.0
6.4683883317861675,ALL_HALO_FLUX_COMPLETE,18,7.943282347242816,31773129.38897126,0.0006574230758540671,SUBGRID_MASS_FRACTION_TOO_LARGE,11690323850.233068,ANGULAR_JUMP_CORRECTION_REQUIRED,True,GEOMETRIC_FP_DOMAIN_PASS,NONLOCAL_JUMP_OPERATOR_REQUIRED,14,3.1622776601683795,698,RESOLVED_FP_REPLACEMENT_REQUIRED,19132617482.550404,19132617482.550404,,INTERFACE_COMPLETE,23.194080658512114,2263825.100936589,0.14840367237153612,3.4420867470048147,,137.73032489350234,48329805502.635216,69.16235077937516,100.0,135.27049792210514,1,s0100_h14_bh18,80.0
5.740299974028028,ALL_HALO_FLUX_COMPLETE,19,10.0,40000000.0,0.0008276466164925695,SUBGRID_MASS_FRACTION_TOO_LARGE,18035382387.64851,ANGULAR_JUMP_CORRECTION_REQUIRED,True,GEOMETRIC_FP_DOMAIN_PASS,NONLOCAL_JUMP_OPERATOR_REQUIRED,14,3.1622776601683795,699,RESOLVED_FP_REPLACEMENT_REQUIRED,25454584815.717434,25454584815.717434,,INTERFACE_COMPLETE,23.135088665127963,1825339.4720642793,0.15102589468569447,3.4939974642838196,,111.94342469152758,48329805502.635216,91.29026054101833,100.0,149.06138947592203,1,s0100_h14_bh19,80.0
34.13434785752454,ALL_HALO_FLUX_COMPLETE,0,0.1,400000.0,6.57423075854067e-06,OK,229479271.39066848,,False,MATCHING_RADIUS_OUTSIDE_CONSERVATIVE_KEPLER_DOMAIN,NONLOCAL_JUMP_OPERATOR_REQUIRED,15,3.981071705534973,700,SUBGRID_COUPLING_READY,8126805572.313186,8126805572.313186,,INTERFACE_COMPLETE,0.691141381920706,126377271.90552847,3.500104566426956,2.4190671069072995,,509.9498846940407,60843620294.33705,3.445515732387873,100.0,52.29199704300514,1,s0100_h15_bh00,80.0
32.6218566041118,ALL_HALO_FLUX_COMPLETE,1,0.1291549665014884,516619.8660059536,8.490945533923749e-06,OK,285433009.39320487,,False,MATCHING_RADIUS_OUTSIDE_CONSERVATIVE_KEPLER_DOMAIN,NONLOCAL_JUMP_OPERATOR_REQUIRED,15,3.981071705534973,701,SUBGRID_COUPLING_READY,8161099299.220981,8161099299.220981,,INTERFACE_COMPLETE,0.8897907619988007,104776428.32931031,2.9111578106066145,2.5903213265984197,,509.8553317904452,60843620294.33705,3.5577863140383985,100.0,52.85642438647697,1,s0100_h15_bh01,80.0
30.939255672818994,ALL_HALO_FLUX_COMPLETE,2,0.16681005372000587,667240.2148800235,1.0966477859998843e-05,OK,355816939.6104917,,False,MATCHING_RADIUS_OUTSIDE_CONSERVATIVE_KEPLER_DOMAIN,NONLOCAL_JUMP_OPERATOR_REQUIRED,15,3.981071705534973,702,SUBGRID_COUPLING_READY,8205426637.562362,8205426637.562362,,INTERFACE_COMPLETE,1.1444691279406662,86602116.01186071,2.4161594084152425,2.7652198511146286,,509.73325424327766,60843620294.33705,3.6972809321596656,100.0,53.54179832166456,1,s0100_h15_bh02,80.0
29.11151072224283,ALL_HALO_FLUX_COMPLETE,3,0.21544346900318834,861773.8760127533,1.4163750806474643e-05,OK,443796585.71983045,,False,MATCHING_RADIUS_OUTSIDE_CONSERVATIVE_KEPLER_DOMAIN,NONLOCAL_JUMP_OPERATOR_REQUIRED,15,3.981071705534973,703,SUBGRID_COUPLING_READY,8262735931.0578575,8262735931.0578575,,INTERFACE_COMPLETE,1.470272185632918,71324728.04327074,2.0005741667177723,2.941388552620893,,509.5756580466699,60843620294.33705,3.8719786579476785,100.0,54.37680154973498,1,s0100_h15_bh03,80.0
27.17407668640884,ALL_HALO_FLUX_COMPLETE,4,0.2782559402207124,1113023.7608828498,1.829318760945662e-05,OK,552961846.4623656,,False,MATCHING_RADIUS_OUTSIDE_CONSERVATIVE_KEPLER_DOMAIN,NONLOCAL_JUMP_OPERATOR_REQUIRED,15,3.981071705534973,704,SUBGRID_COUPLING_READY,8336851664.057017,8336851664.057017,,INTERFACE_COMPLETE,1.8858932141830915,58498920.620906934,1.6521677464899427,3.115811941797553,,509.3722337317551,60843620294.33705,4.09277572160402,100.0,55.39778715596282,1,s0100_h15_bh04,80.0
25.169682142357637,ALL_HALO_FLUX_COMPLETE,5,0.35938136638046275,1437525.465521851,2.3626560329048125e-05,OK,687300166.3138422,,False,MATCHING_RADIUS_OUTSIDE_CONSERVATIVE_KEPLER_DOMAIN,NONLOCAL_JUMP_OPERATOR_REQUIRED,15,3.981071705534973,705,SUBGRID_COUPLING_READY,8433457705.391857,8433457705.391857,,INTERFACE_COMPLETE,2.4141624806543938,47750794.310769066,1.3606568107259658,3.2848466215014933,,497.3861871328668,60843620294.33705,4.374713733175084,100.0,56.650678517146375,1,s0100_h15_bh05,80.0
23.1439451377007,ALL_HALO_FLUX_COMPLETE,6,0.46415888336127786,1856635.5334451115,3.0514876078436043e-05,OK,851176043.566355,,False,MATCHING_RADIUS_OUTSIDE_CONSERVATIVE_KEPLER_DOMAIN,NONLOCAL_JUMP_OPERATOR_REQUIRED,15,3.981071705534973,706,SUBGRID_COUPLING_READY,8561368999.514799,8561368999.514799,,INTERFACE_COMPLETE,3.082434486704649,38766473.42385713,1.1173984047206793,3.4443073780997806,,497.0490903467211,60843620294.33705,4.738885082488716,100.0,58.19360637799117,1,s0100_h15_bh06,80.0
21.140802158747885,ALL_HALO_FLUX_COMPLETE,7,0.5994842503189409,2397937.001275764,3.941147797707476e-05,OK,1049383095.9552847,ANGULAR_JUMP_CORRECTION_REQUIRED,False,MATCHING_RADIUS_OUTSIDE_CONSERVATIVE_KEPLER_DOMAIN,NONLOCAL_JUMP_OPERATOR_REQUIRED,15,3.981071705534973,707,SUBGRID_COUPLING_READY,8727051991.835852,8727051991.835852,,INTERFACE_COMPLETE,3.922606843007241,31274601.688144535,0.9149002021579938,3.5887937936536547,,496.61427276452156,60843620294.33705,5.21515978260301,100.0,60.09938692424417,1,s0100_h15_bh07,80.0
19.19869060314641,ALL_HALO_FLUX_COMPLETE,8,0.774263682681127,3097054.730724508,5.090188117903238e-05,OK,1287419090.0898225,ANGULAR_JUMP_CORRECTION_REQUIRED,False,MATCHING_RADIUS_OUTSIDE_CONSERVATIVE_KEPLER_DOMAIN,NONLOCAL_JUMP_OPERATOR_REQUIRED,15,3.981071705534973,708,SUBGRID_COUPLING_READY,8945808847.95328,8945808847.95328,,INTERFACE_COMPLETE,4.970411827491443,25071508.026140414,0.7475769668559851,3.7157653980211665,,484.7463668823866,60843620294.33705,5.846258510366788,100.0,62.45810785788321,1,s0100_h15_bh08,80.0
17.348072005489634,ALL_HALO_FLUX_COMPLETE,9,1.0,4000000.0,6.57423075854067e-05,OK,1572219011.6707697,ANGULAR_JUMP_CORRECTION_REQUIRED,False,MATCHING_RADIUS_OUTSIDE_CONSERVATIVE_KEPLER_DOMAIN,NONLOCAL_JUMP_OPERATOR_REQUIRED,15,3.981071705534973,709,SUBGRID_COUPLING_READY,9233214497.181423,9233214497.181423,,INTERFACE_COMPLETE,6.263422307713066,19961253.23535339,0.6100354170024458,3.8209094393481617,,473.1124441662563,60843620294.33705,6.693519715145127,100.0,65.37840184119156,1,s0100_h15_bh09,80.0
15.778672184446037,ALL_HALO_FLUX_COMPLETE,10,1.2589254117941673,5035701.647176669,8.276466164925694e-05,OK,1876594221.0035844,ANGULAR_JUMP_CORRECTION_REQUIRED,False,MATCHING_RADIUS_OUTSIDE_CONSERVATIVE_KEPLER_DOMAIN,NONLOCAL_JUMP_OPERATOR_REQUIRED,15,3.981071705534973,710,SUBGRID_COUPLING_READY,9573628073.870296,9573628073.870296,,INTERFACE_COMPLETE,7.6661355647996645,16164706.001864778,0.5081246403069012,3.8953523764077724,,472.29377402014643,60843620294.33705,7.712912346010419,100.0,68.59098773326905,1,s0100_h15_bh10,80.0
14.310416068966664,ALL_HALO_FLUX_COMPLETE,11,1.5848931924611136,6339572.769844455,0.00010419453574879572,OK,2237845169.0669403,ANGULAR_JUMP_CORRECTION_REQUIRED,True,GEOMETRIC_FP_DOMAIN_PASS,NONLOCAL_JUMP_OPERATOR_REQUIRED,15,3.981071705534973,711,SUBGRID_COUPLING_READY,10015236185.55076,10015236185.55076,,INTERFACE_COMPLETE,9.315776416592742,13023769.3463957,0.4241276436002169,3.951078299875952,,460.72978260832804,60843620294.33705,9.067692278131807,100.0,72.46186358674166,1,s0100_h15_bh11,80.0
12.947627334979027,ALL_HALO_FLUX_COMPLETE,12,1.9952623149688797,7981049.259875519,0.00013117314882425473,OK,2673658386.4083543,ANGULAR_JUMP_CORRECTION_REQUIRED,True,GEOMETRIC_FP_DOMAIN_PASS,NONLOCAL_JUMP_OPERATOR_REQUIRED,15,3.981071705534973,712,SUBGRID_COUPLING_READY,10593713827.92014,10593713827.92014,,INTERFACE_COMPLETE,11.219195650867123,10448352.244263783,0.35568456879966176,3.9904947673577134,,439.4225713533563,60843620294.33705,10.879329693044818,100.0,77.0955920169252,1,s0100_h15_bh12,80.0
11.690205066272938,ALL_HALO_FLUX_COMPLETE,13,2.51188643150958,10047545.72603832,0.00016513721039991243,OK,3212942366.4512324,ANGULAR_JUMP_CORRECTION_REQUIRED,True,GEOMETRIC_FP_DOMAIN_PASS,NONLOCAL_JUMP_OPERATOR_REQUIRED,15,3.981071705534973,713,SUBGRID_COUPLING_READY,11357585969.959656,11357585969.959656,,INTERFACE_COMPLETE,13.361297018316401,8356424.037377897,0.3007120224061847,4.0179026483476505,,428.3117430342007,60843620294.33705,13.31028742070572,100.0,82.59303210082007,1,s0100_h15_bh13,80.0
10.534476937801537,ALL_HALO_FLUX_COMPLETE,14,3.1622776601683795,12649110.640673518,0.00020789543060524982,OK,3903950529.6081505,ANGULAR_JUMP_CORRECTION_REQUIRED,True,GEOMETRIC_FP_DOMAIN_PASS,NONLOCAL_JUMP_OPERATOR_REQUIRED,15,3.981071705534973,714,SUBGRID_COUPLING_READY,12377592286.543694,12377592286.543694,,INTERFACE_COMPLETE,15.693288878197073,6672629.2380631585,0.25737239568161335,4.039019354705199,,399.55712087375343,60843620294.33705,16.573882687748625,100.0,89.04458904803975,1,s0100_h15_bh14,80.0
9.473936266790783,ALL_HALO_FLUX_COMPLETE,15,3.981071705534973,15924286.822139893,0.00026172484058483987,OK,4827916608.252217,ANGULAR_JUMP_CORRECTION_REQUIRED,True,GEOMETRIC_FP_DOMAIN_PASS,NONLOCAL_JUMP_OPERATOR_REQUIRED,15,3.981071705534973,715,SUBGRID_COUPLING_READY,13759329152.42514,13759329152.42514,,INTERFACE_COMPLETE,18.12007929567153,5327748.514684241,0.2240590875142255,4.059968432673573,,380.627100687526,60843620294.33705,20.947680819329026,100.0,96.52714200204754,1,s0100_h15_bh15,80.0
8.500297102775315,ALL_HALO_FLUX_COMPLETE,16,5.011872336272724,20047489.345090896,0.0003294920527100323,OK,6129056424.329934,ANGULAR_JUMP_CORRECTION_REQUIRED,True,GEOMETRIC_FP_DOMAIN_PASS,NONLOCAL_JUMP_OPERATOR_REQUIRED,15,3.981071705534973,716,SUBGRID_COUPLING_READY,15660530813.37353,15660530813.37353,,INTERFACE_COMPLETE,20.489662520878312,4261466.452472887,0.1995277056776617,4.088255352900424,,347.48573436503113,60843620294.33705,26.76484633597209,100.0,105.0903659383414,1,s0100_h15_bh16,80.0
7.602981612359179,ALL_HALO_FLUX_COMPLETE,17,6.309573444801933,25238293.779207733,0.00041480591814088284,SUBGRID_MASS_FRACTION_TOO_LARGE,8052434731.543515,ANGULAR_JUMP_CORRECTION_REQUIRED,True,GEOMETRIC_FP_DOMAIN_PASS,NONLOCAL_JUMP_OPERATOR_REQUIRED,15,3.981071705534973,717,RESOLVED_FP_REPLACEMENT_REQUIRED,18340795677.075096,18340795677.075096,,INTERFACE_COMPLETE,22.595711608419876,3417345.1382265566,0.18265928782497864,4.127316590292577,,304.59712381364227,60843620294.33705,34.48468036777135,100.0,114.79700098297712,1,s0100_h15_bh17,80.0
6.77037421589143,ALL_HALO_FLUX_COMPLETE,18,7.943282347242816,31773129.38897126,0.0005222097113101685,SUBGRID_MASS_FRACTION_TOO_LARGE,11046504135.843903,ANGULAR_JUMP_CORRECTION_REQUIRED,True,GEOMETRIC_FP_DOMAIN_PASS,NONLOCAL_JUMP_OPERATOR_REQUIRED,15,3.981071705534973,718,RESOLVED_FP_REPLACEMENT_REQUIRED,22271602550.79584,22271602550.79584,,INTERFACE_COMPLETE,24.193527253864563,2748934.3835295634,0.1727603691689808,4.17968269987744,,237.85538459477326,60843620294.33705,44.7041745760069,100.0,125.71278175494405,1,s0100_h15_bh18,80.0
5.990208287602062,ALL_HALO_FLUX_COMPLETE,19,10.0,40000000.0,0.000657423075854067,SUBGRID_MASS_FRACTION_TOO_LARGE,15946544777.01564,ANGULAR_JUMP_CORRECTION_REQUIRED,True,GEOMETRIC_FP_DOMAIN_PASS,NONLOCAL_JUMP_OPERATOR_REQUIRED,15,3.981071705534973,719,RESOLVED_FP_REPLACEMENT_REQUIRED,28486799931.63953,28486799931.63953,,INTERFACE_COMPLETE,25.044392208086805,2218145.674843572,0.16953466341777254,4.245892603500682,,148.71778391933069,60843620294.33705,58.23754132286809,100.0,137.92644752787086,1,s0100_h15_bh19,80.0
34.55153948847174,ALL_HALO_FLUX_COMPLETE,0,0.1,400000.0,5.222097113101685e-06,OK,283342341.6371616,,False,MATCHING_RADIUS_OUTSIDE_CONSERVATIVE_KEPLER_DOMAIN,NONLOCAL_JUMP_OPERATOR_REQUIRED,16,5.011872336272724,720,SUBGRID_COUPLING_READY,11555387288.886791,11555387288.886791,,INTERFACE_COMPLETE,0.5941294293848067,130856040.73167743,4.2159131045765506,2.504798047157995,,538.0397692624176,76597579734.09622,3.353034836290226,100.0,55.951996875817095,1,s0100_h16_bh00,80.0
33.22819035170021,ALL_HALO_FLUX_COMPLETE,1,0.1291549665014884,516619.8660059536,6.744597777101673e-06,OK,350784655.5861063,,False,MATCHING_RADIUS_OUTSIDE_CONSERVATIVE_KEPLER_DOMAIN,NONLOCAL_JUMP_OPERATOR_REQUIRED,16,5.011872336272724,721,SUBGRID_COUPLING_READY,11595390690.582449,11595390690.582449,,INTERFACE_COMPLETE,0.7653987808951225,108905669.6679554,3.517651208886898,2.6924059468962853,,537.9590424644445,76597579734.09622,3.443052383073434,100.0,56.45036782840853,1,s0100_h16_bh01,80.0
31.725451151518914,ALL_HALO_FLUX_COMPLETE,2,0.16681005372000587,667240.2148800235,8.710982999675797e-06,OK,435810617.4135692,,False,MATCHING_RADIUS_OUTSIDE_CONSERVATIVE_KEPLER_DOMAIN,NONLOCAL_JUMP_OPERATOR_REQUIRED,16,5.011872336272724,722,SUBGRID_COUPLING_READY,11647089912.297764,11647089912.297764,,INTERFACE_COMPLETE,0.9853097343166379,90424692.22394183,2.930322557082901,2.887275340181404,,537.8548091948926,76597579734.09622,3.5538264002889974,100.0,57.05218141648941,1,s0100_h16_bh02,80.0
30.05717981802609,ALL_HALO_FLUX_COMPLETE,3,0.21544346900318834,861773.8760127533,1.1250667175181621e-05,OK,542360343.1996465,,False,MATCHING_RADIUS_OUTSIDE_CONSERVATIVE_KEPLER_DOMAIN,NONLOCAL_JUMP_OPERATOR_REQUIRED,16,5.011872336272724,723,SUBGRID_COUPLING_READY,11713916887.49601,11713916887.49601,,INTERFACE_COMPLETE,1.2671922308048078,74874271.5310859,2.43670178803193,3.0877695745822455,,537.7202355549995,76597579734.09622,3.6909983238689277,100.0,57.780762265275534,1,s0100_h16_bh03,80.0
28.248813519698587,ALL_HALO_FLUX_COMPLETE,4,0.2782559402207124,1113023.7608828498,1.4530795421299774e-05,OK,674930732.2626284,,False,MATCHING_RADIUS_OUTSIDE_CONSERVATIVE_KEPLER_DOMAIN,NONLOCAL_JUMP_OPERATOR_REQUIRED,16,5.011872336272724,724,SUBGRID_COUPLING_READY,11800318390.5734,11800318390.5734,,INTERFACE_COMPLETE,1.6277068923862092,61800861.87992483,2.0222819892003705,3.2916823321699367,,537.5465098320246,76597579734.09622,3.8620944682331064,100.0,58.66529994702751,1,s0100_h16_bh04,80.0
26.335810261646515,ALL_HALO_FLUX_COMPLETE,5,0.35938136638046275,1437525.465521851,1.8767243958779534e-05,OK,838510028.2075139,,False,MATCHING_RADIUS_OUTSIDE_CONSERVATIVE_KEPLER_DOMAIN,NONLOCAL_JUMP_OPERATOR_REQUIRED,16,5.011872336272724,725,SUBGRID_COUPLING_READY,11912062998.776545,11912062998.776545,,INTERFACE_COMPLETE,2.087460155835294,50823039.62629683,1.6748539306596104,3.496190847096065,,537.322270184245,76597579734.09622,4.07726218343292,100.0,59.742289545839206,1,s0100_h16_bh05,80.0
24.360347481813236,ALL_HALO_FLUX_COMPLETE,6,0.46415888336127786,1856635.5334451115,2.4238827648214307e-05,OK,1038496218.6356314,,False,MATCHING_RADIUS_OUTSIDE_CONSERVATIVE_KEPLER_DOMAIN,NONLOCAL_JUMP_OPERATOR_REQUIRED,16,5.011872336272724,726,SUBGRID_COUPLING_READY,12056640827.00406,12056640827.00406,,INTERFACE_COMPLETE,2.6715774218716355,41620159.81884872,1.3841449924878741,3.697850510527289,,537.0328829899735,76597579734.09622,4.350368200126939,100.0,61.05745555667212,1,s0100_h16_bh06,80.0
22.3669640269143,ALL_HALO_FLUX_COMPLETE,7,0.5994842503189409,2397937.001275764,3.13056497294047e-05,OK,1280613820.4236445,,False,MATCHING_RADIUS_OUTSIDE_CONSERVATIVE_KEPLER_DOMAIN,NONLOCAL_JUMP_OPERATOR_REQUIRED,16,5.011872336272724,727,SUBGRID_COUPLING_READY,12249024235.088087,12249024235.088087,,INTERFACE_COMPLETE,3.410094762665965,33922849.41257943,1.141517554926598,3.8926830355464497,,524.4452384854048,76597579734.09622,4.700565632255626,100.0,62.66780064837966,1,s0100_h16_bh07,80.0
20.398115416355836,ALL_HALO_FLUX_COMPLETE,8,0.774263682681127,3097054.730724508,4.043280142108592e-05,OK,1571007039.6580153,ANGULAR_JUMP_CORRECTION_REQUIRED,False,MATCHING_RADIUS_OUTSIDE_CONSERVATIVE_KEPLER_DOMAIN,NONLOCAL_JUMP_OPERATOR_REQUIRED,16,5.011872336272724,728,SUBGRID_COUPLING_READY,12498851883.921898,12498851883.921898,,INTERFACE_COMPLETE,4.337919927696395,27496908.46773486,0.9394424181976377,4.075225986822823,,523.9659557292231,76597579734.09622,5.154578172211379,100.0,64.64387482594742,1,s0100_h16_bh08,80.0
18.490550030312352,ALL_HALO_FLUX_COMPLETE,9,1.0,4000000.0,5.222097113101685e-05,OK,1916645735.1034544,ANGULAR_JUMP_CORRECTION_REQUIRED,False,MATCHING_RADIUS_OUTSIDE_CONSERVATIVE_KEPLER_DOMAIN,NONLOCAL_JUMP_OPERATOR_REQUIRED,16,5.011872336272724,729,SUBGRID_COUPLING_READY,12828414842.082724,12828414842.082724,,INTERFACE_COMPLETE,5.493960913969726,22168722.21863491,0.7723853651752962,4.243455006795311,,511.55901799309595,76597579734.09622,5.750033311161376,100.0,67.07199546641954,1,s0100_h16_bh09,80.0
16.850093059716436,ALL_HALO_FLUX_COMPLETE,10,1.2589254117941673,5035701.647176669,6.574230758540671e-05,OK,2282274215.5369787,ANGULAR_JUMP_CORRECTION_REQUIRED,False,MATCHING_RADIUS_OUTSIDE_CONSERVATIVE_KEPLER_DOMAIN,NONLOCAL_JUMP_OPERATOR_REQUIRED,16,5.011872336272724,730,SUBGRID_COUPLING_READY,13212907135.260231,13212907135.260231,,INTERFACE_COMPLETE,6.763087839037857,18170721.476851106,0.6474497739717505,4.378759692736155,,499.46834228901,76597579734.09622,6.45033567243378,100.0,69.72848071223875,1,s0100_h16_bh10,80.0
15.297531666194372,ALL_HALO_FLUX_COMPLETE,11,1.5848931924611136,6339572.769844455,8.276466164925694e-05,OK,2709194819.0362167,ANGULAR_JUMP_CORRECTION_REQUIRED,False,MATCHING_RADIUS_OUTSIDE_CONSERVATIVE_KEPLER_DOMAIN,NONLOCAL_JUMP_OPERATOR_REQUIRED,16,5.011872336272724,731,SUBGRID_COUPLING_READY,13713071169.86537,13713071169.86537,,INTERFACE_COMPLETE,8.277702773907766,14823591.083399415,0.5432785247950899,4.497098151700834,,498.58857823398876,76597579734.09622,7.361437023021202,100.0,72.92028096518355,1,s0100_h16_bh11,80.0
13.84205296926091,ALL_HALO_FLUX_COMPLETE,12,1.9952623149688797,7981049.259875519,0.00010419453574879572,OK,3211874542.189115,ANGULAR_JUMP_CORRECTION_REQUIRED,True,GEOMETRIC_FP_DOMAIN_PASS,NONLOCAL_JUMP_OPERATOR_REQUIRED,16,5.011872336272724,732,SUBGRID_COUPLING_READY,14362408032.616064,14362408032.616064,,INTERFACE_COMPLETE,10.058943992435053,12039567.16712513,0.4571275795622085,4.598220720213654,,486.4863672005243,76597579734.09622,8.555978936752604,100.0,76.74209895195852,1,s0100_h16_bh12,80.0
12.487778056098014,ALL_HALO_FLUX_COMPLETE,13,2.51188643150958,10047545.72603832,0.0001311731488242547,OK,3813824325.720052,ANGULAR_JUMP_CORRECTION_REQUIRED,True,GEOMETRIC_FP_DOMAIN_PASS,NONLOCAL_JUMP_OPERATOR_REQUIRED,16,5.011872336272724,733,SUBGRID_COUPLING_READY,15216056258.545486,15216056258.545486,,INTERFACE_COMPLETE,12.114208805101367,9741019.580146804,0.38662354749389655,4.683638383310088,,464.18933921668935,76597579734.09622,10.13153834060873,100.0,81.29315084368088,1,s0100_h16_bh13,80.0
11.234566616897972,ALL_HALO_FLUX_COMPLETE,14,3.1622776601683795,12649110.640673518,0.00016513721039991246,OK,4553734858.992258,ANGULAR_JUMP_CORRECTION_REQUIRED,True,GEOMETRIC_FP_DOMAIN_PASS,NONLOCAL_JUMP_OPERATOR_REQUIRED,16,5.011872336272724,734,SUBGRID_COUPLING_READY,16343788446.515068,16343788446.515068,,INTERFACE_COMPLETE,14.427196656861318,7858184.9132758835,0.3297002166883591,4.756649863972746,,442.88447605740123,76597579734.09622,12.217753864249907,100.0,86.67187876881013,1,s0100_h16_bh14,80.0
10.078908974222596,ALL_HALO_FLUX_COMPLETE,15,3.981071705534973,15924286.822139893,0.00020789543060524985,OK,5496229257.495496,ANGULAR_JUMP_CORRECTION_REQUIRED,True,GEOMETRIC_FP_DOMAIN_PASS,NONLOCAL_JUMP_OPERATOR_REQUIRED,16,5.011872336272724,735,SUBGRID_COUPLING_READY,17856645636.281284,17856645636.281284,,INTERFACE_COMPLETE,16.945223545910846,6327898.985276002,0.2845713507796343,4.822125153722713,,422.379282410939,76597579734.09622,14.984320440612306,100.0,92.97046713548058,1,s0100_h16_bh15,80.0
9.014739897775224,ALL_HALO_FLUX_COMPLETE,16,5.011872336272724,20047489.345090896,0.00026172484058483987,OK,6749696302.222113,ANGULAR_JUMP_CORRECTION_REQUIRED,True,GEOMETRIC_FP_DOMAIN_PASS,NONLOCAL_JUMP_OPERATOR_REQUIRED,16,5.011872336272724,736,SUBGRID_COUPLING_READY,19911608054.243523,19911608054.243523,,INTERFACE_COMPLETE,19.565611562874647,5092625.86594078,0.249705026393324,4.885631551709139,,394.2147912859436,76597579734.09622,18.652378629379243,100.0,100.27253041388173,1,s0100_h16_bh16,80.0
8.034586954289727,ALL_HALO_FLUX_COMPLETE,17,6.309573444801933,25238293.779207733,0.00032949205271003227,OK,8505720703.417093,ANGULAR_JUMP_CORRECTION_REQUIRED,True,GEOMETRIC_FP_DOMAIN_PASS,NONLOCAL_JUMP_OPERATOR_REQUIRED,16,5.011872336272724,737,SUBGRID_COUPLING_READY,22754126450.22901,22754126450.22901,,INTERFACE_COMPLETE,22.124228674521394,4102535.294118657,0.2239562193534299,4.954858610056557,,353.10563668311687,76597579734.09622,23.487076706474987,100.0,108.6386030295958,1,s0100_h16_bh17,80.0
7.129275975112784,ALL_HALO_FLUX_COMPLETE,18,7.943282347242816,31773129.38897126,0.0004148059181408828,SUBGRID_MASS_FRACTION_TOO_LARGE,11086903599.73926,ANGULAR_JUMP_CORRECTION_REQUIRED,True,GEOMETRIC_FP_DOMAIN_PASS,NONLOCAL_JUMP_OPERATOR_REQUIRED,16,5.011872336272724,738,RESOLVED_FP_REPLACEMENT_REQUIRED,26795315343.67578,26795315343.67578,,INTERFACE_COMPLETE,24.39828816989171,3310415.0277943285,0.20630133032144274,5.033399307014578,,310.09497421957735,76597579734.09622,29.857410365279982,100.0,118.14245161405262,1,s0100_h16_bh18,80.0
6.289264935522429,ALL_HALO_FLUX_COMPLETE,19,10.0,40000000.0,0.0005222097113101685,SUBGRID_MASS_FRACTION_TOO_LARGE,15079275576.186258,ANGULAR_JUMP_CORRECTION_REQUIRED,True,GEOMETRIC_FP_DOMAIN_PASS,NONLOCAL_JUMP_OPERATOR_REQUIRED,16,5.011872336272724,739,RESOLVED_FP_REPLACEMENT_REQUIRED,32803297153.46022,32803297153.46022,,INTERFACE_COMPLETE,26.123569817821515,2677007.053899723,0.1961534414903418,5.124228123778912,,229.57069296192296,76597579734.09622,38.24471366332873,100.0,128.86071264391418,1,s0100_h16_bh19,80.0
34.51292226106255,ALL_HALO_FLUX_COMPLETE,0,0.1,400000.0,4.148059181408828e-06,OK,350077848.51371205,,False,MATCHING_RADIUS_OUTSIDE_CONSERVATIVE_KEPLER_DOMAIN,NONLOCAL_JUMP_OPERATOR_REQUIRED,17,6.309573444801933,740,SUBGRID_COUPLING_READY,16330081290.848415,16330081290.848415,,INTERFACE_COMPLETE,0.5104974933386651,135707939.83117184,5.088509431125748,2.597671309419851,,581.0234836083038,96430639609.18364,3.2765032853293663,100.0,59.950851853596774,1,s0100_h17_bh00,80.0
33.384052153939585,ALL_HALO_FLUX_COMPLETE,1,0.1291549665014884,516619.8660059536,5.357424446210486e-06,OK,430876746.0228595,,False,MATCHING_RADIUS_OUTSIDE_CONSERVATIVE_KEPLER_DOMAIN,NONLOCAL_JUMP_OPERATOR_REQUIRED,17,6.309573444801933,741,SUBGRID_COUPLING_READY,16375009265.233677,16375009265.233677,,INTERFACE_COMPLETE,0.6580021786263752,113289256.12210967,4.25648830884051,2.8007785805147507,,580.9542309258286,96430639609.18364,3.3489776792657326,100.0,60.39138633897013,1,s0100_h17_bh01,80.0
32.077586151453964,ALL_HALO_FLUX_COMPLETE,2,0.16681005372000587,667240.2148800235,6.919379748845702e-06,OK,532961677.43636864,,False,MATCHING_RADIUS_OUTSIDE_CONSERVATIVE_KEPLER_DOMAIN,NONLOCAL_JUMP_OPERATOR_REQUIRED,17,6.309573444801933,742,SUBGRID_COUPLING_READY,16433064913.662933,16433064913.662933,,INTERFACE_COMPLETE,0.8476282757968598,94404809.74060859,3.556230054099554,3.0143611490933786,,580.8648072871309,96430639609.18364,3.4374720413560107,100.0,60.921010644080276,1,s0100_h17_bh02,80.0
30.596970424829863,ALL_HALO_FLUX_COMPLETE,3,0.21544346900318834,861773.8760127533,8.936722596732437e-06,OK,661214848.0619888,,False,MATCHING_RADIUS_OUTSIDE_CONSERVATIVE_KEPLER_DOMAIN,NONLOCAL_JUMP_OPERATOR_REQUIRED,17,6.309573444801933,743,SUBGRID_COUPLING_READY,16510025023.026106,16510025023.026106,,INTERFACE_COMPLETE,1.0910722831066748,78503933.54731856,2.9672228744325646,3.2374546360934886,,567.5545677324857,96430639609.18364,3.5460568177886267,100.0,61.55894501116246,1,s0100_h17_bh03,80.0
28.956685585554613,ALL_HALO_FLUX_COMPLETE,4,0.2782559402207124,1113023.7608828498,1.1542221076140724e-05,OK,821247413.1272488,,False,MATCHING_RADIUS_OUTSIDE_CONSERVATIVE_KEPLER_DOMAIN,NONLOCAL_JUMP_OPERATOR_REQUIRED,17,6.309573444801933,744,SUBGRID_COUPLING_READY,16610074960.282087,16610074960.282087,,INTERFACE_COMPLETE,1.4030578822204967,65122723.678710096,2.4721815035108397,3.468613744780602,,567.4062109211987,96430639609.18364,3.6800669040382,100.0,62.32904997746081,1,s0100_h17_bh04,80.0
27.18238530124959,ALL_HALO_FLUX_COMPLETE,5,0.35938136638046275,1437525.465521851,1.4907351764417285e-05,OK,1019321512.2372622,,False,MATCHING_RADIUS_OUTSIDE_CONSERVATIVE_KEPLER_DOMAIN,NONLOCAL_JUMP_OPERATOR_REQUIRED,17,6.309573444801933,745,SUBGRID_COUPLING_READY,16739435979.167255,16739435979.167255,,INTERFACE_COMPLETE,1.801970992022784,53870799.99853332,2.056554036785187,3.705850717814265,,567.2146932653003,96430639609.18364,3.8465251823490134,100.0,63.26074250139571,1,s0100_h17_bh05,80.0
25.30919535429191,ALL_HALO_FLUX_COMPLETE,6,0.46415888336127786,1856635.5334451115,1.925358517759218e-05,OK,1262214349.785096,,False,MATCHING_RADIUS_OUTSIDE_CONSERVATIVE_KEPLER_DOMAIN,NONLOCAL_JUMP_OPERATOR_REQUIRED,17,6.309573444801933,746,SUBGRID_COUPLING_READY,16906746672.515345,16906746672.515345,,INTERFACE_COMPLETE,2.3105235673825004,44419551.76554678,1.708084595322444,3.9465697125755077,,566.9674975719474,96430639609.18364,4.054830038834051,100.0,64.3906196596865,1,s0100_h17_bh06,80.0
23.378371515040342,ALL_HALO_FLUX_COMPLETE,7,0.5994842503189409,2397937.001275764,2.4866961486454712e-05,OK,1557001980.648207,,False,MATCHING_RADIUS_OUTSIDE_CONSERVATIVE_KEPLER_DOMAIN,NONLOCAL_JUMP_OPERATOR_REQUIRED,17,6.309573444801933,747,SUBGRID_COUPLING_READY,17123230461.132002,17123230461.132002,,INTERFACE_COMPLETE,2.9563619690997514,36492590.62769648,1.4164583416370768,4.187563572029957,,566.6484908922471,96430639609.18364,4.317668152301695,100.0,65.76398628057885,1,s0100_h17_bh07,80.0
21.433008652380085,ALL_HALO_FLUX_COMPLETE,8,0.774263682681127,3097054.730724508,3.21169157777686e-05,OK,1910947466.6419222,,False,MATCHING_RADIUS_OUTSIDE_CONSERVATIVE_KEPLER_DOMAIN,NONLOCAL_JUMP_OPERATOR_REQUIRED,17,6.309573444801933,748,SUBGRID_COUPLING_READY,17409645041.60407,17409645041.60407,,INTERFACE_COMPLETE,3.7724567683506933,29857541.89850368,1.172998908294462,4.425087670863418,,553.5020340576392,96430639609.18364,4.652328109757733,100.0,67.43666771512802,1,s0100_h17_bh08,80.0
19.513771756696375,ALL_HALO_FLUX_COMPLETE,9,1.0,4000000.0,4.148059181408828e-05,OK,2331603115.971438,ANGULAR_JUMP_CORRECTION_REQUIRED,False,MATCHING_RADIUS_OUTSIDE_CONSERVATIVE_KEPLER_DOMAIN,NONLOCAL_JUMP_OPERATOR_REQUIRED,17,6.309573444801933,749,SUBGRID_COUPLING_READY,17783752230.631947,17783752230.631947,,INTERFACE_COMPLETE,4.7969950586132075,24311069.371095568,0.9700938059804632,4.653535193679562,,552.9737122375187,96430639609.18364,5.082616187850471,100.0,69.47708319087164,1,s0100_h17_bh09,80.0
17.837742159912075,ALL_HALO_FLUX_COMPLETE,10,1.2589254117941673,5035701.647176669,5.2220971131016855e-05,OK,2774249748.560269,ANGULAR_JUMP_CORRECTION_REQUIRED,False,MATCHING_RADIUS_OUTSIDE_CONSERVATIVE_KEPLER_DOMAIN,NONLOCAL_JUMP_OPERATOR_REQUIRED,17,6.309573444801933,750,SUBGRID_COUPLING_READY,18221434475.11995,18221434475.11995,,INTERFACE_COMPLETE,5.932242537703748,20128023.641449884,0.8176382034917856,4.850428131205644,,540.070014341156,96430639609.18364,5.578647316254408,100.0,71.69585412335263,1,s0100_h17_bh10,80.0
16.23114622967924,ALL_HALO_FLUX_COMPLETE,11,1.5848931924611136,6339572.769844455,6.574230758540671e-05,OK,3285857166.233674,ANGULAR_JUMP_CORRECTION_REQUIRED,False,MATCHING_RADIUS_OUTSIDE_CONSERVATIVE_KEPLER_DOMAIN,NONLOCAL_JUMP_OPERATOR_REQUIRED,17,6.309573444801933,751,SUBGRID_COUPLING_READY,18782377382.392334,18782377382.392334,,INTERFACE_COMPLETE,7.302614269233655,16597074.380674731,0.689496584286279,5.035127594996847,,527.4277779131692,96430639609.18364,6.21149573404216,100.0,74.35007778364837,1,s0100_h17_bh11,80.0
14.708295219358293,ALL_HALO_FLUX_COMPLETE,12,1.9952623149688797,7981049.259875519,8.276466164925694e-05,OK,3878202067.649818,ANGULAR_JUMP_CORRECTION_REQUIRED,False,MATCHING_RADIUS_OUTSIDE_CONSERVATIVE_KEPLER_DOMAIN,NONLOCAL_JUMP_OPERATOR_REQUIRED,17,6.309573444801933,752,SUBGRID_COUPLING_READY,19512191213.078045,19512191213.078045,,INTERFACE_COMPLETE,8.938057856396782,13630097.703506034,0.582417944914526,5.2056852882497475,,526.4823105508926,96430639609.18364,7.025259147010091,100.0,77.52018829122619,1,s0100_h17_bh12,80.0
13.27803361074235,ALL_HALO_FLUX_COMPLETE,13,2.51188643150958,10047545.72603832,0.00010419453574879571,OK,4570040868.952301,ANGULAR_JUMP_CORRECTION_REQUIRED,True,GEOMETRIC_FP_DOMAIN_PASS,NONLOCAL_JUMP_OPERATOR_REQUIRED,17,6.309573444801933,753,SUBGRID_COUPLING_READY,20462113139.65713,20462113139.65713,,INTERFACE_COMPLETE,10.861397882276897,11150368.999432927,0.4936083031915571,5.361276178959071,,502.69359779324674,96430639609.18364,8.079129382980062,100.0,81.29528218749722,1,s0100_h17_bh13,80.0
11.944338344556536,ALL_HALO_FLUX_COMPLETE,14,3.1622776601683795,12649110.640673518,0.00013117314882425473,OK,5392407436.914286,ANGULAR_JUMP_CORRECTION_REQUIRED,True,GEOMETRIC_FP_DOMAIN_PASS,NONLOCAL_JUMP_OPERATOR_REQUIRED,17,6.309573444801933,754,SUBGRID_COUPLING_READY,21712756817.213608,21712756817.213608,,INTERFACE_COMPLETE,13.080621779000074,9090577.638540242,0.4206704751674028,5.502631379257039,,490.46386092669695,96430639609.18364,9.45176303422099,100.0,85.76954746009882,1,s0100_h17_bh14,80.0
10.707142794166955,ALL_HALO_FLUX_COMPLETE,15,3.981071705534973,15924286.822139893,0.0001651372103999125,OK,6396718640.970708,ANGULAR_JUMP_CORRECTION_REQUIRED,True,GEOMETRIC_FP_DOMAIN_PASS,NONLOCAL_JUMP_OPERATOR_REQUIRED,17,6.309573444801933,755,SUBGRID_COUPLING_READY,23370097636.356255,23370097636.356255,,INTERFACE_COMPLETE,15.578128612096185,7390857.126925503,0.36154175522675774,5.63214396156543,,468.1245753030174,96430639609.18364,11.247053334005269,100.0,91.03895747039817,1,s0100_h17_bh15,80.0
9.56325972609268,ALL_HALO_FLUX_COMPLETE,16,5.011872336272724,20047489.345090896,0.00020789543060524985,OK,7668861606.857937,ANGULAR_JUMP_CORRECTION_REQUIRED,True,GEOMETRIC_FP_DOMAIN_PASS,NONLOCAL_JUMP_OPERATOR_REQUIRED,17,6.309573444801933,756,SUBGRID_COUPLING_READY,25595591400.34114,25595591400.34114,,INTERFACE_COMPLETE,18.297031504965172,5997590.0764075015,0.31446700434683483,5.753812685806056,,446.5918347698981,96430639609.18364,13.600484188653855,100.0,97.19649191901516,1,s0100_h17_bh16,80.0
8.50725575457297,ALL_HALO_FLUX_COMPLETE,17,6.309573444801933,25238293.779207733,0.00026172484058483987,OK,9352293104.32745,ANGULAR_JUMP_CORRECTION_REQUIRED,True,GEOMETRIC_FP_DOMAIN_PASS,NONLOCAL_JUMP_OPERATOR_REQUIRED,17,6.309573444801933,757,SUBGRID_COUPLING_READY,28638581291.178898,28638581291.178898,,INTERFACE_COMPLETE,21.126461401343832,4862354.578321296,0.27797056218062766,5.872534352618875,,408.5688411145109,96430639609.18364,16.68869926342709,100.0,104.33052933867995,1,s0100_h17_bh17,80.0
7.532659318960654,ALL_HALO_FLUX_COMPLETE,18,7.943282347242816,31773129.38897126,0.00032949205271003227,SUBGRID_MASS_FRACTION_TOO_LARGE,11699448405.53436,ANGULAR_JUMP_CORRECTION_REQUIRED,True,GEOMETRIC_FP_DOMAIN_PASS,NONLOCAL_JUMP_OPERATOR_REQUIRED,17,6.309573444801933,758,RESOLVED_FP_REPLACEMENT_REQUIRED,32871560047.71062,32871560047.71062,,INTERFACE_COMPLETE,23.889192608406724,3943536.352356912,0.250993986679777,5.996043691345064,,366.41171180843634,96430639609.18364,20.72294939688145,100.0,112.51013027094335,1,s0100_h17_bh18,80.0
6.631829626766757,ALL_HALO_FLUX_COMPLETE,19,10.0,40000000.0,0.0004148059181408828,SUBGRID_MASS_FRACTION_TOO_LARGE,15131554525.164555,ANGULAR_JUMP_CORRECTION_REQUIRED,True,GEOMETRIC_FP_DOMAIN_PASS,NONLOCAL_JUMP_OPERATOR_REQUIRED,17,6.309573444801933,759,RESOLVED_FP_REPLACEMENT_REQUIRED,38941215122.51433,38941215122.51433,,INTERFACE_COMPLETE,26.344665569163084,3201286.2674500262,0.2326005632110962,6.1277840489953075,,310.0209657932779,96430639609.18364,26.000261692638777,100.0,121.81882167071113,1,s0100_h17_bh19,80.0
34.03336777828833,ALL_HALO_FLUX_COMPLETE,0,0.1,400000.0,3.2949205271003226e-06,OK,432607427.2387461,,False,MATCHING_RADIUS_OUTSIDE_CONSERVATIVE_KEPLER_DOMAIN,NONLOCAL_JUMP_OPERATOR_REQUIRED,18,7.943282347242816,760,SUBGRID_COUPLING_READY,22917685001.557785,22917685001.557785,,INTERFACE_COMPLETE,0.43847614475127805,141059166.28417778,6.157923398928803,2.700102511635988,,613.178430932993,121398982679.56644,3.2129918010106078,100.0,64.31116590720352,1,s0100_h18_bh00,80.0
33.09304513457345,ALL_HALO_FLUX_COMPLETE,1,0.1291549665014884,516619.8660059536,4.255553503027086e-06,OK,528679316.6462225,,False,MATCHING_RADIUS_OUTSIDE_CONSERVATIVE_KEPLER_DOMAIN,NONLOCAL_JUMP_OPERATOR_REQUIRED,18,7.943282347242816,761,SUBGRID_COUPLING_READY,22969359749.24456,22969359749.24456,,INTERFACE_COMPLETE,0.5654055436549661,118042402.39746638,5.161406074727768,2.918287607705498,,613.1193067538176,121398982679.56644,3.2714924339320346,100.0,64.70057887483934,1,s0100_h18_bh01,80.0
31.98593856562714,ALL_HALO_FLUX_COMPLETE,2,0.16681005372000587,667240.2148800235,5.496258701287549e-06,OK,650315839.158109,,False,MATCHING_RADIUS_OUTSIDE_CONSERVATIVE_KEPLER_DOMAIN,NONLOCAL_JUMP_OPERATOR_REQUIRED,18,7.943282347242816,762,SUBGRID_COUPLING_READY,23036126829.382153,23036126829.382153,,INTERFACE_COMPLETE,0.7287374005665668,98647560.52951862,4.322315389969184,3.1498328817150094,,613.0429582749532,121398982679.56644,3.3424748207113324,100.0,65.167093344528,1,s0100_h18_bh02,80.0
30.707029651093524,ALL_HALO_FLUX_COMPLETE,3,0.21544346900318834,861773.8760127533,7.098691084483074e-06,OK,803517822.7154372,,False,MATCHING_RADIUS_OUTSIDE_CONSERVATIVE_KEPLER_DOMAIN,NONLOCAL_JUMP_OPERATOR_REQUIRED,18,7.943282347242816,763,SUBGRID_COUPLING_READY,23122403857.617523,23122403857.617523,,INTERFACE_COMPLETE,0.9386848833061631,82308998.70988803,3.6160944715414836,3.394373217042979,,612.9443733028013,121398982679.56644,3.4289377391882003,100.0,65.72679159396718,1,s0100_h18_bh03,80.0
29.260543970064024,ALL_HALO_FLUX_COMPLETE,4,0.2782559402207124,1113023.7608828498,9.168312092208258e-06,OK,995245386.0271974,,False,MATCHING_RADIUS_OUTSIDE_CONSERVATIVE_KEPLER_DOMAIN,NONLOCAL_JUMP_OPERATOR_REQUIRED,18,7.943282347242816,764,SUBGRID_COUPLING_READY,23233908356.20571,23233908356.20571,,INTERFACE_COMPLETE,1.20817553067781,68550146.17152026,3.0220506167639263,3.651167607643959,,612.8170841305897,121398982679.56644,3.534730895248916,100.0,66.39936072455887,1,s0100_h18_bh04,80.0
27.66141601504609,ALL_HALO_FLUX_COMPLETE,5,0.35938136638046275,1437525.465521851,1.1841330411443486e-05,OK,1233345040.0254183,,False,MATCHING_RADIUS_OUTSIDE_CONSERVATIVE_KEPLER_DOMAIN,NONLOCAL_JUMP_OPERATOR_REQUIRED,18,7.943282347242816,765,SUBGRID_COUPLING_READY,23380865613.25255,23380865613.25255,,INTERFACE_COMPLETE,1.5534712048326709,56969579.54652131,2.522750508459624,3.919020271869005,,598.896048942067,121398982679.56644,3.6648429111273226,100.0,67.20894872308882,1,s0100_h18_bh05,80.0
25.935254464968775,ALL_HALO_FLUX_COMPLETE,6,0.46415888336127786,1856635.5334451115,1.529366632623039e-05,OK,1526355920.8483913,,False,MATCHING_RADIUS_OUTSIDE_CONSERVATIVE_KEPLER_DOMAIN,NONLOCAL_JUMP_OPERATOR_REQUIRED,18,7.943282347242816,766,SUBGRID_COUPLING_READY,23573097713.389713,23573097713.389713,,INTERFACE_COMPLETE,1.994859464944488,47229253.21063687,2.103509025249266,4.196204888614653,,598.6849089325104,121398982679.56644,3.8258057607421088,100.0,68.18523381353474,1,s0100_h18_bh06,80.0
24.11652974965853,ALL_HALO_FLUX_COMPLETE,7,0.5994842503189409,2397937.001275764,1.9752529620492268e-05,OK,1883212846.1977448,,False,MATCHING_RADIUS_OUTSIDE_CONSERVATIVE_KEPLER_DOMAIN,NONLOCAL_JUMP_OPERATOR_REQUIRED,18,7.943282347242816,767,SUBGRID_COUPLING_READY,23821735334.867348,23821735334.867348,,INTERFACE_COMPLETE,2.557369720751999,39044559.641975224,1.7519581518526333,4.480404729572557,,598.4123889423375,121398982679.56644,4.026266537675537,100.0,69.36475439243281,1,s0100_h18_bh07,80.0
22.245224319688422,ALL_HALO_FLUX_COMPLETE,8,0.774263682681127,3097054.730724508,2.551137301454336e-05,OK,2312903009.784945,,False,MATCHING_RADIUS_OUTSIDE_CONSERVATIVE_KEPLER_DOMAIN,NONLOCAL_JUMP_OPERATOR_REQUIRED,18,7.943282347242816,768,SUBGRID_COUPLING_READY,24143463906.37399,24143463906.37399,,INTERFACE_COMPLETE,3.271415565239362,32176059.100701075,1.4576892946404394,4.76870744776952,,598.0607136659545,121398982679.56644,4.277744904430362,100.0,70.79218094331475,1,s0100_h18_bh08,80.0
20.362662670071924,ALL_HALO_FLUX_COMPLETE,9,1.0,4000000.0,3.294920527100323e-05,OK,2824251199.4044785,,False,MATCHING_RADIUS_OUTSIDE_CONSERVATIVE_KEPLER_DOMAIN,NONLOCAL_JUMP_OPERATOR_REQUIRED,18,7.943282347242816,769,SUBGRID_COUPLING_READY,24566947253.832188,24566947253.832188,,INTERFACE_COMPLETE,4.173178562977882,26422194.714210946,1.211939278585573,5.057639017024193,,584.3216359877897,121398982679.56644,4.595788744015929,100.0,72.52224983297253,1,s0100_h18_bh09,80.0
18.690752983490572,ALL_HALO_FLUX_COMPLETE,10,1.2589254117941673,5035701.647176669,4.1480591814088284e-05,OK,3361594375.9814653,,False,MATCHING_RADIUS_OUTSIDE_CONSERVATIVE_KEPLER_DOMAIN,NONLOCAL_JUMP_OPERATOR_REQUIRED,18,7.943282347242816,770,SUBGRID_COUPLING_READY,25060649243.6999,25060649243.6999,,INTERFACE_COMPLETE,5.179676118099302,22055920.880834877,1.0261279823721277,5.31501060440633,,583.8043554336183,121398982679.56644,4.956261951656882,100.0,74.39273029672627,1,s0100_h18_bh10,80.0
17.065223740326093,ALL_HALO_FLUX_COMPLETE,11,1.5848931924611136,6339572.769844455,5.222097113101686e-05,OK,3979500445.9211264,ANGULAR_JUMP_CORRECTION_REQUIRED,False,MATCHING_RADIUS_OUTSIDE_CONSERVATIVE_KEPLER_DOMAIN,NONLOCAL_JUMP_OPERATOR_REQUIRED,18,7.943282347242816,771,SUBGRID_COUPLING_READY,25692739063.862698,25692739063.862698,,INTERFACE_COMPLETE,6.405488149116409,18342602.484873198,0.8687356870597841,5.564676148175948,,570.3164370554194,121398982679.56644,5.408302549056326,100.0,76.61926272509477,1,s0100_h18_bh11,80.0
15.505215294441866,ALL_HALO_FLUX_COMPLETE,12,1.9952623149688797,7981049.259875519,6.574230758540671e-05,OK,4687533823.439096,ANGULAR_JUMP_CORRECTION_REQUIRED,False,MATCHING_RADIUS_OUTSIDE_CONSERVATIVE_KEPLER_DOMAIN,NONLOCAL_JUMP_OPERATOR_REQUIRED,18,7.943282347242816,772,SUBGRID_COUPLING_READY,26504979767.577404,26504979767.577404,,INTERFACE_COMPLETE,7.8851815079784044,15207017.352928773,0.7365653539109148,5.807951508075915,,557.0899333719201,121398982679.56644,5.979391799703813,100.0,79.26868102439482,1,s0100_h18_bh12,80.0
14.0244530170088,ALL_HALO_FLUX_COMPLETE,13,2.51188643150958,10047545.72603832,8.276466164925694e-05,OK,5500349034.805739,ANGULAR_JUMP_CORRECTION_REQUIRED,False,MATCHING_RADIUS_OUTSIDE_CONSERVATIVE_KEPLER_DOMAIN,NONLOCAL_JUMP_OPERATOR_REQUIRED,18,7.943282347242816,773,SUBGRID_COUPLING_READY,27561866824.717136,27561866824.717136,,INTERFACE_COMPLETE,9.651092872785282,12563465.866272701,0.6259100277135801,6.040715807471371,,556.0738028489734,121398982679.56644,6.705974155647778,100.0,82.41660332461035,1,s0100_h18_bh13,80.0
12.631437115602496,ALL_HALO_FLUX_COMPLETE,14,3.1622776601683795,12649110.640673518,0.00010419453574879572,OK,6442113668.786389,ANGULAR_JUMP_CORRECTION_REQUIRED,False,MATCHING_RADIUS_OUTSIDE_CONSERVATIVE_KEPLER_DOMAIN,NONLOCAL_JUMP_OPERATOR_REQUIRED,18,7.943282347242816,774,SUBGRID_COUPLING_READY,28942509863.6206,28942509863.6206,,INTERFACE_COMPLETE,11.727867661441339,10344605.496345377,0.5339170828230574,6.261708889531632,,531.1743440103116,121398982679.56644,7.636389170757456,100.0,86.14691396764677,1,s0100_h18_bh14,80.0
11.330047731752277,ALL_HALO_FLUX_COMPLETE,15,3.981071705534973,15924286.822139893,0.00013117314882425476,OK,7553575301.230972,ANGULAR_JUMP_CORRECTION_REQUIRED,True,GEOMETRIC_FP_DOMAIN_PASS,NONLOCAL_JUMP_OPERATOR_REQUIRED,18,7.943282347242816,775,SUBGRID_COUPLING_READY,30759002813.624413,30759002813.624413,,INTERFACE_COMPLETE,14.124130504767141,8491629.295194466,0.4581505846196854,6.470978648003798,,518.3393454372376,121398982679.56644,8.834405813579673,100.0,90.54988562862137,1,s0100_h18_bh15,80.0
10.120381301549411,ALL_HALO_FLUX_COMPLETE,16,5.011872336272724,20047489.345090896,0.0001651372103999125,OK,8902650713.019156,ANGULAR_JUMP_CORRECTION_REQUIRED,True,GEOMETRIC_FP_DOMAIN_PASS,NONLOCAL_JUMP_OPERATOR_REQUIRED,18,7.943282347242816,776,SUBGRID_COUPLING_READY,33175360785.446053,33175360785.446053,,INTERFACE_COMPLETE,16.820876350888046,6952709.311423534,0.3965376184728422,6.670110248807298,,494.903435220934,121398982679.56644,10.383559625857641,100.0,95.71860692778147,1,s0100_h18_bh16,80.0
8.999692457096216,ALL_HALO_FLUX_COMPLETE,17,6.309573444801933,25238293.779207733,0.00020789543060524985,OK,10602704303.917032,ANGULAR_JUMP_CORRECTION_REQUIRED,True,GEOMETRIC_FP_DOMAIN_PASS,NONLOCAL_JUMP_OPERATOR_REQUIRED,18,7.943282347242816,777,SUBGRID_COUPLING_READY,36435879378.52065,36435879378.52065,,INTERFACE_COMPLETE,19.756680163388932,5681835.604653232,0.34733906819023314,6.862266878483974,,462.63055098204444,121398982679.56644,12.392442907087736,100.0,101.74620917487813,1,s0100_h18_bh17,80.0
7.9633081789284965,ALL_HALO_FLUX_COMPLETE,18,7.943282347242816,31773129.38897126,0.00026172484058483987,SUBGRID_MASS_FRACTION_TOO_LARGE,12842212314.374891,ANGULAR_JUMP_CORRECTION_REQUIRED,True,GEOMETRIC_FP_DOMAIN_PASS,NONLOCAL_JUMP_OPERATOR_REQUIRED,18,7.943282347242816,778,RESOLVED_FP_REPLACEMENT_REQUIRED,40906050156.26627,40906050156.26627,,INTERFACE_COMPLETE,22.811828289046066,4637779.109475837,0.3091212822998383,7.051621612313646,,423.71516368670945,121398982679.56644,15.002473405023666,100.0,108.72385748320828,1,s0100_h18_bh18,80.0
7.005858568726998,ALL_HALO_FLUX_COMPLETE,19,10.0,40000000.0,0.00032949205271003227,SUBGRID_MASS_FRACTION_TOO_LARGE,15951318431.324482,ANGULAR_JUMP_CORRECTION_REQUIRED,True,GEOMETRIC_FP_DOMAIN_PASS,NONLOCAL_JUMP_OPERATOR_REQUIRED,18,7.943282347242816,779,RESOLVED_FP_REPLACEMENT_REQUIRED,47168902017.501335,47168902017.501335,,INTERFACE_COMPLETE,25.794956826620236,3785354.088786788,0.28089929243925105,7.2457851210986535,,380.4158545986058,121398982679.56644,18.382393301679247,100.0,116.72801627584518,1,s0100_h18_bh19,80.0
33.147785343791185,ALL_HALO_FLUX_COMPLETE,0,0.1,400000.0,2.6172484058483986e-06,OK,534463709.3308879,,False,MATCHING_RADIUS_OUTSIDE_CONSERVATIVE_KEPLER_DOMAIN,NONLOCAL_JUMP_OPERATOR_REQUIRED,19,10.0,780,SUBGRID_COUPLING_READY,31920434751.53616,31920434751.53616,,INTERFACE_COMPLETE,0.37650526566899917,147036138.14928046,7.475357606581882,2.8145115016368853,,647.282853105228,152832264261.26614,3.160216844693732,100.0,69.05821875594201,1,s0100_h19_bh00,80.0
32.38161476594528,ALL_HALO_FLUX_COMPLETE,1,0.1291549665014884,516619.8660059536,3.3803063018342385e-06,OK,647664284.4980403,,False,MATCHING_RADIUS_OUTSIDE_CONSERVATIVE_KEPLER_DOMAIN,NONLOCAL_JUMP_OPERATOR_REQUIRED,19,10.0,781,SUBGRID_COUPLING_READY,31979403616.46994,31979403616.46994,,INTERFACE_COMPLETE,0.4856556588293726,123279474.40375614,6.275558348936266,3.047760424474812,,647.2323747000555,152832264261.26614,3.2074960484344186,100.0,69.4021110126908,1,s0100_h19_bh01,80.0
31.46570487868633,ALL_HALO_FLUX_COMPLETE,2,0.16681005372000587,667240.2148800235,4.365833471781711e-06,OK,791278797.1591738,,False,MATCHING_RADIUS_OUTSIDE_CONSERVATIVE_KEPLER_DOMAIN,NONLOCAL_JUMP_OPERATOR_REQUIRED,19,10.0,782,SUBGRID_COUPLING_READY,32055589046.027905,32055589046.027905,,INTERFACE_COMPLETE,0.6262164842450795,103256411.38222058,5.264943246813602,3.2969942497694875,,647.1671882888087,152832264261.26614,3.2645761877253743,100.0,69.81298217107592,1,s0100_h19_bh02,80.0
30.38915024868932,ALL_HALO_FLUX_COMPLETE,3,0.21544346900318834,861773.8760127533,5.638690757990436e-06,OK,972612359.6554055,,False,MATCHING_RADIUS_OUTSIDE_CONSERVATIVE_KEPLER_DOMAIN,NONLOCAL_JUMP_OPERATOR_REQUIRED,19,10.0,783,SUBGRID_COUPLING_READY,32154026161.690266,32154026161.690266,,INTERFACE_COMPLETE,0.8070718164758701,86383032.76040064,4.413961482953478,3.5623839119017884,,647.0830125870937,152832264261.26614,3.3336953082545953,100.0,70.30437641357648,1,s0100_h19_bh03,80.0
29.147855490517443,ALL_HALO_FLUX_COMPLETE,4,0.2782559402207124,1113023.7608828498,7.28264915960507e-06,OK,1200223832.6541955,,False,MATCHING_RADIUS_OUTSIDE_CONSERVATIVE_KEPLER_DOMAIN,NONLOCAL_JUMP_OPERATOR_REQUIRED,19,10.0,784,SUBGRID_COUPLING_READY,32281228888.28108,32281228888.28108,,INTERFACE_COMPLETE,1.0395152036737267,72167202.40750906,3.697706264325266,3.843821880485694,,646.9743220978046,152832264261.26614,3.417686623111151,100.0,70.89276159713351,1,s0100_h19_bh04,80.0
27.746738302172403,ALL_HALO_FLUX_COMPLETE,5,0.35938136638046275,1437525.465521851,9.405903082508855e-06,OK,1483868377.62927,,False,MATCHING_RADIUS_OUTSIDE_CONSERVATIVE_KEPLER_DOMAIN,NONLOCAL_JUMP_OPERATOR_REQUIRED,19,10.0,785,SUBGRID_COUPLING_READY,32445628813.25256,32445628813.25256,,INTERFACE_COMPLETE,1.3378339130931232,60194221.069796674,3.0951884339426354,4.140848054342052,,646.8339862798215,152832264261.26614,3.520163677201006,100.0,71.59817886565781,1,s0100_h19_bh05,80.0
26.201009238102365,ALL_HALO_FLUX_COMPLETE,6,0.46415888336127786,1856635.5334451115,1.2148190975376773e-05,OK,1834301044.8186853,,False,MATCHING_RADIUS_OUTSIDE_CONSERVATIVE_KEPLER_DOMAIN,NONLOCAL_JUMP_OPERATOR_REQUIRED,19,10.0,786,SUBGRID_COUPLING_READY,32658144672.831795,32658144672.831795,,INTERFACE_COMPLETE,1.7199872210281253,50114713.24466288,2.5887233216422447,4.452571032002142,,646.6528086603544,152832264261.26614,3.645775059434018,100.0,72.4450562852888,1,s0100_h19_bh06,80.0
24.535975318699425,ALL_HALO_FLUX_COMPLETE,7,0.5994842503189409,2397937.001275764,1.5689991984784705e-05,OK,2262886521.720401,,False,MATCHING_RADIUS_OUTSIDE_CONSERVATIVE_KEPLER_DOMAIN,NONLOCAL_JUMP_OPERATOR_REQUIRED,19,10.0,787,SUBGRID_COUPLING_READY,32938774941.379414,32938774941.379414,,INTERFACE_COMPLETE,2.2083585679192623,41634399.75726012,2.163413000779211,4.777591636218693,,632.06838458798,152832264261.26614,3.8005550836024313,100.0,73.46319010498186,1,s0100_h19_bh07,80.0
22.7851445869762,ALL_HALO_FLUX_COMPLETE,8,0.774263682681127,3097054.730724508,2.02644038920349e-05,OK,2781065492.900345,,False,MATCHING_RADIUS_OUTSIDE_CONSERVATIVE_KEPLER_DOMAIN,NONLOCAL_JUMP_OPERATOR_REQUIRED,19,10.0,788,SUBGRID_COUPLING_READY,33305336881.622536,33305336881.622536,,INTERFACE_COMPLETE,2.8305268422407033,34505468.989548616,1.806710156381778,5.113941593787521,,631.7679342283224,152832264261.26614,3.9924076806016413,100.0,74.68891064716813,1,s0100_h19_bh08,80.0
20.986913155402206,ALL_HALO_FLUX_COMPLETE,9,1.0,4000000.0,2.6172484058483986e-05,OK,3399788859.028015,,False,MATCHING_RADIUS_OUTSIDE_CONSERVATIVE_KEPLER_DOMAIN,NONLOCAL_JUMP_OPERATOR_REQUIRED,19,10.0,789,SUBGRID_COUPLING_READY,33779678618.449482,33779678618.449482,,INTERFACE_COMPLETE,3.619943127961833,28519277.97582723,1.5080499234295304,5.459054956942096,,631.3802272624694,152832264261.26614,4.2317776649419745,100.0,76.16642343594953,1,s0100_h19_bh09,80.0
19.360481589716994,ALL_HALO_FLUX_COMPLETE,10,1.2589254117941673,5035701.647176669,3.294920527100323e-05,OK,4051037223.5677037,,False,MATCHING_RADIUS_OUTSIDE_CONSERVATIVE_KEPLER_DOMAIN,NONLOCAL_JUMP_OPERATOR_REQUIRED,19,10.0,790,SUBGRID_COUPLING_READY,34329551819.29554,34329551819.29554,,INTERFACE_COMPLETE,4.5060945602619675,23962983.98197916,1.2815027322575858,5.774572490786756,,617.0682264782953,152832264261.26614,4.499243489806593,100.0,77.75548543057553,1,s0100_h19_bh10,80.0
17.754207533998652,ALL_HALO_FLUX_COMPLETE,11,1.5848931924611136,6339572.769844455,4.148059181408829e-05,OK,4799159533.823873,,False,MATCHING_RADIUS_OUTSIDE_CONSERVATIVE_KEPLER_DOMAIN,NONLOCAL_JUMP_OPERATOR_REQUIRED,19,10.0,791,SUBGRID_COUPLING_READY,35038825874.15456,35038825874.15456,,INTERFACE_COMPLETE,5.592885621225644,20080976.401509304,1.0892506510104683,6.09205430394712,,616.512279699329,152832264261.26614,4.82980152519885,100.0,79.63831817567403,1,s0100_h19_bh11,80.0
16.191092807058602,ALL_HALO_FLUX_COMPLETE,12,1.9952623149688797,7981049.259875519,5.222097113101686e-05,OK,5652194276.098165,ANGULAR_JUMP_CORRECTION_REQUIRED,False,MATCHING_RADIUS_OUTSIDE_CONSERVATIVE_KEPLER_DOMAIN,NONLOCAL_JUMP_OPERATOR_REQUIRED,19,10.0,792,SUBGRID_COUPLING_READY,35943659594.16214,35943659594.16214,,INTERFACE_COMPLETE,6.916487006000404,16772623.15046437,0.9261777938680483,6.405896676534477,,602.4056824439045,152832264261.26614,5.240980197548425,100.0,81.86943652089178,1,s0100_h19_bh12,80.0
14.68937178402157,ALL_HALO_FLUX_COMPLETE,13,2.51188643150958,10047545.72603832,6.574230758540671e-05,OK,6621272888.854903,ANGULAR_JUMP_CORRECTION_REQUIRED,False,MATCHING_RADIUS_OUTSIDE_CONSERVATIVE_KEPLER_DOMAIN,NONLOCAL_JUMP_OPERATOR_REQUIRED,19,10.0,793,SUBGRID_COUPLING_READY,37109941796.719025,37109941796.719025,,INTERFACE_COMPLETE,8.51422314276087,13973569.020100774,0.7891167400850428,6.718716010772085,,601.5318732377983,152832264261.26614,5.7557814054925345,100.0,84.5117991543324,1,s0100_h19_bh13,80.0
13.262136298059469,ALL_HALO_FLUX_COMPLETE,14,3.1622776601683795,12649110.640673518,8.276466164925696e-05,OK,7724490274.846858,ANGULAR_JUMP_CORRECTION_REQUIRED,False,MATCHING_RADIUS_OUTSIDE_CONSERVATIVE_KEPLER_DOMAIN,NONLOCAL_JUMP_OPERATOR_REQUIRED,19,10.0,794,SUBGRID_COUPLING_READY,38627712595.22069,38627712595.22069,,INTERFACE_COMPLETE,10.421010373351582,11606706.068920208,0.6741834673756646,7.025672907063938,,587.4680710102481,152832264261.26614,6.40443417489961,100.0,87.63702160912263,1,s0100_h19_bh14,80.0
11.91753734926931,ALL_HALO_FLUX_COMPLETE,15,3.981071705534973,15924286.822139893,0.00010419453574879574,OK,8992880648.04319,ANGULAR_JUMP_CORRECTION_REQUIRED,False,MATCHING_RADIUS_OUTSIDE_CONSERVATIVE_KEPLER_DOMAIN,NONLOCAL_JUMP_OPERATOR_REQUIRED,19,10.0,795,SUBGRID_COUPLING_READY,40616041182.46648,40616041182.46648,,INTERFACE_COMPLETE,12.663460207890777,9612565.315209566,0.5784500379226423,7.325179037486292,,561.3920906317502,152832264261.26614,7.226592141324528,100.0,91.32467515464697,1,s0100_h19_bh15,80.0
10.659391388546714,ALL_HALO_FLUX_COMPLETE,16,5.011872336272724,20047489.345090896,0.00013117314882425476,OK,10479737405.642216,ANGULAR_JUMP_CORRECTION_REQUIRED,True,GEOMETRIC_FP_DOMAIN_PASS,NONLOCAL_JUMP_OPERATOR_REQUIRED,19,10.0,796,SUBGRID_COUPLING_READY,43231577169.88891,43231577169.88891,,INTERFACE_COMPLETE,15.250885308522777,7939459.421451126,0.4994302211082572,7.616753021732202,,547.9148260686125,152832264261.26614,8.274113780296688,100.0,95.66121001689685,1,s0100_h19_bh16,80.0
9.488019819206738,ALL_HALO_FLUX_COMPLETE,17,6.309573444801933,25238293.779207733,0.0001651372103999125,OK,12274299636.685629,ANGULAR_JUMP_CORRECTION_REQUIRED,True,GEOMETRIC_FP_DOMAIN_PASS,NONLOCAL_JUMP_OPERATOR_REQUIRED,19,10.0,797,SUBGRID_COUPLING_READY,46727881502.91647,46727881502.91647,,INTERFACE_COMPLETE,18.162764492274555,6542131.882561036,0.43502707105957483,7.9012942394190455,,512.5734055347978,152832264261.26614,9.614444322411074,100.0,100.73695607953651,1,s0100_h19_bh17,80.0
8.401195363821559,ALL_HALO_FLUX_COMPLETE,18,7.943282347242816,31773129.38897126,0.00020789543060524985,OK,14525262182.480293,ANGULAR_JUMP_CORRECTION_REQUIRED,True,GEOMETRIC_FP_DOMAIN_PASS,NONLOCAL_JUMP_OPERATOR_REQUIRED,19,10.0,798,SUBGRID_COUPLING_READY,51458046627.89645,51458046627.89645,,INTERFACE_COMPLETE,21.332772530480014,5380684.791814931,0.3835033737071228,8.18119023596572,,479.57706328211503,152832264261.26614,11.334937597307972,100.0,106.64456529883705,1,s0100_h19_bh18,80.0
7.395072716524152,ALL_HALO_FLUX_COMPLETE,19,10.0,40000000.0,0.00026172484058483987,SUBGRID_MASS_FRACTION_TOO_LARGE,17478586841.939594,ANGULAR_JUMP_CORRECTION_REQUIRED,True,GEOMETRIC_FP_DOMAIN_PASS,NONLOCAL_JUMP_OPERATOR_REQUIRED,19,10.0,799,RESOLVED_FP_REPLACEMENT_REQUIRED,57979736121.46963,57979736121.46963,,INTERFACE_COMPLETE,24.631645593796677,4419604.008041955,0.3434542317180942,8.459842913369817,,439.681499771074,152832264261.26614,13.549244893790666,100.0,113.47725796771945,1,s0100_h19_bh19,80.0
77.91114920953792,ALL_HALO_FLUX_COMPLETE,0,0.1,400000.0,0.00026172484058483987,OK,2649089.613413644,ANGULAR_JUMP_CORRECTION_REQUIRED,True,GEOMETRIC_FP_DOMAIN_PASS,NONLOCAL_JUMP_OPERATOR_REQUIRED,0,0.1,800,SUBGRID_COUPLING_READY,28477815.51940138,28477815.51940138,,INTERFACE_COMPLETE,5.30672717398466,615200.3632317602,0.002219058557999856,0.01177593835040105,,758.7695106074269,1528322642.6126614,13174.121226584804,1000.0,242.20297467289805,2,s1000_h00_bh00,80.0
75.7490970869254,ALL_HALO_FLUX_COMPLETE,1,0.1291549665014884,516619.8660059536,0.00033803063018342385,OK,3780799.154033051,ANGULAR_JUMP_CORRECTION_REQUIRED,True,GEOMETRIC_FP_DOMAIN_PASS,NONLOCAL_JUMP_OPERATOR_REQUIRED,0,0.1,801,SUBGRID_COUPLING_READY,28909418.10467455,28909418.10467455,,INTERFACE_COMPLETE,6.074285800914684,492894.1649401461,0.0020060811914282017,0.012185510496574336,,757.3109090733775,1528322642.6126614,18147.85075831627,1000.0,270.4951841435284,2,s1000_h00_bh01,80.0
75.40606621351415,ALL_HALO_FLUX_COMPLETE,2,0.16681005372000587,667240.2148800235,0.00043658334717817113,OK,5579650.92122836,PASS,True,GEOMETRIC_FP_DOMAIN_PASS,NONLOCAL_JUMP_OPERATOR_REQUIRED,0,0.1,802,SUBGRID_COUPLING_READY,29468186.743402265,29468186.743402265,,INTERFACE_COMPLETE,6.736938608762501,397473.1319222847,0.0018838501299974818,0.012691382673902293,,755.4405092474026,1528322642.6126614,24712.629689791447,1000.0,301.1380110533032,2,s1000_h00_bh02,80.0
77.20241022784815,ALL_HALO_FLUX_COMPLETE,3,0.21544346900318834,861773.8760127533,0.0005638690757990436,OK,8605531.795860983,PASS,True,GEOMETRIC_FP_DOMAIN_PASS,NONLOCAL_JUMP_OPERATOR_REQUIRED,0,0.1,803,SUBGRID_COUPLING_READY,30192099.29962501,30192099.29962501,,INTERFACE_COMPLETE,7.1958440520739915,322220.9041127542,0.001846648521351527,0.013288194778638617,,753.0468648333906,1528322642.6126614,33342.649393483756,1000.0,334.38931767615014,2,s1000_h00_bh03,80.0
81.50372209106163,ALL_HALO_FLUX_COMPLETE,4,0.2782559402207124,1113023.7608828498,0.000728264915960507,OK,14050794.940361097,PASS,True,GEOMETRIC_FP_DOMAIN_PASS,NONLOCAL_JUMP_OPERATOR_REQUIRED,0,0.1,804,SUBGRID_COUPLING_READY,31168926.686707888,31168926.686707888,,INTERFACE_COMPLETE,7.3610272276910615,262248.71938736894,0.0018975723197039369,0.013968081511853567,,718.377827664391,1528322642.6126614,44699.66060419477,1000.0,370.59767994721165,2,s1000_h00_bh04,80.0
88.57080075208808,ALL_HALO_FLUX_COMPLETE,5,0.35938136638046275,1437525.465521851,0.0009405903082508855,OK,24637813.464623004,PASS,True,GEOMETRIC_FP_DOMAIN_PASS,NONLOCAL_JUMP_OPERATOR_REQUIRED,0,0.1,805,SUBGRID_COUPLING_READY,32451140.331683226,32451140.331683226,,INTERFACE_COMPLETE,7.184406879558035,213986.5786579958,0.002048944103338047,0.014720448111851735,,714.5255049842136,1528322642.6126614,59732.0204582804,1000.0,410.21599719302736,2,s1000_h00_bh05,80.0
98.21373684410905,ALL_HALO_FLUX_COMPLETE,6,0.46415888336127786,1856635.5334451115,0.0012148190975376774,OK,47041869.35763559,PASS,True,GEOMETRIC_FP_DOMAIN_PASS,NONLOCAL_JUMP_OPERATOR_REQUIRED,0,0.1,806,SUBGRID_COUPLING_READY,47041869.35763559,47041869.35763559,,INTERFACE_COMPLETE,6.685709625833948,174846.8839438841,0.0023235712452839754,0.01553472264090605,,4.992590975730476,1528322642.6126614,79785.20401139699,1000.0,453.77113456427884,2,s1000_h00_bh06,80.0
109.27713149738017,ALL_HALO_FLUX_COMPLETE,7,0.5994842503189409,2397937.001275764,0.0015689991984784706,OK,98820149.01900397,PASS,True,GEOMETRIC_FP_DOMAIN_PASS,NONLOCAL_JUMP_OPERATOR_REQUIRED,0,0.1,807,SUBGRID_COUPLING_READY,98820149.01900397,98820149.01900397,,INTERFACE_COMPLETE,5.950735096436696,142950.45413817876,0.002756586594072502,0.01640371659171413,,4.143411620443258,1528322642.6126614,106718.95568934361,1000.0,501.81633848957586,2,s1000_h00_bh07,80.0
119.311325122358,ALL_HALO_FLUX_COMPLETE,8,0.774263682681127,3097054.730724508,0.00202644038920349,OK,229333306.3662139,PASS,True,GEOMETRIC_FP_DOMAIN_PASS,NONLOCAL_JUMP_OPERATOR_REQUIRED,0,0.1,808,SUBGRID_COUPLING_READY,229333306.3662139,229333306.3662139,,INTERFACE_COMPLETE,5.0985012835078605,116903.26516614485,0.003398223489038301,0.017325846820508337,,3.3741931882929963,1528322642.6126614,143035.90400913218,1000.0,554.8905825032477,2,s1000_h00_bh08,80.0
125.05830467766833,ALL_HALO_FLUX_COMPLETE,9,1.0,4000000.0,0.0026172484058483987,OK,586150789.6030847,PASS,True,GEOMETRIC_FP_DOMAIN_PASS,NONLOCAL_JUMP_OPERATOR_REQUIRED,0,0.1,809,SUBGRID_COUPLING_READY,586150789.6030847,586150789.6030847,,INTERFACE_COMPLETE,4.2390072350242916,95628.78918496893,0.004318206823094667,0.018304909965429553,,2.7071828285054313,1528322642.6126614,192052.05447835108,1000.0,613.5079504691153,2,s1000_h00_bh09,80.0
124.3584433030471,ALL_HALO_FLUX_COMPLETE,10,1.2589254117941673,5035701.647176669,0.0032949205271003233,OK,1470700198.2163901,PASS,True,GEOMETRIC_FP_DOMAIN_PASS,NONLOCAL_JUMP_OPERATOR_REQUIRED,0,0.1,810,SUBGRID_COUPLING_READY,1470700198.2163901,1470700198.2163901,,INTERFACE_COMPLETE,3.5221056019288786,79844.09893979311,0.005462851452220919,0.019240739702372608,,2.199520944378699,1528322642.6126614,250613.86006917735,1000.0,671.4252978665555,2,s1000_h00_bh10,80.0
117.52534632631472,ALL_HALO_FLUX_COMPLETE,11,1.5848931924611136,6339572.769844455,0.004148059181408829,OK,3928460071.989987,PASS,True,GEOMETRIC_FP_DOMAIN_PASS,NONLOCAL_JUMP_OPERATOR_REQUIRED,0,0.1,811,SUBGRID_COUPLING_READY,3928460071.989987,3928460071.989987,,INTERFACE_COMPLETE,2.8886558698746905,66699.45941369048,0.007004956576903087,0.02023490893408842,,1.7756323555374571,1528322642.6126614,327143.4347870653,1000.0,734.6363144259649,2,s1000_h00_bh11,80.0
105.57933503460839,ALL_HALO_FLUX_COMPLETE,12,1.9952623149688797,7981049.259875519,0.005222097113101686,OK,11069488670.114277,PASS,True,GEOMETRIC_FP_DOMAIN_PASS,NONLOCAL_JUMP_OPERATOR_REQUIRED,0,0.1,812,SUBGRID_COUPLING_READY,11069488670.114277,11069488670.114277,,INTERFACE_COMPLETE,2.3474584826110623,55753.88882405585,0.009071021261233483,0.021293845805627837,,1.4269497447626294,1528322642.6126614,427004.2669706061,1000.0,803.5663332204134,2,s1000_h00_bh12,80.0
90.50307518997607,ALL_HALO_FLUX_COMPLETE,13,2.51188643150958,10047545.72603832,0.006574230758540672,OK,32600423857.97901,PASS,True,GEOMETRIC_FP_DOMAIN_PASS,NONLOCAL_JUMP_OPERATOR_REQUIRED,0,0.1,813,SUBGRID_COUPLING_READY,32600423857.97901,32600423857.97901,,INTERFACE_COMPLETE,1.895465018332092,46636.76977073293,0.011830187513403386,0.022423706591965235,,1.1431097258979226,1528322642.6126614,557138.8089965209,1000.0,878.6889050468285,2,s1000_h00_bh13,80.0
74.4368987876795,ALL_HALO_FLUX_COMPLETE,14,3.1622776601683795,12649110.640673518,0.008276466164925696,OK,99393793341.88567,PASS,True,GEOMETRIC_FP_DOMAIN_PASS,NONLOCAL_JUMP_OPERATOR_REQUIRED,0,0.1,814,SUBGRID_COUPLING_READY,99393793341.88567,99393793341.88567,,INTERFACE_COMPLETE,1.5236925401761443,39038.36085316524,0.015508620651039253,0.023630369594410207,,0.9137049674373009,1528322642.6126614,726545.7375858886,1000.0,960.5286553214353,2,s1000_h00_bh14,80.0
59.09355642388011,ALL_HALO_FLUX_COMPLETE,15,3.981071705534973,15924286.822139893,0.010419453574879575,OK,310372139361.1885,PASS,True,GEOMETRIC_FP_DOMAIN_PASS,NONLOCAL_JUMP_OPERATOR_REQUIRED,0,0.1,815,SUBGRID_COUPLING_READY,310372139361.1885,310372139361.1885,,INTERFACE_COMPLETE,1.2210261649327139,32700.941116123726,0.02040864735023139,0.02491949240551723,,0.7292010426007214,1528322642.6126614,946903.0470268952,1000.0,1049.6741922727128,2,s1000_h00_bh15,80.0
45.53644945672895,ALL_HALO_FLUX_COMPLETE,16,5.011872336272724,20047489.345090896,0.013117314882425476,OK,979387451754.4603,PASS,True,GEOMETRIC_FP_DOMAIN_PASS,PASS,0,0.1,816,SUBGRID_COUPLING_READY,979387451754.4603,979387451754.4603,,INTERFACE_COMPLETE,0.9763261673625032,27410.733538586184,0.026934236465976116,0.026296599859661835,,0.5813064342903291,1528322642.6126614,1233386.220190398,1000.0,1146.7818666011644,2,s1000_h00_bh16,80.0
34.22891437985782,ALL_HALO_FLUX_COMPLETE,17,6.309573444801933,25238293.779207733,0.01651372103999125,OK,3065591484587.361,PASS,True,GEOMETRIC_FP_DOMAIN_PASS,PASS,0,0.1,817,SUBGRID_COUPLING_READY,3065591484587.361,3065591484587.361,,INTERFACE_COMPLETE,0.779429969295068,22990.696237266624,0.03562492535493178,0.02776713447553357,,0.4630323462240292,1528322642.6126614,1605750.2045562512,1000.0,1252.5858500425263,2,s1000_h00_bh17,80.0
25.203434313926326,ALL_HALO_FLUX_COMPLETE,18,7.943282347242816,31773129.38897126,0.020789543060524985,SUBGRID_MASS_FRACTION_TOO_LARGE,9272761662859.008,PASS,True,GEOMETRIC_FP_DOMAIN_PASS,PASS,0,0.1,818,RESOLVED_FP_REPLACEMENT_REQUIRED,9272761662859.008,9272761662859.008,,INTERFACE_COMPLETE,0.6215225948526034,19294.283112609966,0.047200941925401696,0.0293364519049627,,0.36860124456072224,1528322642.6126614,2089773.2841777392,1000.0,1367.916835965234,2,s1000_h00_bh18,80.0
18.241632374620888,ALL_HALO_FLUX_COMPLETE,19,10.0,40000000.0,0.026172484058483988,SUBGRID_MASS_FRACTION_TOO_LARGE,26218770087203.668,PASS,True,GEOMETRIC_FP_DOMAIN_PASS,PASS,0,0.1,819,RESOLVED_FP_REPLACEMENT_REQUIRED,26218770087203.668,26218770087203.668,,INTERFACE_COMPLETE,0.49518057029585344,16200.159240823386,0.06262310944694298,0.031009747049636868,,0.29329543976040473,1528322642.6126614,2719210.658856672,1000.0,1493.7140706682198,2,s1000_h00_bh19,80.0
86.78419656641391,ALL_HALO_FLUX_COMPLETE,0,0.1,400000.0,0.00020264403892034902,OK,2880503.8747809986,ANGULAR_JUMP_CORRECTION_REQUIRED,True,GEOMETRIC_FP_DOMAIN_PASS,NONLOCAL_JUMP_OPERATOR_REQUIRED,1,0.1291549665014884,820,SUBGRID_COUPLING_READY,43537133.9541296,43537133.9541296,,INTERFACE_COMPLETE,4.920324306900358,773323.6357097796,0.0030084756131950525,0.014802675686320578,,863.4769540645035,1973904597.101045,7319.872510517604,1000.0,216.2183527200219,2,s1000_h01_bh00,80.0
82.59601441122655,ALL_HALO_FLUX_COMPLETE,1,0.1291549665014884,516619.8660059536,0.00026172484058483987,OK,4021350.910651999,ANGULAR_JUMP_CORRECTION_REQUIRED,True,GEOMETRIC_FP_DOMAIN_PASS,NONLOCAL_JUMP_OPERATOR_REQUIRED,1,0.1291549665014884,821,SUBGRID_COUPLING_READY,44024330.298559815,44024330.298559815,,INTERFACE_COMPLETE,5.779147746938198,614843.4958622693,0.002630212496925375,0.015200386625574974,,862.2293817031252,1973904597.101045,10219.804802236808,1000.0,242.35765798277896,2,s1000_h01_bh01,80.0
80.02718216437295,ALL_HALO_FLUX_COMPLETE,2,0.16681005372000587,667240.2148800235,0.0003380306301834238,OK,5767736.643353239,ANGULAR_JUMP_CORRECTION_REQUIRED,True,GEOMETRIC_FP_DOMAIN_PASS,NONLOCAL_JUMP_OPERATOR_REQUIRED,1,0.1291549665014884,822,SUBGRID_COUPLING_READY,44654272.929252066,44654272.929252066,,INTERFACE_COMPLETE,6.615036716548617,492669.5353249888,0.002378069875237847,0.015731019539216545,,860.6280078084716,1973904597.101045,14072.857524612675,1000.0,270.6334573988975,2,s1000_h01_bh02,80.0
79.28425112900604,ALL_HALO_FLUX_COMPLETE,3,0.21544346900318834,861773.8760127533,0.0004365833471781711,OK,8567478.255343696,PASS,True,GEOMETRIC_FP_DOMAIN_PASS,NONLOCAL_JUMP_OPERATOR_REQUIRED,1,0.1291549665014884,823,SUBGRID_COUPLING_READY,45469730.46925662,45469730.46925662,,INTERFACE_COMPLETE,7.336680840303454,397328.35149268375,0.002233377836729659,0.016385580383892866,,858.5742058859211,1973904597.101045,19158.068559145013,1000.0,301.26380772456093,2,s1000_h01_bh03,80.0
80.63307888651154,ALL_HALO_FLUX_COMPLETE,4,0.2782559402207124,1113023.7608828498,0.0005638690757990436,OK,13326632.561378652,PASS,True,GEOMETRIC_FP_DOMAIN_PASS,NONLOCAL_JUMP_OPERATOR_REQUIRED,1,0.1291549665014884,824,SUBGRID_COUPLING_READY,46577297.161296375,46577297.161296375,,INTERFACE_COMPLETE,7.8364394055775,322125.4635207258,0.0021894229255128425,0.01715728008896361,,820.0853274642723,1973904597.101045,25842.76165872522,1000.0,334.5047509879029,2,s1000_h01_bh04,80.0
84.33898439666001,ALL_HALO_FLUX_COMPLETE,5,0.35938136638046275,1437525.465521851,0.0007282649159605072,OK,21999313.98394628,PASS,True,GEOMETRIC_FP_DOMAIN_PASS,NONLOCAL_JUMP_OPERATOR_REQUIRED,1,0.1291549665014884,825,SUBGRID_COUPLING_READY,48019402.94457943,48019402.94457943,,INTERFACE_COMPLETE,8.016327676804135,262184.3916127893,0.002249913741488994,0.018036045796320167,,816.7580244776256,1973904597.101045,34639.50628822862,1000.0,370.7049056946722,2,s1000_h01_bh05,80.0
90.49257282852902,ALL_HALO_FLUX_COMPLETE,6,0.46415888336127786,1856635.5334451115,0.0009405903082508854,OK,39108517.52192744,PASS,True,GEOMETRIC_FP_DOMAIN_PASS,NONLOCAL_JUMP_OPERATOR_REQUIRED,1,0.1291549665014884,826,SUBGRID_COUPLING_READY,49948497.42952893,49948497.42952893,,INTERFACE_COMPLETE,7.823984062084311,213942.2148484209,0.0024294845260093094,0.019008248210577294,,778.1346820509009,1973904597.101045,46282.88326393727,1000.0,410.31799878612446,2,s1000_h01_bh06,80.0
98.6625351932341,ALL_HALO_FLUX_COMPLETE,7,0.5994842503189409,2397937.001275764,0.0012148190975376774,OK,75903678.16487186,PASS,True,GEOMETRIC_FP_DOMAIN_PASS,NONLOCAL_JUMP_OPERATOR_REQUIRED,1,0.1291549665014884,827,SUBGRID_COUPLING_READY,75903678.16487186,75903678.16487186,,INTERFACE_COMPLETE,7.280891301560877,174815.50548569046,0.0027551935993362165,0.020060265111523264,,5.43704621376121,1973904597.101045,61815.248892445,1000.0,453.8699646730215,2,s1000_h01_bh07,80.0
107.46448749710369,ALL_HALO_FLUX_COMPLETE,8,0.774263682681127,3097054.730724508,0.0015689991984784706,OK,162399673.47805193,PASS,True,GEOMETRIC_FP_DOMAIN_PASS,NONLOCAL_JUMP_OPERATOR_REQUIRED,1,0.1291549665014884,828,SUBGRID_COUPLING_READY,162399673.47805193,162399673.47805193,,INTERFACE_COMPLETE,6.480487162368195,142927.5905906149,0.0032687089114479704,0.021182826138157092,,4.512270396773063,1973904597.101045,82677.42083469851,1000.0,501.914786461448,2,s1000_h01_bh08,80.0
114.44496194787709,ALL_HALO_FLUX_COMPLETE,9,1.0,4000000.0,0.00202644038920349,OK,384167836.57086515,PASS,True,GEOMETRIC_FP_DOMAIN_PASS,NONLOCAL_JUMP_OPERATOR_REQUIRED,1,0.1291549665014884,829,SUBGRID_COUPLING_READY,384167836.57086515,384167836.57086515,,INTERFACE_COMPLETE,5.552384970871155,116886.00017913085,0.004029599347739055,0.022373886857018535,,3.674573861164922,1973904597.101045,110808.57789326482,1000.0,554.9920978412097,2,s1000_h01_bh09,80.0
116.82522658431799,ALL_HALO_FLUX_COMPLETE,10,1.2589254117941673,5035701.647176669,0.0025511373014543365,OK,905426597.5103785,PASS,True,GEOMETRIC_FP_DOMAIN_PASS,NONLOCAL_JUMP_OPERATOR_REQUIRED,1,0.1291549665014884,830,SUBGRID_COUPLING_READY,905426597.5103785,905426597.5103785,,INTERFACE_COMPLETE,4.707656248682401,97553.54661049783,0.00499364034217867,0.023508342160529938,,3.0155046052281125,1973904597.101045,144449.78029295302,1000.0,607.4911172241178,2,s1000_h01_bh10,80.0
114.03119426988343,ALL_HALO_FLUX_COMPLETE,11,1.5848931924611136,6339572.769844455,0.0032116915777768615,OK,2290709802.124081,PASS,True,GEOMETRIC_FP_DOMAIN_PASS,NONLOCAL_JUMP_OPERATOR_REQUIRED,1,0.1291549665014884,831,SUBGRID_COUPLING_READY,2290709802.124081,2290709802.124081,,INTERFACE_COMPLETE,3.9182563834407937,81447.10135284682,0.006306112627961534,0.02470896605920688,,2.4521134025787323,1973904597.101045,188484.58700195307,1000.0,664.8560865304626,2,s1000_h01_bh11,80.0
105.96473238936339,ALL_HALO_FLUX_COMPLETE,12,1.9952623149688797,7981049.259875519,0.004043280142108594,OK,6165704312.875,PASS,True,GEOMETRIC_FP_DOMAIN_PASS,NONLOCAL_JUMP_OPERATOR_REQUIRED,1,0.1291549665014884,832,SUBGRID_COUPLING_READY,6165704312.875,6165704312.875,,INTERFACE_COMPLETE,3.2175364658904053,68033.87990615489,0.008075709750409886,0.02598389060989051,,1.9807550469687063,1973904597.101045,246044.28845442468,1000.0,727.4759227315121,2,s1000_h01_bh12,80.0
93.80344967281839,ALL_HALO_FLUX_COMPLETE,13,2.51188643150958,10047545.72603832,0.005090188117903239,OK,17486695891.775284,PASS,True,GEOMETRIC_FP_DOMAIN_PASS,NONLOCAL_JUMP_OPERATOR_REQUIRED,1,0.1291549665014884,833,SUBGRID_COUPLING_READY,17486695891.775284,17486695891.775284,,INTERFACE_COMPLETE,2.6169896145010396,56864.46389191146,0.010447632556707722,0.027341345897027053,,1.5924736045411445,1973904597.101045,321173.92237185466,1000.0,795.7745545299578,2,s1000_h01_bh13,80.0
79.40964435194313,ALL_HALO_FLUX_COMPLETE,14,3.1622776601683795,12649110.640673518,0.006408167172441114,OK,51742276683.92959,PASS,True,GEOMETRIC_FP_DOMAIN_PASS,NONLOCAL_JUMP_OPERATOR_REQUIRED,1,0.1291549665014884,834,SUBGRID_COUPLING_READY,51742276683.92959,51742276683.92959,,INTERFACE_COMPLETE,2.1143721578382815,47561.09601644065,0.013615994362401566,0.028789279381144877,,1.2760888036294615,1973904597.101045,419109.851646681,1000.0,870.2215767612718,2,s1000_h01_bh14,80.0
64.63457687206984,ALL_HALO_FLUX_COMPLETE,15,3.981071705534973,15924286.822139893,0.008067404496411294,OK,158057400060.32336,PASS,True,GEOMETRIC_FP_DOMAIN_PASS,NONLOCAL_JUMP_OPERATOR_REQUIRED,1,0.1291549665014884,835,SUBGRID_COUPLING_READY,158057400060.32336,158057400060.32336,,INTERFACE_COMPLETE,1.7003777277190564,39807.86105537031,0.017840309123235094,0.03033526428877204,,1.020210605919442,1973904597.101045,546642.1428354968,1000.0,951.3411821148505,2,s1000_h01_bh15,80.0
50.870937600760065,ALL_HALO_FLUX_COMPLETE,16,5.011872336272724,20047489.345090896,0.010156260527754705,OK,492343128954.9675,PASS,True,GEOMETRIC_FP_DOMAIN_PASS,NONLOCAL_JUMP_OPERATOR_REQUIRED,1,0.1291549665014884,836,SUBGRID_COUPLING_READY,492343128954.9675,492343128954.9675,,INTERFACE_COMPLETE,1.3630162591102766,33341.701381777326,0.02346743703053063,0.03198649823225984,,0.8143204666077064,1973904597.101045,712592.2475630624,1000.0,1039.7208105622192,2,s1000_h01_bh16,80.0
38.92285685416295,ALL_HALO_FLUX_COMPLETE,17,6.309573444801933,25238293.779207733,0.012785974467192436,OK,1539022690057.1174,PASS,True,GEOMETRIC_FP_DOMAIN_PASS,PASS,1,0.1291549665014884,837,SUBGRID_COUPLING_READY,1539022690057.1174,1539022690057.1174,,INTERFACE_COMPLETE,1.0900896733705612,27944.390687146097,0.03096074191288382,0.03374998503912577,,0.6492314222222706,1973904597.101045,928434.2781753932,1000.0,1136.0175633095434,2,s1000_h01_bh17,80.0
29.087100032869408,ALL_HALO_FLUX_COMPLETE,18,7.943282347242816,31773129.38897126,0.016096588171299945,OK,4721440598533.987,PASS,True,GEOMETRIC_FP_DOMAIN_PASS,PASS,1,0.1291549665014884,838,SUBGRID_COUPLING_READY,4721440598533.987,4721440598533.987,,INTERFACE_COMPLETE,0.8703830116375627,23435.151436963213,0.04093891219453143,0.035632533689042005,,0.5171776050585408,1973904597.101045,1209127.1190478355,1000.0,1240.972659503943,2,s1000_h01_bh18,80.0
21.31435323411366,ALL_HALO_FLUX_COMPLETE,19,10.0,40000000.0,0.0202644038920349,SUBGRID_MASS_FRACTION_TOO_LARGE,13795523274996.344,PASS,True,GEOMETRIC_FP_DOMAIN_PASS,PASS,1,0.1291549665014884,839,RESOLVED_FP_REPLACEMENT_REQUIRED,13795523274996.344,13795523274996.344,,INTERFACE_COMPLETE,0.694126847811815,19664.346813104064,0.054227504949869255,0.03764076707555234,,0.4117281988377781,1973904597.101045,1574226.839342723,1000.0,1355.421929737022,2,s1000_h01_bh19,80.0
98.05715699565599,ALL_HALO_FLUX_COMPLETE,0,0.1,400000.0,0.0001568999198478471,OK,3196913.042548214,ANGULAR_JUMP_CORRECTION_REQUIRED,True,GEOMETRIC_FP_DOMAIN_PASS,NONLOCAL_JUMP_OPERATOR_REQUIRED,2,0.16681005372000587,840,SUBGRID_COUPLING_READY,66728136.85720124,66728136.85720124,,INTERFACE_COMPLETE,4.468906629582675,979728.0501773269,0.00419646109919108,0.01875359282696082,,982.0794164465073,2549395821.1571937,4017.6900080172836,1000.0,192.35623070671014,2,s1000_h02_bh00,80.0
91.87065546577222,ALL_HALO_FLUX_COMPLETE,1,0.1291549665014884,516619.8660059536,0.00020264403892034905,OK,4389295.6945107225,ANGULAR_JUMP_CORRECTION_REQUIRED,True,GEOMETRIC_FP_DOMAIN_PASS,NONLOCAL_JUMP_OPERATOR_REQUIRED,2,0.16681005372000587,841,SUBGRID_COUPLING_READY,67278184.96232703,67278184.96232703,,INTERFACE_COMPLETE,5.358346151998864,772636.3220713073,0.003564793737106627,0.019101398803894946,,981.0149697340541,2549395821.1571937,5683.7796834595365,1000.0,216.42510039329287,2,s1000_h02_bh01,80.0
87.18800797212295,ALL_HALO_FLUX_COMPLETE,2,0.16681005372000587,667240.2148800235,0.00026172484058483987,OK,6151888.721857217,ANGULAR_JUMP_CORRECTION_REQUIRED,True,GEOMETRIC_FP_DOMAIN_PASS,NONLOCAL_JUMP_OPERATOR_REQUIRED,2,0.16681005372000587,842,SUBGRID_COUPLING_READY,67997415.01739258,67997415.01739258,,INTERFACE_COMPLETE,6.293624598730417,614421.4995378414,0.003117214815459349,0.019618579842101854,,938.9875954131604,2549395821.1571937,7930.791793479682,1000.0,242.54068846035017,2,s1000_h02_bh02,80.0
84.14709768851583,ALL_HALO_FLUX_COMPLETE,3,0.21544346900318834,861773.8760127533,0.0003380306301834238,OK,8869185.578444488,ANGULAR_JUMP_CORRECTION_REQUIRED,True,GEOMETRIC_FP_DOMAIN_PASS,NONLOCAL_JUMP_OPERATOR_REQUIRED,2,0.16681005372000587,843,SUBGRID_COUPLING_READY,68967075.0750004,68967075.0750004,,INTERFACE_COMPLETE,7.2039268805391,492403.71690351114,0.0028188002408092504,0.020306430825635848,,937.243662470711,2549395821.1571937,10915.953243162845,1000.0,270.7979717384971,2,s1000_h02_bh03,80.0
82.91848986490095,ALL_HALO_FLUX_COMPLETE,4,0.2782559402207124,1113023.7608828498,0.00043658334717817113,OK,13263681.5516188,PASS,True,GEOMETRIC_FP_DOMAIN_PASS,NONLOCAL_JUMP_OPERATOR_REQUIRED,2,0.16681005372000587,844,SUBGRID_COUPLING_READY,70222229.2451434,70222229.2451434,,INTERFACE_COMPLETE,7.989813901890763,397156.9572088024,0.002647578803333316,0.021153661929223837,,935.0070250171151,2549395821.1571937,14855.421296519973,1000.0,301.4127557688211,2,s1000_h02_bh04,80.0
83.7044202070379,ALL_HALO_FLUX_COMPLETE,5,0.35938136638046275,1437525.465521851,0.0005638690757990437,OK,20813170.27169581,PASS,True,GEOMETRIC_FP_DOMAIN_PASS,NONLOCAL_JUMP_OPERATOR_REQUIRED,2,0.16681005372000587,845,SUBGRID_COUPLING_READY,71848014.39788847,71848014.39788847,,INTERFACE_COMPLETE,8.534062455062173,322012.4442801861,0.0025956810967934503,0.022151704593459588,,932.1441103950041,2549395821.1571937,20033.69634858325,1000.0,334.6412988126271,2,s1000_h02_bh05,80.0
86.66107177467957,ALL_HALO_FLUX_COMPLETE,6,0.46415888336127786,1856635.5334451115,0.000728264915960507,OK,34743942.47943814,PASS,True,GEOMETRIC_FP_DOMAIN_PASS,NONLOCAL_JUMP_OPERATOR_REQUIRED,2,0.16681005372000587,846,SUBGRID_COUPLING_READY,74021611.72370632,74021611.72370632,,INTERFACE_COMPLETE,8.729964913069931,262108.19562950789,0.0026675570073354878,0.023287679077652636,,889.4682432692873,2549395821.1571937,26847.81489638522,1000.0,370.8324681781052,2,s1000_h02_bh06,80.0
91.70955015739914,ALL_HALO_FLUX_COMPLETE,7,0.5994842503189409,2397937.001275764,0.0009405903082508854,OK,62621934.73150893,PASS,True,GEOMETRIC_FP_DOMAIN_PASS,NONLOCAL_JUMP_OPERATOR_REQUIRED,2,0.16681005372000587,847,SUBGRID_COUPLING_READY,76898537.23657331,76898537.23657331,,INTERFACE_COMPLETE,8.520498299995173,213889.66185630232,0.0028805904576246284,0.024544066097172964,,884.8580271129806,2549395821.1571937,35866.88728659717,1000.0,410.43880805423277,2,s1000_h02_bh07,80.0
98.2085418762614,ALL_HALO_FLUX_COMPLETE,8,0.774263682681127,3097054.730724508,0.0012148190975376774,OK,123522209.3519996,PASS,True,GEOMETRIC_FP_DOMAIN_PASS,NONLOCAL_JUMP_OPERATOR_REQUIRED,2,0.16681005372000587,848,SUBGRID_COUPLING_READY,123522209.3519996,123522209.3519996,,INTERFACE_COMPLETE,7.929057813146135,174778.3329348641,0.0032668849281142554,0.025903319463913686,,5.921068173675106,2549395821.1571937,47898.447100393314,1000.0,453.98736635656127,2,s1000_h02_bh08,80.0
104.63192358381815,ALL_HALO_FLUX_COMPLETE,9,1.0,4000000.0,0.0015689991984784708,OK,269038254.31053627,PASS,True,GEOMETRIC_FP_DOMAIN_PASS,NONLOCAL_JUMP_OPERATOR_REQUIRED,2,0.16681005372000587,849,SUBGRID_COUPLING_READY,269038254.31053627,269038254.31053627,,INTERFACE_COMPLETE,7.057399326474236,142900.50563839282,0.003875859397466887,0.027353487501191646,,4.913966074028669,2549395821.1571937,64058.9068742559,1000.0,502.03216676488427,2,s1000_h02_bh09,80.0
108.43114226106938,ALL_HALO_FLUX_COMPLETE,10,1.2589254117941673,5035701.647176669,0.0019752529620492274,OK,591026929.0662047,PASS,True,GEOMETRIC_FP_DOMAIN_PASS,NONLOCAL_JUMP_OPERATOR_REQUIRED,2,0.16681005372000587,850,SUBGRID_COUPLING_READY,591026929.0662047,591026929.0662047,,INTERFACE_COMPLETE,6.150018114138013,119238.67598651075,0.004672181336483524,0.028733999851911225,,4.08774384403231,2549395821.1571937,83366.02167154262,1000.0,549.5635405331817,2,s1000_h02_bh10,80.0
108.56730360664803,ALL_HALO_FLUX_COMPLETE,11,1.5848931924611136,6339572.769844455,0.0024866961486454723,OK,1403792155.6458836,PASS,True,GEOMETRIC_FP_DOMAIN_PASS,NONLOCAL_JUMP_OPERATOR_REQUIRED,2,0.16681005372000587,851,SUBGRID_COUPLING_READY,1403792155.6458836,1403792155.6458836,,INTERFACE_COMPLETE,5.226926930955956,99514.7807409434,0.00577590579986522,0.030190237575980217,,3.3585628803774608,2549395821.1571937,108658.51040536542,1000.0,601.5520473167264,2,s1000_h02_bh11,80.0
104.06717052263674,ALL_HALO_FLUX_COMPLETE,12,1.9952623149688797,7981049.259875519,0.0031305649729404706,OK,3578249075.2409353,PASS,True,GEOMETRIC_FP_DOMAIN_PASS,NONLOCAL_JUMP_OPERATOR_REQUIRED,2,0.16681005372000587,852,SUBGRID_COUPLING_READY,3578249075.2409353,3578249075.2409353,,INTERFACE_COMPLETE,4.358251620475856,83080.79742817242,0.007280602093025356,0.031730695869967664,,2.733496088570883,2549395821.1571937,141771.4911381841,1000.0,658.3693170801444,2,s1000_h02_bh12,80.0
95.14542535010634,ALL_HALO_FLUX_COMPLETE,13,2.51188643150958,10047545.72603832,0.003941147797707477,OK,9696687555.225666,PASS,True,GEOMETRIC_FP_DOMAIN_PASS,NONLOCAL_JUMP_OPERATOR_REQUIRED,2,0.16681005372000587,853,SUBGRID_COUPLING_READY,9696687555.225666,9696687555.225666,,INTERFACE_COMPLETE,3.583442842262852,69393.79113900824,0.009311058883253938,0.03336564730908427,,2.2094469069716443,2549395821.1571937,185067.18123236415,1000.0,720.405682320393,2,s1000_h02_bh13,80.0
83.04689150794908,ALL_HALO_FLUX_COMPLETE,14,3.1622776601683795,12649110.640673518,0.004961611114170562,OK,27651667290.18082,PASS,True,GEOMETRIC_FP_DOMAIN_PASS,NONLOCAL_JUMP_OPERATOR_REQUIRED,2,0.16681005372000587,854,SUBGRID_COUPLING_READY,27651667290.18082,27651667290.18082,,INTERFACE_COMPLETE,2.9172294352898143,57996.14766143455,0.01203393053073896,0.03510573636650447,,1.7771260092781425,2549395821.1571937,241595.87398293958,1000.0,788.080724212809,2,s1000_h02_bh14,80.0
69.47057338888648,ALL_HALO_FLUX_COMPLETE,15,3.981071705534973,15924286.822139893,0.006246298315069692,OK,82091852364.41501,PASS,True,GEOMETRIC_FP_DOMAIN_PASS,NONLOCAL_JUMP_OPERATOR_REQUIRED,2,0.16681005372000587,855,SUBGRID_COUPLING_READY,82091852364.41501,82091852364.41501,,INTERFACE_COMPLETE,2.3584286304794233,48502.85924413208,0.0156719682372026,0.03696121858658275,,1.4244983021462196,2549395821.1571937,315307.8724316319,1000.0,861.8626637391095,2,s1000_h02_bh15,80.0
55.98640082676527,ALL_HALO_FLUX_COMPLETE,16,5.011872336272724,20047489.345090896,0.007863623678488325,OK,250736583052.8435,PASS,True,GEOMETRIC_FP_DOMAIN_PASS,NONLOCAL_JUMP_OPERATOR_REQUIRED,2,0.16681005372000587,856,SUBGRID_COUPLING_READY,250736583052.8435,250736583052.8435,,INTERFACE_COMPLETE,1.8974759673087065,40591.65947701972,0.020522934674396302,0.03894177532331352,,1.1391085080802579,2549395821.1571937,411330.4203824484,1000.0,942.2742413056695,2,s1000_h02_bh16,80.0
43.70481486664358,ALL_HALO_FLUX_COMPLETE,17,6.309573444801933,25238293.779207733,0.009899715677635278,OK,776657222694.0142,PASS,True,GEOMETRIC_FP_DOMAIN_PASS,NONLOCAL_JUMP_OPERATOR_REQUIRED,2,0.16681005372000587,857,SUBGRID_COUPLING_READY,776657222694.0142,776657222694.0142,,INTERFACE_COMPLETE,1.521475872481787,33994.14429716985,0.026984724220107042,0.04105660682646777,,0.9093632713618826,2549395821.1571937,536329.0162153009,1000.0,1029.9033446012224,2,s1000_h02_bh17,80.0
33.215122826239295,ALL_HALO_FLUX_COMPLETE,18,7.943282347242816,31773129.38897126,0.012463003636112165,OK,2393392610578.8984,PASS,True,GEOMETRIC_FP_DOMAIN_PASS,PASS,2,0.16681005372000587,858,SUBGRID_COUPLING_READY,2393392610578.8984,2393392610578.8984,,INTERFACE_COMPLETE,1.2170847118447994,28487.52323257797,0.03558875745913438,0.04331453261706502,,0.7250859353723713,2549395821.1571937,698985.9008122004,1000.0,1125.4104347979487,2,s1000_h02_bh18,80.0
24.68424125102967,ALL_HALO_FLUX_COMPLETE,19,10.0,40000000.0,0.01568999198478471,SUBGRID_MASS_FRACTION_TOO_LARGE,7148140851194.225,PASS,True,GEOMETRIC_FP_DOMAIN_PASS,PASS,2,0.16681005372000587,859,RESOLVED_FP_REPLACEMENT_REQUIRED,7148140851194.225,7148140851194.225,,INTERFACE_COMPLETE,0.9719353467184183,23887.232605012217,0.04704434239651611,0.04572405923829787,,0.5776500541618098,2549395821.1571937,910637.2845820258,1000.0,1229.5403984025286,2,s1000_h02_bh19,80.0
111.7987941140837,ALL_HALO_FLUX_COMPLETE,0,0.1,400000.0,0.00012148190975376777,OK,3612271.348981369,ANGULAR_JUMP_CORRECTION_REQUIRED,True,GEOMETRIC_FP_DOMAIN_PASS,NONLOCAL_JUMP_OPERATOR_REQUIRED,3,0.21544346900318834,860,SUBGRID_COUPLING_READY,102506460.64926113,102506460.64926113,,INTERFACE_COMPLETE,3.9931311414132593,1252006.6498331241,0.006001668481415946,0.02396544931358044,,1070.4072108129978,3292671318.8059177,2177.914245027888,1000.0,170.5116016661323,2,s1000_h03_bh00,80.0
103.58674765758428,ALL_HALO_FLUX_COMPLETE,1,0.1291549665014884,516619.8660059536,0.00015689991984784712,OK,4894975.632339555,ANGULAR_JUMP_CORRECTION_REQUIRED,True,GEOMETRIC_FP_DOMAIN_PASS,NONLOCAL_JUMP_OPERATOR_REQUIRED,3,0.21544346900318834,861,SUBGRID_COUPLING_READY,103162233.81413558,103162233.81413558,,INTERFACE_COMPLETE,4.866741935828132,978373.1728708125,0.00496999863116798,0.02418770075931362,,1069.5070352768116,3292671318.8059177,3124.2951779040254,1000.0,192.6347269706798,2,s1000_h03_bh01,80.0
96.8207215039229,ALL_HALO_FLUX_COMPLETE,2,0.16681005372000587,667240.2148800235,0.00020264403892034907,OK,6741764.854211982,ANGULAR_JUMP_CORRECTION_REQUIRED,True,GEOMETRIC_FP_DOMAIN_PASS,NONLOCAL_JUMP_OPERATOR_REQUIRED,3,0.21544346900318834,862,SUBGRID_COUPLING_READY,104010258.94555265,104010258.94555265,,INTERFACE_COMPLETE,5.835361999284254,771824.9113159907,0.0042233021276541815,0.02464449674720955,,1068.3478283648442,3292671318.8059177,4415.6876610325535,1000.0,216.66942847315698,2,s1000_h03_bh02,80.0
91.59036977908775,ALL_HALO_FLUX_COMPLETE,3,0.21544346900318834,861773.8760127533,0.00026172484058483987,OK,9487714.947197283,ANGULAR_JUMP_CORRECTION_REQUIRED,True,GEOMETRIC_FP_DOMAIN_PASS,NONLOCAL_JUMP_OPERATOR_REQUIRED,3,0.21544346900318834,863,SUBGRID_COUPLING_READY,105107274.81276669,105107274.81276669,,INTERFACE_COMPLETE,6.853901703885257,613922.7639048699,0.0036939255568220666,0.02531780266792806,,1066.8563493103359,3292671318.8059177,6157.019093452275,1000.0,242.757631686256,2,s1000_h03_bh03,80.0
88.00899962821698,ALL_HALO_FLUX_COMPLETE,4,0.2782559402207124,1113023.7608828498,0.0003380306301834239,OK,13751611.169399358,ANGULAR_JUMP_CORRECTION_REQUIRED,True,GEOMETRIC_FP_DOMAIN_PASS,NONLOCAL_JUMP_OPERATOR_REQUIRED,3,0.21544346900318834,864,SUBGRID_COUPLING_READY,106525587.1262641,106525587.1262641,,INTERFACE_COMPLETE,7.845241791376039,492089.3402358512,0.003340881016721017,0.026210019372394592,,1064.9416436495637,3292671318.8059177,8470.06250956206,1000.0,270.99251007958236,2,s1000_h03_bh04,80.0
86.20501016182955,ALL_HALO_FLUX_COMPLETE,5,0.35938136638046275,1437525.465521851,0.0004365833471781713,OK,20708386.900854196,PASS,True,GEOMETRIC_FP_DOMAIN_PASS,NONLOCAL_JUMP_OPERATOR_REQUIRED,3,0.21544346900318834,865,SUBGRID_COUPLING_READY,108399680.72927196,108399680.72927196,,INTERFACE_COMPLETE,8.701090803373049,396954.14308330335,0.003138348250444534,0.027307053099724834,,1018.2441201215345,3292671318.8059177,11522.245011093712,1000.0,301.58897852573836,2,s1000_h03_bh05,80.0
86.31011163901576,ALL_HALO_FLUX_COMPLETE,6,0.46415888336127786,1856635.5334451115,0.0005638690757990437,OK,32786672.823427755,PASS,True,GEOMETRIC_FP_DOMAIN_PASS,NONLOCAL_JUMP_OPERATOR_REQUIRED,3,0.21544346900318834,866,SUBGRID_COUPLING_READY,110903565.0250881,110903565.0250881,,INTERFACE_COMPLETE,9.29378997495554,321878.645423906,0.0030771234361404824,0.02859813894250316,,1015.126340359062,3292671318.8059177,15533.926505096859,1000.0,334.80368531707035,2,s1000_h03_bh06,80.0
88.36783949029461,ALL_HALO_FLUX_COMPLETE,7,0.5994842503189409,2397937.001275764,0.0007282649159605072,OK,55350980.87609253,PASS,True,GEOMETRIC_FP_DOMAIN_PASS,NONLOCAL_JUMP_OPERATOR_REQUIRED,3,0.21544346900318834,867,SUBGRID_COUPLING_READY,114149359.06860618,114149359.06860618,,INTERFACE_COMPLETE,9.507132250089906,262017.97292703856,0.003162556296658482,0.030066840960686757,,1011.145687324095,3292671318.8059177,20812.73464040139,1000.0,370.98340885447965,2,s1000_h03_bh07,80.0
92.14090470755744,ALL_HALO_FLUX_COMPLETE,8,0.774263682681127,3097054.730724508,0.0009405903082508855,OK,101139570.54132403,PASS,True,GEOMETRIC_FP_DOMAIN_PASS,NONLOCAL_JUMP_OPERATOR_REQUIRED,3,0.21544346900318834,868,SUBGRID_COUPLING_READY,118524371.80867587,118524371.80867587,,INTERFACE_COMPLETE,9.27901829862385,213827.42314507754,0.0034153026895936993,0.03169065615207919,,963.6307098694163,3292671318.8059177,27799.55850223757,1000.0,410.58225122137463,2,s1000_h03_bh08,80.0
96.82362355531166,ALL_HALO_FLUX_COMPLETE,9,1.0,4000000.0,0.0012148190975376776,OK,202685238.80358607,PASS,True,GEOMETRIC_FP_DOMAIN_PASS,NONLOCAL_JUMP_OPERATOR_REQUIRED,3,0.21544346900318834,869,SUBGRID_COUPLING_READY,202685238.80358607,202685238.80358607,,INTERFACE_COMPLETE,8.634926027632776,174734.30820084864,0.0038734548990018466,0.03344699652425273,,6.4481792022611275,3292671318.8059177,37120.14220657229,1000.0,454.126217573794,2,s1000_h03_bh09,80.0
100.52857923843291,ALL_HALO_FLUX_COMPLETE,10,1.2589254117941673,5035701.647176669,0.0015293666326230396,OK,412870776.95075506,PASS,True,GEOMETRIC_FP_DOMAIN_PASS,NONLOCAL_JUMP_OPERATOR_REQUIRED,3,0.21544346900318834,870,SUBGRID_COUPLING_READY,412870776.95075506,412870776.95075506,,INTERFACE_COMPLETE,7.790019180822906,145772.28701566256,0.004509364905907946,0.03512803911035258,,5.457116845355757,3292671318.8059177,48213.18352954908,1000.0,497.1481013991147,2,s1000_h03_bh10,80.0
102.17122770100629,ALL_HALO_FLUX_COMPLETE,11,1.5848931924611136,6339572.769844455,0.001925358517759219,OK,913177981.436887,PASS,True,GEOMETRIC_FP_DOMAIN_PASS,NONLOCAL_JUMP_OPERATOR_REQUIRED,3,0.21544346900318834,871,SUBGRID_COUPLING_READY,913177981.436887,913177981.436887,,INTERFACE_COMPLETE,6.809873126774841,121634.70791509686,0.005418729053263087,0.036900857361090375,,4.5466736661017375,3292671318.8059177,62729.18909145361,1000.0,544.2101833663547,2,s1000_h03_bh11,80.0
100.37673841175055,ALL_HALO_FLUX_COMPLETE,12,1.9952623149688797,7981049.259875519,0.0024238827648214323,OK,2183988538.5354476,PASS,True,GEOMETRIC_FP_DOMAIN_PASS,NONLOCAL_JUMP_OPERATOR_REQUIRED,3,0.21544346900318834,872,SUBGRID_COUPLING_READY,2183988538.5354476,2183988538.5354476,,INTERFACE_COMPLETE,5.802111782977425,101512.62214033841,0.0066820988284188145,0.03877028434738845,,3.7402156213049973,3292671318.8059177,81746.24497026454,1000.0,595.6935035746188,2,s1000_h03_bh12,80.0
94.53736468349919,ALL_HALO_FLUX_COMPLETE,13,2.51188643150958,10047545.72603832,0.0030514876078436056,OK,5603896639.596066,PASS,True,GEOMETRIC_FP_DOMAIN_PASS,NONLOCAL_JUMP_OPERATOR_REQUIRED,3,0.21544346900318834,873,SUBGRID_COUPLING_READY,5603896639.596066,5603896639.596066,,INTERFACE_COMPLETE,4.8468164212929175,84745.08479652448,0.00840691948520308,0.04074679541336969,,3.046904573554762,3292671318.8059177,106648.66802072265,1000.0,651.9703759956233,2,s1000_h03_bh13,80.0
85.09009765131371,ALL_HALO_FLUX_COMPLETE,14,3.1622776601683795,12649110.640673518,0.0038415952932893097,OK,15274150927.90533,PASS,True,GEOMETRIC_FP_DOMAIN_PASS,NONLOCAL_JUMP_OPERATOR_REQUIRED,3,0.21544346900318834,874,SUBGRID_COUPLING_READY,15274150927.90533,15274150927.90533,,INTERFACE_COMPLETE,3.990471718533124,70779.24669320283,0.010736448347320939,0.0428434934874759,,2.4643923484383907,3292671318.8059177,139218.09490411312,1000.0,713.4284237486515,2,s1000_h03_bh14,80.0
73.27569551898318,ALL_HALO_FLUX_COMPLETE,15,3.981071705534973,15924286.822139893,0.004836281936550779,OK,43741592547.726326,PASS,True,GEOMETRIC_FP_DOMAIN_PASS,NONLOCAL_JUMP_OPERATOR_REQUIRED,3,0.21544346900318834,875,SUBGRID_COUPLING_READY,43741592547.726326,43741592547.726326,,INTERFACE_COMPLETE,3.2516382970620925,59149.04044774291,0.013861952739835832,0.04507405640091499,,1.9831059149211145,3292671318.8059177,181755.552709639,1000.0,780.488674610425,2,s1000_h03_bh15,80.0
60.60482293157324,ALL_HALO_FLUX_COMPLETE,16,5.011872336272724,20047489.345090896,0.006088518228524882,OK,130068186225.93575,PASS,True,GEOMETRIC_FP_DOMAIN_PASS,NONLOCAL_JUMP_OPERATOR_REQUIRED,3,0.21544346900318834,876,SUBGRID_COUPLING_READY,130068186225.93575,130068186225.93575,,INTERFACE_COMPLETE,2.6304997601267552,49462.09759440351,0.01803903094839653,0.04745166658267618,,1.5901207464584233,3292671318.8059177,237242.8647375728,1000.0,853.6159714446125,2,s1000_h03_bh16,80.0
48.383078988936965,ALL_HALO_FLUX_COMPLETE,17,6.309573444801933,25238293.779207733,0.00766499031806198,OK,396204923737.6305,PASS,True,GEOMETRIC_FP_DOMAIN_PASS,NONLOCAL_JUMP_OPERATOR_REQUIRED,3,0.21544346900318834,877,SUBGRID_COUPLING_READY,396204923737.6305,396204923737.6305,,INTERFACE_COMPLETE,2.1173331610574566,41389.78533668558,0.023609289348104447,0.04998873124574213,,1.2718366947879587,3292671318.8059177,309552.90701672365,1000.0,933.3328747156527,2,s1000_h03_bh17,80.0
37.476772006643635,ALL_HALO_FLUX_COMPLETE,18,7.943282347242816,31773129.38897126,0.009649651092564483,OK,1215557298998.6575,PASS,True,GEOMETRIC_FP_DOMAIN_PASS,NONLOCAL_JUMP_OPERATOR_REQUIRED,3,0.21544346900318834,878,SUBGRID_COUPLING_READY,1215557298998.6575,1215557298998.6575,,INTERFACE_COMPLETE,1.698307894840494,34658.25821880561,0.031029104694183417,0.05269697347196393,,1.0154839250636871,3292671318.8059177,403725.29765656503,1000.0,1020.2288653843441,2,s1000_h03_bh18,80.0
28.30010603983229,ALL_HALO_FLUX_COMPLETE,19,10.0,40000000.0,0.012148190975376777,OK,3671640690184.022,PASS,True,GEOMETRIC_FP_DOMAIN_PASS,PASS,3,0.21544346900318834,879,SUBGRID_COUPLING_READY,3671640690184.022,3671640690184.022,,INTERFACE_COMPLETE,1.358846497293469,29040.094199089803,0.040907841229401325,0.05558747676640935,,0.8097945868703684,3292671318.8059177,526334.4844162246,1000.0,1114.9668955142877,2,s1000_h03_bh19,80.0
128.05580252559935,ALL_HALO_FLUX_COMPLETE,0,0.1,400000.0,9.405903082508855e-05,OK,4148024.299379659,ANGULAR_JUMP_CORRECTION_REQUIRED,True,GEOMETRIC_FP_DOMAIN_PASS,NONLOCAL_JUMP_OPERATOR_REQUIRED,4,0.2782559402207124,880,SUBGRID_COUPLING_READY,157678227.4035589,157678227.4035589,,INTERFACE_COMPLETE,3.5224627767757286,1615169.8261409714,0.008777093411701868,0.030916984831003316,,1216.5732785748344,4252648538.8078995,1166.3650233506419,1000.0,150.60460245380523,2,s1000_h04_bh00,80.0
117.77897603145966,ALL_HALO_FLUX_COMPLETE,1,0.1291549665014884,516619.8660059536,0.00012148190975376776,OK,5562576.064030172,ANGULAR_JUMP_CORRECTION_REQUIRED,True,GEOMETRIC_FP_DOMAIN_PASS,NONLOCAL_JUMP_OPERATOR_REQUIRED,4,0.2782559402207124,881,SUBGRID_COUPLING_READY,158421442.21733564,158421442.21733564,,INTERFACE_COMPLETE,4.348611504329431,1249270.7498662483,0.007102250931993974,0.030884930109503418,,1165.698031548031,4252648538.8078995,1697.5512287438974,1000.0,170.89050695771638,2,s1000_h04_bh01,80.0
108.9095964734027,ALL_HALO_FLUX_COMPLETE,2,0.16681005372000587,667240.2148800235,0.0001568999198478471,OK,7556514.5825423105,ANGULAR_JUMP_CORRECTION_REQUIRED,True,GEOMETRIC_FP_DOMAIN_PASS,NONLOCAL_JUMP_OPERATOR_REQUIRED,4,0.2782559402207124,882,SUBGRID_COUPLING_READY,159433128.99433258,159433128.99433258,,INTERFACE_COMPLETE,5.29999371952869,976777.5199036113,0.005884661190403396,0.03118866735069222,,1164.7177197190556,4252648538.8078995,2431.4561350523686,1000.0,192.96430593219196,2,s1000_h04_bh02,80.0
101.52354524706084,ALL_HALO_FLUX_COMPLETE,3,0.21544346900318834,861773.8760127533,0.00020264403892034902,OK,10441046.842245696,ANGULAR_JUMP_CORRECTION_REQUIRED,True,GEOMETRIC_FP_DOMAIN_PASS,NONLOCAL_JUMP_OPERATOR_REQUIRED,4,0.2782559402207124,883,SUBGRID_COUPLING_READY,160741402.11402795,160741402.11402795,,INTERFACE_COMPLETE,6.354843210341752,770867.7316678807,0.005002502336811261,0.03179011800980379,,1163.4553167739086,4252648538.8078995,3432.6206363257656,1000.0,216.9588788831404,2,s1000_h04_bh03,80.0
95.69307965634073,ALL_HALO_FLUX_COMPLETE,4,0.2782559402207124,1113023.7608828498,0.00026172484058483987,OK,14755497.08660016,ANGULAR_JUMP_CORRECTION_REQUIRED,True,GEOMETRIC_FP_DOMAIN_PASS,NONLOCAL_JUMP_OPERATOR_REQUIRED,4,0.2782559402207124,884,SUBGRID_COUPLING_READY,162433787.36984962,162433787.36984962,,INTERFACE_COMPLETE,7.4640563366295645,613333.7566854677,0.004376685538211742,0.03266782742492433,,1161.8310618358146,4252648538.8078995,4782.302720460256,1000.0,243.01437695033493,2,s1000_h04_bh04,80.0
91.5027827507244,ALL_HALO_FLUX_COMPLETE,5,0.35938136638046275,1437525.465521851,0.0003380306301834239,OK,21503736.653531466,ANGULAR_JUMP_CORRECTION_REQUIRED,True,GEOMETRIC_FP_DOMAIN_PASS,NONLOCAL_JUMP_OPERATOR_REQUIRED,4,0.2782559402207124,885,SUBGRID_COUPLING_READY,164621823.47033444,164621823.47033444,,INTERFACE_COMPLETE,8.543648455319543,491717.73887797294,0.003959195994455204,0.03382597874233453,,1159.745903405253,4252648538.8078995,6574.809150769503,1000.0,271.2227685592347,2,s1000_h04_bh05,80.0
89.03410374650045,ALL_HALO_FLUX_COMPLETE,6,0.46415888336127786,1856635.5334451115,0.0004365833471781712,OK,32611190.296623573,PASS,True,GEOMETRIC_FP_DOMAIN_PASS,NONLOCAL_JUMP_OPERATOR_REQUIRED,4,0.2782559402207124,886,SUBGRID_COUPLING_READY,167453833.4231655,167453833.4231655,,INTERFACE_COMPLETE,9.475687681615042,396714.2424127977,0.003719740653513167,0.0352471006892974,,1157.0712245733519,4252648538.8078995,8939.823802397152,1000.0,301.79833191879925,2,s1000_h04_bh06,80.0
88.3445196313373,ALL_HALO_FLUX_COMPLETE,7,0.5994842503189409,2397937.001275764,0.0005638690757990437,OK,52098218.69592127,PASS,True,GEOMETRIC_FP_DOMAIN_PASS,NONLOCAL_JUMP_OPERATOR_REQUIRED,4,0.2782559402207124,887,SUBGRID_COUPLING_READY,171201960.4197975,171201960.4197975,,INTERFACE_COMPLETE,10.121150689182969,321720.31889202166,0.003647584130215032,0.03691774863337873,,1105.4958942497628,4252648538.8078995,12048.07984551695,1000.0,334.99578909427385,2,s1000_h04_bh07,80.0
89.36781940186845,ALL_HALO_FLUX_COMPLETE,8,0.774263682681127,3097054.730724508,0.000728264915960507,OK,88944889.72751406,PASS,True,GEOMETRIC_FP_DOMAIN_PASS,NONLOCAL_JUMP_OPERATOR_REQUIRED,4,0.2782559402207124,888,SUBGRID_COUPLING_READY,176206403.59461266,176206403.59461266,,INTERFACE_COMPLETE,10.353485325625877,261911.16996962702,0.0037491712439276202,0.03881698945726313,,1101.1608716898809,4252648538.8078995,16137.897079632317,1000.0,371.16295173010315,2,s1000_h04_bh08,80.0
91.72977458434389,ALL_HALO_FLUX_COMPLETE,9,1.0,4000000.0,0.0009405903082508855,OK,164729017.54649627,PASS,True,GEOMETRIC_FP_DOMAIN_PASS,NONLOCAL_JUMP_OPERATOR_REQUIRED,4,0.2782559402207124,889,SUBGRID_COUPLING_READY,182776558.90676403,182776558.90676403,,INTERFACE_COMPLETE,10.105063994466672,213753.7369519218,0.004049054179223908,0.040915951598120316,,1049.415970190302,4252648538.8078995,21550.937956984348,1000.0,410.75212243553904,2,s1000_h04_bh09,80.0
94.25802347213532,ALL_HALO_FLUX_COMPLETE,10,1.2589254117941673,5035701.647176669,0.0011841330411443488,OK,310838676.17649424,PASS,True,GEOMETRIC_FP_DOMAIN_PASS,NONLOCAL_JUMP_OPERATOR_REQUIRED,4,0.2782559402207124,890,SUBGRID_COUPLING_READY,310838676.17649424,310838676.17649424,,INTERFACE_COMPLETE,9.491311522834135,178238.6128187951,0.004525374295293715,0.04295173719405864,,7.145964928148884,4252648538.8078995,27950.931420227924,1000.0,449.74245527974625,2,s1000_h04_bh10,80.0
96.0357002325235,ALL_HALO_FLUX_COMPLETE,11,1.5848931924611136,6339572.769844455,0.0014907351764417288,OK,636711895.371296,PASS,True,GEOMETRIC_FP_DOMAIN_PASS,NONLOCAL_JUMP_OPERATOR_REQUIRED,4,0.2782559402207124,891,SUBGRID_COUPLING_READY,636711895.371296,636711895.371296,,INTERFACE_COMPLETE,8.595354517640557,148695.48926684394,0.005248230978591342,0.04511040585145621,,6.05914608793557,4252648538.8078995,36293.85040741232,1000.0,492.3386847857132,2,s1000_h04_bh11,80.0
95.74743002798277,ALL_HALO_FLUX_COMPLETE,12,1.9952623149688797,7981049.259875519,0.001876724395877954,OK,1416654810.9567006,PASS,True,GEOMETRIC_FP_DOMAIN_PASS,NONLOCAL_JUMP_OPERATOR_REQUIRED,4,0.2782559402207124,892,SUBGRID_COUPLING_READY,1416654810.9567006,1416654810.9567006,,INTERFACE_COMPLETE,7.538136117280287,124073.97901385566,0.006286308280389564,0.04738704749276271,,5.056333563716613,4252648538.8078995,47209.09266880164,1000.0,538.9366679188445,2,s1000_h04_bh12,80.0
92.33803450367742,ALL_HALO_FLUX_COMPLETE,13,2.51188643150958,10047545.72603832,0.002362656032904813,OK,3408540624.970887,PASS,True,GEOMETRIC_FP_DOMAIN_PASS,NONLOCAL_JUMP_OPERATOR_REQUIRED,4,0.2782559402207124,893,SUBGRID_COUPLING_READY,3408540624.970887,3408540624.970887,,INTERFACE_COMPLETE,6.439026387564867,103546.99252692776,0.007732077970778419,0.049787054084551245,,4.1647373127017415,4252648538.8078995,61509.15531828876,1000.0,589.9192777607173,2,s1000_h04_bh13,80.0
85.49775222229813,ALL_HALO_FLUX_COMPLETE,14,3.1622776601683795,12649110.640673518,0.002974407719152665,OK,8795460188.828135,PASS,True,GEOMETRIC_FP_DOMAIN_PASS,NONLOCAL_JUMP_OPERATOR_REQUIRED,4,0.2782559402207124,894,SUBGRID_COUPLING_READY,8795460188.828135,8795460188.828135,,INTERFACE_COMPLETE,5.389195383763519,86440.14232634219,0.009708910202932405,0.05232321404701784,,3.39595207296521,4252648538.8078995,80238.54979642073,1000.0,645.6604680112125,2,s1000_h04_bh14,80.0
75.80594051298691,ALL_HALO_FLUX_COMPLETE,15,3.981071705534973,15924286.822139893,0.003744557462678019,OK,24084964321.337986,PASS,True,GEOMETRIC_FP_DOMAIN_PASS,NONLOCAL_JUMP_OPERATOR_REQUIRED,4,0.2782559402207124,895,SUBGRID_COUPLING_READY,24084964321.337986,24084964321.337986,,INTERFACE_COMPLETE,4.44317670656336,72190.40149641839,0.01238125909057787,0.05501212198918144,,2.7485878290878203,4252648538.8078995,104741.60558967074,1000.0,706.5484091925895,2,s1000_h04_bh15,80.0
64.44580208709597,ALL_HALO_FLUX_COMPLETE,16,5.011872336272724,20047489.345090896,0.004714118545688847,OK,69163726620.57904,PASS,True,GEOMETRIC_FP_DOMAIN_PASS,NONLOCAL_JUMP_OPERATOR_REQUIRED,4,0.2782559402207124,896,SUBGRID_COUPLING_READY,69163726620.57904,69163726620.57904,,INTERFACE_COMPLETE,3.6240619154156337,60323.196173769174,0.015968630637995272,0.057871306136497914,,2.212864239620768,4252648538.8078995,136755.13218843925,1000.0,773.0019582251279,2,s1000_h04_bh16,80.0
52.72918267028095,ALL_HALO_FLUX_COMPLETE,17,6.309573444801933,25238293.779207733,0.005934723631377852,OK,205553575092.70844,PASS,True,GEOMETRIC_FP_DOMAIN_PASS,NONLOCAL_JUMP_OPERATOR_REQUIRED,4,0.2782559402207124,897,SUBGRID_COUPLING_READY,205553575092.70844,205553575092.70844,,INTERFACE_COMPLETE,2.933777377951214,50438.840476064644,0.02076428010887936,0.06091777525287263,,1.7749457747593826,4252648538.8078995,178530.33636582817,1000.0,845.4854293445883,2,s1000_h04_bh17,80.0
41.72033634025552,ALL_HALO_FLUX_COMPLETE,18,7.943282347242816,31773129.38897126,0.007471374391516937,OK,622447459497.7554,PASS,True,GEOMETRIC_FP_DOMAIN_PASS,NONLOCAL_JUMP_OPERATOR_REQUIRED,4,0.2782559402207124,898,SUBGRID_COUPLING_READY,622447459497.7554,622447459497.7554,,INTERFACE_COMPLETE,2.362564509832066,42202.23944744082,0.027160062291741418,0.06416739925529644,,1.4200005064553214,4252648538.8078995,232994.07270637245,1000.0,924.5226962732518,2,s1000_h04_bh18,80.0
32.07817649903845,ALL_HALO_FLUX_COMPLETE,19,10.0,40000000.0,0.009405903082508856,OK,1882373919725.0156,PASS,True,GEOMETRIC_FP_DOMAIN_PASS,NONLOCAL_JUMP_OPERATOR_REQUIRED,4,0.2782559402207124,899,SUBGRID_COUPLING_READY,1882373919725.0156,1882373919725.0156,,INTERFACE_COMPLETE,1.8956345466526732,35333.99519059086,0.03567936125943886,0.06763502980589334,,1.1339712233675738,4252648538.8078995,303959.96962320065,1000.0,1010.7023280206676,2,s1000_h04_bh19,80.0
146.8006398207009,ALL_HALO_FLUX_COMPLETE,0,0.1,400000.0,7.282649159605069e-05,OK,4834813.204001657,ANGULAR_JUMP_CORRECTION_REQUIRED,True,GEOMETRIC_FP_DOMAIN_PASS,NONLOCAL_JUMP_OPERATOR_REQUIRED,5,0.35938136638046275,900,SUBGRID_COUPLING_READY,242981133.94108346,242981133.94108346,,INTERFACE_COMPLETE,3.076183957860802,2104991.017288252,0.013098358838397633,0.04029296133298305,,1325.5238743033742,5492506795.723379,617.8528223747652,1000.0,132.58405589957903,2,s1000_h05_bh00,80.0
134.44685342285334,ALL_HALO_FLUX_COMPLETE,1,0.1291549665014884,516619.8660059536,9.405903082508854e-05,OK,6428920.922160043,ANGULAR_JUMP_CORRECTION_REQUIRED,True,GEOMETRIC_FP_DOMAIN_PASS,NONLOCAL_JUMP_OPERATOR_REQUIRED,5,0.35938136638046275,901,SUBGRID_COUPLING_READY,243867953.73355854,243867953.73355854,,INTERFACE_COMPLETE,3.836042847628019,1609509.4329528469,0.010372898495625752,0.0397908830833166,,1324.8762356444647,5492506795.723379,912.4517629964793,1000.0,151.1241184940961,2,s1000_h05_bh01,80.0
123.44841713930309,ALL_HALO_FLUX_COMPLETE,2,0.16681005372000587,667240.2148800235,0.00012148190975376773,OK,8638109.02866165,ANGULAR_JUMP_CORRECTION_REQUIRED,True,GEOMETRIC_FP_DOMAIN_PASS,NONLOCAL_JUMP_OPERATOR_REQUIRED,5,0.35938136638046275,902,SUBGRID_COUPLING_READY,245014150.9781615,245014150.9781615,,INTERFACE_COMPLETE,4.735737782178961,1246061.5495897906,0.00840142606552382,0.03978695084268429,,1324.0412308157054,5492506795.723379,1324.6938422203818,1000.0,171.33770185977957,2,s1000_h05_bh02,80.0
113.89631559904254,ALL_HALO_FLUX_COMPLETE,3,0.21544346900318834,861773.8760127533,0.00015689991984784704,OK,11764197.697670355,ANGULAR_JUMP_CORRECTION_REQUIRED,True,GEOMETRIC_FP_DOMAIN_PASS,NONLOCAL_JUMP_OPERATOR_REQUIRED,5,0.35938136638046275,903,SUBGRID_COUPLING_READY,246495912.6633628,246495912.6633628,,INTERFACE_COMPLETE,5.771814860420284,974900.9145067243,0.00696562931629,0.04020432279994181,,1322.9651840184276,5492506795.723379,1893.9986674034035,1000.0,193.35332091396992,2,s1000_h05_bh03,80.0
105.85469141672995,ALL_HALO_FLUX_COMPLETE,4,0.2782559402207124,1113023.7608828498,0.000202644038920349,OK,16308373.071785761,ANGULAR_JUMP_CORRECTION_REQUIRED,True,GEOMETRIC_FP_DOMAIN_PASS,NONLOCAL_JUMP_OPERATOR_REQUIRED,5,0.35938136638046275,904,SUBGRID_COUPLING_READY,248426391.5041854,248426391.5041854,,INTERFACE_COMPLETE,6.920570177647916,769739.820738436,0.005924142029325576,0.040998440656301184,,1267.0295555346029,5492506795.723379,2670.3458198032217,1000.0,217.30091704633506,2,s1000_h05_bh04,80.0
99.37569547996868,ALL_HALO_FLUX_COMPLETE,5,0.35938136638046275,1437525.465521851,0.00026172484058483987,OK,23145711.735668994,ANGULAR_JUMP_CORRECTION_REQUIRED,True,GEOMETRIC_FP_DOMAIN_PASS,NONLOCAL_JUMP_OPERATOR_REQUIRED,5,0.35938136638046275,905,SUBGRID_COUPLING_READY,251039775.13844067,251039775.13844067,,INTERFACE_COMPLETE,8.128528742219677,612638.684867073,0.0051847398098944794,0.04214430656565786,,1265.2607046104472,5492506795.723379,3716.6685472659146,1000.0,243.31828688644538,2,s1000_h05_bh05,80.0
94.51199336569731,ALL_HALO_FLUX_COMPLETE,6,0.46415888336127786,1856635.5334451115,0.0003380306301834238,OK,33917559.69667802,ANGULAR_JUMP_CORRECTION_REQUIRED,True,GEOMETRIC_FP_DOMAIN_PASS,NONLOCAL_JUMP_OPERATOR_REQUIRED,5,0.35938136638046275,906,SUBGRID_COUPLING_READY,254418566.12043148,254418566.12043148,,INTERFACE_COMPLETE,9.304229349352044,491278.76219897746,0.004691299822759208,0.043648929497526266,,1262.989919199616,5492506795.723379,5106.009225977928,1000.0,271.49569564020777,2,s1000_h05_bh06,80.0
91.29534554559464,ALL_HALO_FLUX_COMPLETE,7,0.5994842503189409,2397937.001275764,0.000436583347178171,OK,51802570.927144274,PASS,True,GEOMETRIC_FP_DOMAIN_PASS,NONLOCAL_JUMP_OPERATOR_REQUIRED,5,0.35938136638046275,907,SUBGRID_COUPLING_READY,258791827.98417047,258791827.98417047,,INTERFACE_COMPLETE,10.319241468518314,396430.6481350433,0.004408350989935795,0.04549083834312922,,1260.0771325349908,5492506795.723379,6938.834917358386,1000.0,302.0459245290781,2,s1000_h05_bh07,80.0
89.70927727671007,ALL_HALO_FLUX_COMPLETE,8,0.774263682681127,3097054.730724508,0.0005638690757990435,OK,83502250.32605533,PASS,True,GEOMETRIC_FP_DOMAIN_PASS,NONLOCAL_JUMP_OPERATOR_REQUIRED,5,0.35938136638046275,908,SUBGRID_COUPLING_READY,264455930.14396882,264455930.14396882,,INTERFACE_COMPLETE,11.022165505051682,321533.054602743,0.00432341104267475,0.047653352058729156,,1256.3480030793642,5492506795.723379,9347.424575123825,1000.0,335.22305133725314,2,s1000_h05_bh08,80.0
89.58756811381001,ALL_HALO_FLUX_COMPLETE,9,1.0,4000000.0,0.0007282649159605069,OK,144144726.20514745,PASS,True,GEOMETRIC_FP_DOMAIN_PASS,NONLOCAL_JUMP_OPERATOR_REQUIRED,5,0.35938136638046275,909,SUBGRID_COUPLING_READY,272137374.7140904,272137374.7140904,,INTERFACE_COMPLETE,11.275183259067138,261784.80046955406,0.004444263068336755,0.050109880547000926,,1199.18947441663,5492506795.723379,12516.439664963766,1000.0,371.37501054701266,2,s1000_h05_bh09,80.0
90.34212760705165,ALL_HALO_FLUX_COMPLETE,10,1.2589254117941673,5035701.647176669,0.0009168312092208258,OK,252938386.38547075,PASS,True,GEOMETRIC_FP_DOMAIN_PASS,NONLOCAL_JUMP_OPERATOR_REQUIRED,5,0.35938136638046275,910,SUBGRID_COUPLING_READY,281040854.37593025,281040854.37593025,,INTERFACE_COMPLETE,11.055308967101116,218034.98283939713,0.004752632523573899,0.052541820955202934,,1193.8484724912041,5492506795.723379,16235.250977829643,1000.0,406.82601476793593,2,s1000_h05_bh10,80.0
91.21786006752973,ALL_HALO_FLUX_COMPLETE,11,1.5848931924611136,6339572.769844455,0.0011542221076140725,OK,479337862.84072477,PASS,True,GEOMETRIC_FP_DOMAIN_PASS,NONLOCAL_JUMP_OPERATOR_REQUIRED,5,0.35938136638046275,911,SUBGRID_COUPLING_READY,479337862.84072477,479337862.84072477,,INTERFACE_COMPLETE,10.427872402702182,181801.61023534602,0.005289090001496381,0.05515395566201215,,7.91743167202273,5492506795.723379,21052.117121181665,1000.0,445.4364154949343,2,s1000_h05_bh11,80.0
91.21561379322083,ALL_HALO_FLUX_COMPLETE,12,1.9952623149688797,7981049.259875519,0.0014530795421299778,OK,986521098.4434981,PASS,True,GEOMETRIC_FP_DOMAIN_PASS,NONLOCAL_JUMP_OPERATOR_REQUIRED,5,0.35938136638046275,912,SUBGRID_COUPLING_READY,986521098.4434981,986521098.4434981,,INTERFACE_COMPLETE,9.480157368994444,151668.7703077214,0.006110258152860854,0.057926208854302205,,6.726243586633695,5492506795.723379,27327.607493278978,1000.0,487.6092004076892,2,s1000_h05_bh12,80.0
89.24176237806178,ALL_HALO_FLUX_COMPLETE,13,2.51188643150958,10047545.72603832,0.0018293187609456619,OK,2206037341.8519287,PASS,True,GEOMETRIC_FP_DOMAIN_PASS,NONLOCAL_JUMP_OPERATOR_REQUIRED,5,0.35938136638046275,913,SUBGRID_COUPLING_READY,2206037341.8519287,2206037341.8519287,,INTERFACE_COMPLETE,8.341564534086334,126556.06514982533,0.0072948167981143775,0.060850185085808126,,5.622215904104474,5492506795.723379,35536.177422586974,1000.0,533.7472818663126,2,s1000_h05_bh13,80.0
84.52611775874264,ALL_HALO_FLUX_COMPLETE,14,3.1622776601683795,12649110.640673518,0.0023029758744263135,OK,5334612364.617402,PASS,True,GEOMETRIC_FP_DOMAIN_PASS,NONLOCAL_JUMP_OPERATOR_REQUIRED,5,0.35938136638046275,914,SUBGRID_COUPLING_READY,5334612364.617402,5334612364.617402,,INTERFACE_COMPLETE,7.144065074496872,105617.68536734156,0.00894891089764443,0.06393160179864603,,4.636868505958735,5492506795.723379,46290.49792678667,1000.0,584.2330109521091,2,s1000_h05_bh14,80.0
76.98968532227543,ALL_HALO_FLUX_COMPLETE,15,3.981071705534973,15924286.822139893,0.0028992748510641795,OK,13828299847.46122,PASS,True,GEOMETRIC_FP_DOMAIN_PASS,NONLOCAL_JUMP_OPERATOR_REQUIRED,5,0.35938136638046275,915,SUBGRID_COUPLING_READY,13828299847.46122,13828299847.46122,,INTERFACE_COMPLETE,5.99115786899546,88165.73110054144,0.01121419206056192,0.06718599500806195,,3.7846374685804496,5492506795.723379,60378.85166640265,1000.0,639.4451006498663,2,s1000_h05_bh15,80.0
67.28671237925538,ALL_HALO_FLUX_COMPLETE,16,5.011872336272724,20047489.345090896,0.003649970785780445,OK,37992110024.69777,PASS,True,GEOMETRIC_FP_DOMAIN_PASS,NONLOCAL_JUMP_OPERATOR_REQUIRED,5,0.35938136638046275,916,SUBGRID_COUPLING_READY,37992110024.69777,37992110024.69777,,INTERFACE_COMPLETE,4.946586215138589,73627.09822408168,0.014279435587771245,0.07063445923842863,,3.065356326717628,5492506795.723379,78815.71116044639,1000.0,699.7691313290684,2,s1000_h05_bh16,80.0
56.505664843852834,ALL_HALO_FLUX_COMPLETE,17,6.309573444801933,25238293.779207733,0.004595040974525326,OK,109201268698.6518,PASS,True,GEOMETRIC_FP_DOMAIN_PASS,NONLOCAL_JUMP_OPERATOR_REQUIRED,5,0.35938136638046275,917,SUBGRID_COUPLING_READY,109201268698.6518,109201268698.6518,,INTERFACE_COMPLETE,4.0387703446967365,61518.56967523336,0.018396534145373986,0.07429937655153737,,2.4691305098185086,5492506795.723379,102912.49515826246,1000.0,765.6255038493232,2,s1000_h05_bh17,80.0
45.760316768060704,ALL_HALO_FLUX_COMPLETE,18,7.943282347242816,31773129.38897126,0.005784813851065367,OK,323508400052.3639,PASS,True,GEOMETRIC_FP_DOMAIN_PASS,NONLOCAL_JUMP_OPERATOR_REQUIRED,5,0.35938136638046275,918,SUBGRID_COUPLING_READY,323508400052.3639,323508400052.3639,,INTERFACE_COMPLETE,3.2718107394854186,51433.022798838094,0.023901921502752266,0.07820256346704232,,1.9811904115363705,5492506795.723379,134370.10723393588,1000.0,837.4770439322426,2,s1000_h05_bh18,80.0
35.899882704465355,ALL_HALO_FLUX_COMPLETE,19,10.0,40000000.0,0.007282649159605069,OK,969966862758.3882,PASS,True,GEOMETRIC_FP_DOMAIN_PASS,NONLOCAL_JUMP_OPERATOR_REQUIRED,5,0.35938136638046275,919,SUBGRID_COUPLING_READY,969966862758.3882,969966862758.3882,,INTERFACE_COMPLETE,2.6360807798722594,43028.93192762356,0.031245018893803777,0.08236439377270174,,1.585389285409149,5492506795.723379,175401.43029545716,1000.0,915.8487053809785,2,s1000_h05_bh19,80.0
167.87763287710962,ALL_HALO_FLUX_COMPLETE,0,0.1,400000.0,5.638690757990437e-05,OK,5715143.447249491,ANGULAR_JUMP_CORRECTION_REQUIRED,True,GEOMETRIC_FP_DOMAIN_PASS,NONLOCAL_JUMP_OPERATOR_REQUIRED,6,0.46415888336127786,920,SUBGRID_COUPLING_READY,374702798.762418,374702798.762418,,INTERFACE_COMPLETE,2.6654551481320925,2772168.1633167155,0.01990797711151461,0.05306382008078248,,1444.072751654863,7093845312.108502,324.7150878697045,1000.0,116.4425446335762,2,s1000_h06_bh00,80.0
153.50032173502925,ALL_HALO_FLUX_COMPLETE,1,0.1291549665014884,516619.8660059536,7.282649159605072e-05,OK,7546520.04479512,ANGULAR_JUMP_CORRECTION_REQUIRED,True,GEOMETRIC_FP_DOMAIN_PASS,NONLOCAL_JUMP_OPERATOR_REQUIRED,6,0.46415888336127786,921,SUBGRID_COUPLING_READY,375763450.564446,375763450.564446,,INTERFACE_COMPLETE,3.3500349662577418,2093006.2848005646,0.015445829753081028,0.05174406975568562,,1443.5259361451579,7093845312.108502,486.1784371004951,1000.0,133.30054404074897,2,s1000_h06_bh01,80.0
140.38192875803588,ALL_HALO_FLUX_COMPLETE,2,0.16681005372000587,667240.2148800235,9.405903082508855e-05,OK,10049991.35269847,ANGULAR_JUMP_CORRECTION_REQUIRED,True,GEOMETRIC_FP_DOMAIN_PASS,NONLOCAL_JUMP_OPERATOR_REQUIRED,6,0.46415888336127786,922,SUBGRID_COUPLING_READY,377134111.2501298,377134111.2501298,,INTERFACE_COMPLETE,4.177538745294459,1602912.726052985,0.012251536346604747,0.05118126777732466,,1442.8206427743546,7093845312.108502,715.0806235288493,1000.0,151.73478685885624,2,s1000_h06_bh02,80.0
128.65521415404888,ALL_HALO_FLUX_COMPLETE,3,0.21544346900318834,861773.8760127533,0.00012148190975376773,OK,13530135.638163162,ANGULAR_JUMP_CORRECTION_REQUIRED,True,GEOMETRIC_FP_DOMAIN_PASS,NONLOCAL_JUMP_OPERATOR_REQUIRED,6,0.46415888336127786,923,SUBGRID_COUPLING_READY,378905668.2604686,378905668.2604686,,INTERFACE_COMPLETE,5.1573271880528,1242304.748562691,0.009933807371046145,0.051231894835575595,,1441.911303342234,7093845312.108502,1035.1529795279162,1000.0,171.86451513236364,2,s1000_h06_bh03,80.0
118.40432112050101,ALL_HALO_FLUX_COMPLETE,4,0.2782559402207124,1113023.7608828498,0.0001568999198478471,OK,18473741.39977205,ANGULAR_JUMP_CORRECTION_REQUIRED,True,GEOMETRIC_FP_DOMAIN_PASS,NONLOCAL_JUMP_OPERATOR_REQUIRED,6,0.46415888336127786,924,SUBGRID_COUPLING_READY,381195880.3721992,381195880.3721992,,INTERFACE_COMPLETE,6.285638916932718,972697.1182819374,0.008242360106276611,0.05180849945138596,,1440.7394636715253,7093845312.108502,1476.9273443619647,1000.0,193.8124884526786,2,s1000_h06_bh04,80.0
109.6798683451807,ALL_HALO_FLUX_COMPLETE,5,0.35938136638046275,1437525.465521851,0.00020264403892034907,OK,25694478.234197736,ANGULAR_JUMP_CORRECTION_REQUIRED,True,GEOMETRIC_FP_DOMAIN_PASS,NONLOCAL_JUMP_OPERATOR_REQUIRED,6,0.46415888336127786,925,SUBGRID_COUPLING_READY,384157402.1384951,384157402.1384951,,INTERFACE_COMPLETE,7.536659835416154,768412.2635138131,0.007013743336830048,0.052860197702604694,,1439.2303221246623,7093845312.108502,2079.1115171154183,1000.0,217.70508386493475,2,s1000_h06_bh05,80.0
102.5118994558545,ALL_HALO_FLUX_COMPLETE,6,0.46415888336127786,1856635.5334451115,0.00026172484058483987,OK,36623305.73275147,ANGULAR_JUMP_CORRECTION_REQUIRED,True,GEOMETRIC_FP_DOMAIN_PASS,NONLOCAL_JUMP_OPERATOR_REQUIRED,6,0.46415888336127786,926,SUBGRID_COUPLING_READY,388097324.7440371,388097324.7440371,,INTERFACE_COMPLETE,8.852154449697933,611819.2428503587,0.006140726519775205,0.05435865958640618,,1377.8979605707636,7093845312.108502,2890.449024714626,1000.0,243.67755992297165,2,s1000_h06_bh06,80.0
96.91935614675045,ALL_HALO_FLUX_COMPLETE,7,0.5994842503189409,2397937.001275764,0.0003380306301834238,OK,53964036.64192669,ANGULAR_JUMP_CORRECTION_REQUIRED,True,GEOMETRIC_FP_DOMAIN_PASS,NONLOCAL_JUMP_OPERATOR_REQUIRED,6,0.46415888336127786,927,SUBGRID_COUPLING_READY,393320569.4052203,393320569.4052203,,INTERFACE_COMPLETE,10.132519407612474,490760.6146606716,0.005557877564743102,0.05631530228989344,,1375.425023115997,7093845312.108502,3967.5144423760044,1000.0,271.8184576590362,2,s1000_h06_bh07,80.0
92.88416090235575,ALL_HALO_FLUX_COMPLETE,8,0.774263682681127,3097054.730724508,0.00043658334717817113,OK,83001244.18863793,PASS,True,GEOMETRIC_FP_DOMAIN_PASS,NONLOCAL_JUMP_OPERATOR_REQUIRED,6,0.46415888336127786,928,SUBGRID_COUPLING_READY,400081319.42421293,400081319.42421293,,INTERFACE_COMPLETE,11.237890912360571,396095.6076854814,0.005223757931329706,0.05870402178486156,,1372.2529315540357,7093845312.108502,5388.1475735725335,1000.0,302.33892393052434,2,s1000_h06_bh08,80.0
90.32059304114962,ALL_HALO_FLUX_COMPLETE,9,1.0,4000000.0,0.0005638690757990437,OK,134978710.18086803,PASS,True,GEOMETRIC_FP_DOMAIN_PASS,NONLOCAL_JUMP_OPERATOR_REQUIRED,6,0.46415888336127786,929,SUBGRID_COUPLING_READY,408837893.4491309,408837893.4491309,,INTERFACE_COMPLETE,12.003391328872494,321311.6634289464,0.0051239096786564265,0.0615042930067104,,1368.1918239476104,7093845312.108502,7254.840786848373,1000.0,335.49281626112986,2,s1000_h06_bh09,80.0
89.07051121812295,ALL_HALO_FLUX_COMPLETE,10,1.2589254117941673,5035701.647176669,0.0007098691084483076,OK,221976542.98339146,PASS,True,GEOMETRIC_FP_DOMAIN_PASS,NONLOCAL_JUMP_OPERATOR_REQUIRED,6,0.46415888336127786,930,SUBGRID_COUPLING_READY,419273417.7555024,419273417.7555024,,INTERFACE_COMPLETE,12.276509718567905,267031.354191467,0.0052416290946659515,0.06434891052179484,,1306.516883079721,7093845312.108502,9433.364217167707,1000.0,367.86685036405134,2,s1000_h06_bh10,80.0
88.42761233133625,ALL_HALO_FLUX_COMPLETE,11,1.5848931924611136,6339572.769844455,0.000893672259673244,OK,390741704.365517,PASS,True,GEOMETRIC_FP_DOMAIN_PASS,NONLOCAL_JUMP_OPERATOR_REQUIRED,6,0.46415888336127786,931,SUBGRID_COUPLING_READY,432687886.93832445,432687886.93832445,,INTERFACE_COMPLETE,12.089071883637782,222383.978145557,0.005580710256589431,0.06746560745366428,,1300.8381988506505,7093845312.108502,12234.747580501877,1000.0,402.9786687397386,2,s1000_h06_bh11,80.0
87.74174199109183,ALL_HALO_FLUX_COMPLETE,12,1.9952623149688797,7981049.259875519,0.0011250667175181628,OK,743098313.9957836,PASS,True,GEOMETRIC_FP_DOMAIN_PASS,NONLOCAL_JUMP_OPERATOR_REQUIRED,6,0.46415888336127786,932,SUBGRID_COUPLING_READY,743098313.9957836,743098313.9957836,,INTERFACE_COMPLETE,11.451637961659683,185423.30366457798,0.00618408777506551,0.07081793432317576,,8.770222706770793,7093845312.108502,15860.551162487549,1000.0,441.21012749878946,2,s1000_h06_bh12,80.0
86.13671768630732,ALL_HALO_FLUX_COMPLETE,13,2.51188643150958,10047545.72603832,0.0014163750806474647,OK,1535283527.435736,PASS,True,GEOMETRIC_FP_DOMAIN_PASS,NONLOCAL_JUMP_OPERATOR_REQUIRED,6,0.46415888336127786,933,SUBGRID_COUPLING_READY,1535283527.435736,1535283527.435736,,INTERFACE_COMPLETE,10.451788521288663,154691.03239978096,0.007116287155179793,0.07437792840270212,,7.465262370214653,7093845312.108502,20582.0806875882,1000.0,482.9654216155721,2,s1000_h06_bh13,80.0
82.73340557370871,ALL_HALO_FLUX_COMPLETE,14,3.1622776601683795,12649110.640673518,0.0017831105816591066,OK,3447120029.7769713,PASS,True,GEOMETRIC_FP_DOMAIN_PASS,NONLOCAL_JUMP_OPERATOR_REQUIRED,6,0.46415888336127786,934,SUBGRID_COUPLING_READY,3447120029.7769713,3447120029.7769713,,INTERFACE_COMPLETE,9.227550012963363,129080.41596016889,0.008467454832134902,0.0781338629460331,,6.250401411186491,7093845312.108502,26755.922794467242,1000.0,528.6456579183703,2,s1000_h06_bh14,80.0
77.00508348180765,ALL_HALO_FLUX_COMPLETE,15,3.981071705534973,15924286.822139893,0.002244803223289728,OK,8368822477.195069,PASS,True,GEOMETRIC_FP_DOMAIN_PASS,NONLOCAL_JUMP_OPERATOR_REQUIRED,6,0.46415888336127786,935,SUBGRID_COUPLING_READY,8368822477.195069,8368822477.195069,,INTERFACE_COMPLETE,7.924252087486843,107724.28726243733,0.01035939246433566,0.08209043736060732,,5.161863416384733,7093845312.108502,34844.825624902805,1000.0,578.6404465539287,2,s1000_h06_bh15,80.0
69.04056281402221,ALL_HALO_FLUX_COMPLETE,16,5.011872336272724,20047489.345090896,0.002826039822276895,OK,21765011834.89272,PASS,True,GEOMETRIC_FP_DOMAIN_PASS,NONLOCAL_JUMP_OPERATOR_REQUIRED,6,0.46415888336127786,936,SUBGRID_COUPLING_READY,21765011834.89272,21765011834.89272,,INTERFACE_COMPLETE,6.659086626949944,89921.66188310935,0.012954736989774276,0.08626671584425966,,4.217413599679517,7093845312.108502,45443.662588997664,1000.0,633.3280249392326,2,s1000_h06_bh16,80.0
59.51487124259996,ALL_HALO_FLUX_COMPLETE,17,6.309573444801933,25238293.779207733,0.0035577733470066545,OK,59899164556.86018,PASS,True,GEOMETRIC_FP_DOMAIN_PASS,NONLOCAL_JUMP_OPERATOR_REQUIRED,6,0.46415888336127786,937,SUBGRID_COUPLING_READY,59899164556.86018,59899164556.86018,,INTERFACE_COMPLETE,5.506277439736868,75089.1622169986,0.01647017103015004,0.0906893311719229,,3.418400219934077,7093845312.108502,59318.324350288145,1000.0,693.0971080910106,2,s1000_h06_bh17,80.0
49.39860124682979,ALL_HALO_FLUX_COMPLETE,18,7.943282347242816,31773129.38897126,0.004478971275950665,OK,171940558037.90454,PASS,True,GEOMETRIC_FP_DOMAIN_PASS,NONLOCAL_JUMP_OPERATOR_REQUIRED,6,0.46415888336127786,938,SUBGRID_COUPLING_READY,171940558037.90454,171940558037.90454,,INTERFACE_COMPLETE,4.500499306245817,62734.95774425089,0.02119472816599742,0.09538685940714006,,2.7549413066917263,7093845312.108502,77459.53929141682,1000.0,758.3652768995975,2,s1000_h06_bh18,80.0
39.6164405757146,ALL_HALO_FLUX_COMPLETE,19,10.0,40000000.0,0.005638690757990437,OK,506065891731.7358,PASS,True,GEOMETRIC_FP_DOMAIN_PASS,NONLOCAL_JUMP_OPERATOR_REQUIRED,6,0.46415888336127786,939,SUBGRID_COUPLING_READY,506065891731.7358,506065891731.7358,,INTERFACE_COMPLETE,3.6485507830005557,52444.52586186034,0.027514315197050974,0.10038737625592442,,2.2113279643936186,7093845312.108502,101152.71616124692,1000.0,829.5973252848424,2,s1000_h06_bh19,80.0
190.95179025829822,ALL_HALO_FLUX_COMPLETE,0,0.1,400000.0,4.3658334717817124e-05,OK,6847605.469061449,ANGULAR_JUMP_CORRECTION_REQUIRED,True,GEOMETRIC_FP_DOMAIN_PASS,NONLOCAL_JUMP_OPERATOR_REQUIRED,7,0.5994842503189409,940,SUBGRID_COUPLING_READY,578185346.6454115,578185346.6454115,,INTERFACE_COMPLETE,2.2955055756611404,3685615.345139477,0.030733399095463795,0.07054868898265619,,1573.0899336413493,9162053536.52114,170.41864822844207,1000.0,102.23802655659424,2,s1000_h07_bh00,80.0
174.70555991678202,ALL_HALO_FLUX_COMPLETE,1,0.1291549665014884,516619.8660059536,5.638690757990438e-05,OK,8988304.22337605,ANGULAR_JUMP_CORRECTION_REQUIRED,True,GEOMETRIC_FP_DOMAIN_PASS,NONLOCAL_JUMP_OPERATOR_REQUIRED,7,0.5994842503189409,941,SUBGRID_COUPLING_READY,579454775.5033826,579454775.5033826,,INTERFACE_COMPLETE,2.9027418611999227,2746313.788475285,0.023390084599259016,0.06789537770327676,,1572.628385731509,9162053536.52114,257.88748929830695,1000.0,117.43332327043113,2,s1000_h07_bh01,80.0
159.55047421528468,ALL_HALO_FLUX_COMPLETE,2,0.16681005372000587,667240.2148800235,7.282649159605072e-05,OK,11882526.228637122,ANGULAR_JUMP_CORRECTION_REQUIRED,True,GEOMETRIC_FP_DOMAIN_PASS,NONLOCAL_JUMP_OPERATOR_REQUIRED,7,0.5994842503189409,942,SUBGRID_COUPLING_READY,581095034.4008354,581095034.4008354,,INTERFACE_COMPLETE,3.6482650026410797,2079181.8407738474,0.018197312731666603,0.06638861918105421,,1572.0328910853204,9162053536.52114,383.57601837487834,1000.0,134.13866211284846,2,s1000_h07_bh02,80.0
145.68382135137009,ALL_HALO_FLUX_COMPLETE,3,0.21544346900318834,861773.8760127533,9.405903082508855e-05,OK,15848546.733114561,ANGULAR_JUMP_CORRECTION_REQUIRED,True,GEOMETRIC_FP_DOMAIN_PASS,NONLOCAL_JUMP_OPERATOR_REQUIRED,7,0.5994842503189409,943,SUBGRID_COUPLING_READY,583214719.4136031,583214719.4136031,,INTERFACE_COMPLETE,4.549435619372084,1595246.4940460562,0.014460474660078704,0.06578699849158949,,1571.2648104093837,9162053536.52114,561.5486438325892,1000.0,152.4521030456196,2,s1000_h07_bh03,80.0
133.23596531528824,ALL_HALO_FLUX_COMPLETE,4,0.2782559402207124,1113023.7608828498,0.00012148190975376776,OK,21378739.381257907,ANGULAR_JUMP_CORRECTION_REQUIRED,True,GEOMETRIC_FP_DOMAIN_PASS,NONLOCAL_JUMP_OPERATOR_REQUIRED,7,0.5994842503189409,944,SUBGRID_COUPLING_READY,585954393.1700245,585954393.1700245,,INTERFACE_COMPLETE,5.61644773169654,1237916.6802698378,0.011739594007899255,0.06593481613670406,,1570.2745188873128,9162053536.52114,810.18904447401,1000.0,172.48463449188202,2,s1000_h07_bh04,80.0
122.28293076384513,ALL_HALO_FLUX_COMPLETE,5,0.35938136638046275,1437525.465521851,0.00015689991984784712,OK,29264577.21888986,ANGULAR_JUMP_CORRECTION_REQUIRED,True,GEOMETRIC_FP_DOMAIN_PASS,NONLOCAL_JUMP_OPERATOR_REQUIRED,7,0.5994842503189409,945,SUBGRID_COUPLING_READY,589496180.4375556,589496180.4375556,,INTERFACE_COMPLETE,6.845205113038264,970113.6140536572,0.00974923701982269,0.0667355270963122,,1568.9983585778216,9162053536.52114,1153.1430151238555,1000.0,194.3539593565614,2,s1000_h07_bh05,80.0
112.8605559795372,ALL_HALO_FLUX_COMPLETE,6,0.46415888336127786,1856635.5334451115,0.00020264403892034907,OK,40837400.10679361,ANGULAR_JUMP_CORRECTION_REQUIRED,True,GEOMETRIC_FP_DOMAIN_PASS,NONLOCAL_JUMP_OPERATOR_REQUIRED,7,0.5994842503189409,946,SUBGRID_COUPLING_READY,594076182.4270015,594076182.4270015,,INTERFACE_COMPLETE,8.207595619538996,766851.8396731832,0.008301204629286381,0.06813293075222773,,1567.354868779982,9162053536.52114,1620.3910135943704,1000.0,218.18245577482767,2,s1000_h07_bh06,80.0
104.97577128677534,ALL_HALO_FLUX_COMPLETE,7,0.5994842503189409,2397937.001275764,0.0002617248405848399,OK,58454758.67906962,ANGULAR_JUMP_CORRECTION_REQUIRED,True,GEOMETRIC_FP_DOMAIN_PASS,NONLOCAL_JUMP_OPERATOR_REQUIRED,7,0.5994842503189409,947,SUBGRID_COUPLING_READY,600214355.5906621,600214355.5906621,,INTERFACE_COMPLETE,9.640199461226167,610854.2150326979,0.007271236543741457,0.07009617061142441,,1500.5625187179312,9162053536.52114,2249.6905327936943,1000.0,244.10226755263716,2,s1000_h07_bh07,80.0
98.61373532087093,ALL_HALO_FLUX_COMPLETE,8,0.774263682681127,3097054.730724508,0.00033803063018342385,OK,86602582.68337636,ANGULAR_JUMP_CORRECTION_REQUIRED,True,GEOMETRIC_FP_DOMAIN_PASS,NONLOCAL_JUMP_OPERATOR_REQUIRED,7,0.5994842503189409,948,SUBGRID_COUPLING_READY,608296876.32716,608296876.32716,,INTERFACE_COMPLETE,11.034546300472853,490149.5598741691,0.00658327451060709,0.07264344739601669,,1497.8694330454387,9162053536.52114,3084.864197562246,1000.0,272.2000685526674,2,s1000_h07_bh08,80.0
93.70929683688752,ALL_HALO_FLUX_COMPLETE,9,1.0,4000000.0,0.00043658334717817124,OK,134124920.49053808,PASS,True,GEOMETRIC_FP_DOMAIN_PASS,NONLOCAL_JUMP_OPERATOR_REQUIRED,7,0.5994842503189409,949,SUBGRID_COUPLING_READY,618758901.3006438,618758901.3006438,,INTERFACE_COMPLETE,12.238321250975515,395700.06844550994,0.006189038958542662,0.07574344700944803,,1494.4149524960703,9162053536.52114,4186.2234824684765,1000.0,302.68580677531054,2,s1000_h07_bh09,80.0
90.42391456584151,ALL_HALO_FLUX_COMPLETE,10,1.2589254117941673,5035701.647176669,0.0005496258701287551,OK,208752657.9673826,PASS,True,GEOMETRIC_FP_DOMAIN_PASS,NONLOCAL_JUMP_OPERATOR_REQUIRED,7,0.5994842503189409,950,SUBGRID_COUPLING_READY,630791387.0546161,630791387.0546161,,INTERFACE_COMPLETE,13.010317410589076,327771.42065525125,0.006071026541544842,0.07898598231360925,,1490.4850614312975,9162053536.52114,5470.058327874474,1000.0,332.370485784247,2,s1000_h07_bh10,80.0
87.98498844493874,ALL_HALO_FLUX_COMPLETE,11,1.5848931924611136,6339572.769844455,0.0006919379748845705,OK,344068380.99204314,PASS,True,GEOMETRIC_FP_DOMAIN_PASS,NONLOCAL_JUMP_OPERATOR_REQUIRED,7,0.5994842503189409,951,SUBGRID_COUPLING_READY,646540108.79847,646540108.79847,,INTERFACE_COMPLETE,13.360488309471936,272355.1358210198,0.00618432319666218,0.08262557777100117,,1423.4349527269287,9162053536.52114,7112.695724244065,1000.0,364.44202088362505,2,s1000_h07_bh11,80.0
86.0027734045012,ALL_HALO_FLUX_COMPLETE,12,1.9952623149688797,7981049.259875519,0.0008710982999675801,OK,607158222.8630499,PASS,True,GEOMETRIC_FP_DOMAIN_PASS,NONLOCAL_JUMP_OPERATOR_REQUIRED,7,0.5994842503189409,952,SUBGRID_COUPLING_READY,666779955.3834196,666779955.3834196,,INTERFACE_COMPLETE,13.213142632718743,226798.51220177772,0.006555608630263713,0.08662019187595639,,1417.3974643861372,9162053536.52114,9223.49414039185,1000.0,399.2167165133847,2,s1000_h07_bh12,80.0
83.8795666363367,ALL_HALO_FLUX_COMPLETE,13,2.51188643150958,10047545.72603832,0.0010966477859998846,OK,1157807399.0678644,PASS,True,GEOMETRIC_FP_DOMAIN_PASS,NONLOCAL_JUMP_OPERATOR_REQUIRED,7,0.5994842503189409,953,SUBGRID_COUPLING_READY,1157807399.0678644,1157807399.0678644,,INTERFACE_COMPLETE,12.570088151699814,189100.31074870375,0.007233239734613983,0.09092246108647553,,9.712606672398236,9162053536.52114,11953.490548530712,1000.0,437.0722526130397,2,s1000_h07_bh13,80.0
80.8710735880957,ALL_HALO_FLUX_COMPLETE,14,3.1622776601683795,12649110.640673518,0.0013805977655830667,OK,2399091117.615104,PASS,True,GEOMETRIC_FP_DOMAIN_PASS,NONLOCAL_JUMP_OPERATOR_REQUIRED,7,0.5994842503189409,954,SUBGRID_COUPLING_READY,2399091117.615104,2399091117.615104,,INTERFACE_COMPLETE,11.518294837212917,157761.74926467892,0.008290724086260508,0.09549500443953118,,8.28381974271507,9162053536.52114,15506.356415474065,1000.0,478.41146909560604,2,s1000_h07_bh14,80.0
76.29648086185585,ALL_HALO_FLUX_COMPLETE,15,3.981071705534973,15924286.822139893,0.0017380696105587694,OK,5402803176.6884775,PASS,True,GEOMETRIC_FP_DOMAIN_PASS,NONLOCAL_JUMP_OPERATOR_REQUIRED,7,0.5994842503189409,955,SUBGRID_COUPLING_READY,5402803176.6884775,5402803176.6884775,,INTERFACE_COMPLETE,10.204140752385612,131645.81813632822,0.009831268733731548,0.10031964993352459,,6.947591708577936,9162053536.52114,20150.870665734965,1000.0,523.6391094492891,2,s1000_h07_bh15,80.0
69.82750439270063,ALL_HALO_FLUX_COMPLETE,16,5.011872336272724,20047489.345090896,0.002188100000199627,OK,13152836146.62208,PASS,True,GEOMETRIC_FP_DOMAIN_PASS,NONLOCAL_JUMP_OPERATOR_REQUIRED,7,0.5994842503189409,956,SUBGRID_COUPLING_READY,13152836146.62208,13152836146.62208,,INTERFACE_COMPLETE,8.787285102635531,109865.96626251147,0.011994645101080729,0.10540036620812694,,5.745532733671742,9162053536.52114,26236.028113682918,1000.0,573.1473180680999,2,s1000_h07_bh16,80.0
61.66499606912725,ALL_HALO_FLUX_COMPLETE,17,6.309573444801933,25238293.779207733,0.0027546546937981323,OK,34268937047.72936,PASS,True,GEOMETRIC_FP_DOMAIN_PASS,NONLOCAL_JUMP_OPERATOR_REQUIRED,7,0.5994842503189409,957,SUBGRID_COUPLING_READY,34268937047.72936,34268937047.72936,,INTERFACE_COMPLETE,7.400009986614611,91707.40657678634,0.014967561331437198,0.11076010332790195,,4.6992161563589905,9162053536.52114,34210.94806468368,1000.0,627.316506035393,2,s1000_h07_bh17,80.0
52.46372684933212,ALL_HALO_FLUX_COMPLETE,18,7.943282347242816,31773129.38897126,0.003467904794740549,OK,94286272033.40482,PASS,True,GEOMETRIC_FP_DOMAIN_PASS,NONLOCAL_JUMP_OPERATOR_REQUIRED,7,0.5994842503189409,958,SUBGRID_COUPLING_READY,94286272033.40482,94286272033.40482,,INTERFACE_COMPLETE,6.128423794031071,76576.25750124255,0.018998717601369865,0.116432193004312,,3.811836918989151,9162053536.52114,44654.25942702548,1000.0,686.536930732074,2,s1000_h07_bh18,80.0
43.064895750565945,ALL_HALO_FLUX_COMPLETE,19,10.0,40000000.0,0.004365833471781712,OK,269537003690.68887,PASS,True,GEOMETRIC_FP_DOMAIN_PASS,NONLOCAL_JUMP_OPERATOR_REQUIRED,7,0.5994842503189409,959,SUBGRID_COUPLING_READY,269537003690.68887,269537003690.68887,,INTERFACE_COMPLETE,5.0145196708588085,63972.179380802074,0.024419723782317868,0.12245318526337161,,3.073687568598891,9162053536.52114,58314.60735804564,1000.0,751.2268713434947,2,s1000_h07_bh19,80.0
215.46876979750908,ALL_HALO_FLUX_COMPLETE,0,0.1,400000.0,3.3803063018342384e-05,OK,8313032.877701984,ANGULAR_JUMP_CORRECTION_REQUIRED,True,GEOMETRIC_FP_DOMAIN_PASS,NONLOCAL_JUMP_OPERATOR_REQUIRED,8,0.774263682681127,960,SUBGRID_COUPLING_READY,892484590.951926,892484590.951926,,INTERFACE_COMPLETE,1.9675409336846152,4928990.330995805,0.04795270713514478,0.09434891416938768,,1713.5205459374126,11833247175.94231,90.44126785771543,1000.0,90.11216162883834,2,s1000_h08_bh00,80.0
197.63668096013848,ALL_HALO_FLUX_COMPLETE,1,0.1291549665014884,516619.8660059536,4.3658334717817124e-05,OK,10855044.96166068,ANGULAR_JUMP_CORRECTION_REQUIRED,True,GEOMETRIC_FP_DOMAIN_PASS,NONLOCAL_JUMP_OPERATOR_REQUIRED,8,0.774263682681127,961,SUBGRID_COUPLING_READY,894004404.542617,894004404.542617,,INTERFACE_COMPLETE,2.4998582818994017,3629413.4044590113,0.03589311092639139,0.08972769061247343,,1713.1310594413624,11833247175.94231,137.30124955513938,1000.0,103.60212309447306,2,s1000_h08_bh01,80.0
180.6373404867421,ALL_HALO_FLUX_COMPLETE,2,0.16681005372000587,667240.2148800235,5.6386907579904376e-05,OK,14261418.457128763,ANGULAR_JUMP_CORRECTION_REQUIRED,True,GEOMETRIC_FP_DOMAIN_PASS,NONLOCAL_JUMP_OPERATOR_REQUIRED,8,0.774263682681127,962,SUBGRID_COUPLING_READY,895967996.4765049,895967996.4765049,,INTERFACE_COMPLETE,3.1611525403708693,2716976.9189751586,0.027443636502169622,0.08675352124584822,,1712.628423169364,11833247175.94231,205.5955475666474,1000.0,118.5830934471496,2,s1000_h08_bh02,80.0
164.7480726252247,ALL_HALO_FLUX_COMPLETE,3,0.21544346900318834,861773.8760127533,7.28264915960507e-05,OK,18875589.122656852,ANGULAR_JUMP_CORRECTION_REQUIRED,True,GEOMETRIC_FP_DOMAIN_PASS,NONLOCAL_JUMP_OPERATOR_REQUIRED,8,0.774263682681127,963,SUBGRID_COUPLING_READY,898505209.515262,898505209.515262,,INTERFACE_COMPLETE,3.973044360299282,2063304.1435080534,0.02141667812799105,0.08508941225275983,,1711.9799158257576,11833247175.94231,303.5358507351006,1000.0,135.1170793673914,2,s1000_h08_bh03,80.0
150.16760968083645,ALL_HALO_FLUX_COMPLETE,4,0.2782559402207124,1113023.7608828498,9.405903082508855e-05,OK,25213676.567047387,ANGULAR_JUMP_CORRECTION_REQUIRED,True,GEOMETRIC_FP_DOMAIN_PASS,NONLOCAL_JUMP_OPERATOR_REQUIRED,8,0.774263682681127,964,SUBGRID_COUPLING_READY,901784032.7839361,901784032.7839361,,INTERFACE_COMPLETE,4.954439854836713,1586367.8533905912,0.017054253909859027,0.08449427526551041,,1711.1434583327928,11833247175.94231,442.0195667802546,1000.0,153.29283314019614,2,s1000_h08_bh04,80.0
137.02276924831705,ALL_HALO_FLUX_COMPLETE,5,0.35938136638046275,1437525.465521851,0.00012148190975376777,OK,34078081.10321325,ANGULAR_JUMP_CORRECTION_REQUIRED,True,GEOMETRIC_FP_DOMAIN_PASS,NONLOCAL_JUMP_OPERATOR_REQUIRED,8,0.774263682681127,965,SUBGRID_COUPLING_READY,906021909.3830916,906021909.3830916,,INTERFACE_COMPLETE,6.116440546171574,1232804.512354846,0.013865321764275735,0.08480641622473128,,1710.065008125922,11833247175.94231,635.2881765432182,1000.0,173.21370761278055,2,s1000_h08_bh05,80.0
125.38054782593446,ALL_HALO_FLUX_COMPLETE,6,0.46415888336127786,1856635.5334451115,0.0001568999198478471,OK,46765746.15270441,ANGULAR_JUMP_CORRECTION_REQUIRED,True,GEOMETRIC_FP_DOMAIN_PASS,NONLOCAL_JUMP_OPERATOR_REQUIRED,8,0.774263682681127,966,SUBGRID_COUPLING_READY,911500584.2624284,911500584.2624284,,INTERFACE_COMPLETE,7.454585549503761,967091.1755509592,0.01152628952291104,0.08592371131688924,,1708.6752402453544,11833247175.94231,901.6578522724991,1000.0,194.99172568115875,2,s1000_h08_bh06,80.0
115.26146029786901,ALL_HALO_FLUX_COMPLETE,7,0.5994842503189409,2397937.001275764,0.00020264403892034905,OK,65471413.43287796,ANGULAR_JUMP_CORRECTION_REQUIRED,True,GEOMETRIC_FP_DOMAIN_PASS,NONLOCAL_JUMP_OPERATOR_REQUIRED,8,0.774263682681127,967,SUBGRID_COUPLING_READY,918836059.9835358,918836059.9835358,,INTERFACE_COMPLETE,8.938260094653176,765020.686665213,0.009821479371310816,0.08778693713504683,,1636.4315980146816,11833247175.94231,1264.3495029532503,1000.0,218.74558982881143,2,s1000_h08_bh07,80.0
106.64954014189246,ALL_HALO_FLUX_COMPLETE,8,0.774263682681127,3097054.730724508,0.00026172484058483987,OK,94106971.9832063,ANGULAR_JUMP_CORRECTION_REQUIRED,True,GEOMETRIC_FP_DOMAIN_PASS,NONLOCAL_JUMP_OPERATOR_REQUIRED,8,0.774263682681127,968,SUBGRID_COUPLING_READY,928515379.3843995,928515379.3843995,,INTERFACE_COMPLETE,10.49839857407769,609719.2175519037,0.00860745291831401,0.09036447144406866,,1634.147039196128,11833247175.94231,1752.6141197807674,1000.0,244.60375984841363,2,s1000_h08_bh08,80.0
99.49806183789711,ALL_HALO_FLUX_COMPLETE,9,1.0,4000000.0,0.00033803063018342385,OK,140165273.28855473,ANGULAR_JUMP_CORRECTION_REQUIRED,True,GEOMETRIC_FP_DOMAIN_PASS,NONLOCAL_JUMP_OPERATOR_REQUIRED,8,0.774263682681127,969,SUBGRID_COUPLING_READY,941030471.8794131,941030471.8794131,,INTERFACE_COMPLETE,12.016874299377209,489429.667205107,0.0077961055943078965,0.09368482095146945,,1631.2142070594446,11833247175.94231,2400.3974825841037,1000.0,272.65130693706544,2,s1000_h08_bh09,80.0
94.22384673322658,ALL_HALO_FLUX_COMPLETE,10,1.2589254117941673,5035701.647176669,0.00042555535030270876,OK,208539873.1980497,PASS,True,GEOMETRIC_FP_DOMAIN_PASS,NONLOCAL_JUMP_OPERATOR_REQUIRED,8,0.774263682681127,970,SUBGRID_COUPLING_READY,955415777.9156928,955415777.9156928,,INTERFACE_COMPLETE,13.211570162367615,403675.8899921603,0.007363042649864748,0.09727735457719328,,1627.8717290985758,11833247175.94231,3158.1588032553145,1000.0,299.93708486525725,2,s1000_h08_bh10,80.0
89.91196494390317,ALL_HALO_FLUX_COMPLETE,11,1.5848931924611136,6339572.769844455,0.0005357424446210487,OK,325075470.1115026,PASS,True,GEOMETRIC_FP_DOMAIN_PASS,NONLOCAL_JUMP_OPERATOR_REQUIRED,8,0.774263682681127,971,SUBGRID_COUPLING_READY,973575888.6679262,973575888.6679262,,INTERFACE_COMPLETE,14.095663049534945,334310.50263342215,0.007195209623691627,0.10142125042632831,,1555.9612542812195,11833247175.94231,4126.790578503933,1000.0,329.3430881827977,2,s1000_h08_bh11,80.0
86.32876342011372,ALL_HALO_FLUX_COMPLETE,12,1.9952623149688797,7981049.259875519,0.0006744597777101676,OK,536681718.4226101,PASS,True,GEOMETRIC_FP_DOMAIN_PASS,NONLOCAL_JUMP_OPERATOR_REQUIRED,8,0.774263682681127,972,SUBGRID_COUPLING_READY,997755467.4248843,997755467.4248843,,INTERFACE_COMPLETE,14.533395122438346,277749.43875110196,0.00729902832881177,0.10607966271249229,,1550.7997191999682,11833247175.94231,5365.655634442658,1000.0,361.11008587470445,2,s1000_h08_bh12,80.0
83.09843161644727,ALL_HALO_FLUX_COMPLETE,13,2.51188643150958,10047545.72603832,0.0008490945533923751,OK,948714821.2238921,PASS,True,GEOMETRIC_FP_DOMAIN_PASS,NONLOCAL_JUMP_OPERATOR_REQUIRED,8,0.774263682681127,973,SUBGRID_COUPLING_READY,1028325787.5722773,1028325787.5722773,,INTERFACE_COMPLETE,14.43476805177291,231273.61711725802,0.007703626585273977,0.11120006291590123,,1544.3809753189753,11833247175.94231,6956.587363663765,1000.0,395.54862047581446,2,s1000_h08_bh13,80.0
79.69016592515476,ALL_HALO_FLUX_COMPLETE,14,3.1622776601683795,12649110.640673518,0.0010689467102816803,OK,1812474636.8153288,PASS,True,GEOMETRIC_FP_DOMAIN_PASS,NONLOCAL_JUMP_OPERATOR_REQUIRED,8,0.774263682681127,974,SUBGRID_COUPLING_READY,1812474636.8153288,1812474636.8153288,,INTERFACE_COMPLETE,13.791360778663272,192830.19926069077,0.00846343904181137,0.11672234125384479,,10.75376615239188,11833247175.94231,9012.597765548995,1000.0,433.0296026765866,2,s1000_h08_bh14,80.0
75.49204677022642,ALL_HALO_FLUX_COMPLETE,15,3.981071705534973,15924286.822139893,0.001345724177427385,OK,3762823014.462202,PASS,True,GEOMETRIC_FP_DOMAIN_PASS,NONLOCAL_JUMP_OPERATOR_REQUIRED,8,0.774263682681127,975,SUBGRID_COUPLING_READY,3762823014.462202,3762823014.462202,,INTERFACE_COMPLETE,12.688292305531672,160877.84474714744,0.009662110601237705,0.12259568359688036,,9.190192076198532,11833247175.94231,11686.801260879804,1000.0,473.956369951782,2,s1000_h08_bh15,80.0
69.99810948763331,ALL_HALO_FLUX_COMPLETE,16,5.011872336272724,20047489.345090896,0.0016941663642291377,OK,8489528105.670827,PASS,True,GEOMETRIC_FP_DOMAIN_PASS,NONLOCAL_JUMP_OPERATOR_REQUIRED,8,0.774263682681127,976,SUBGRID_COUPLING_READY,8489528105.670827,8489528105.670827,,INTERFACE_COMPLETE,11.280131071509464,134250.85133692075,0.011417784518019128,0.12879410590950727,,7.721203726172179,11833247175.94231,15181.505498844843,1000.0,518.7339814516907,2,s1000_h08_bh16,80.0
63.034248429973985,ALL_HALO_FLUX_COMPLETE,17,6.309573444801933,25238293.779207733,0.002132829087734994,OK,20695380356.16777,PASS,True,GEOMETRIC_FP_DOMAIN_PASS,NONLOCAL_JUMP_OPERATOR_REQUIRED,8,0.774263682681127,977,SUBGRID_COUPLING_READY,20695380356.16777,20695380356.16777,,INTERFACE_COMPLETE,9.74163392571999,112041.8662394806,0.01389080672929849,0.1353191540897537,,6.394332222341356,11833247175.94231,19760.146684415227,1000.0,567.7600284987487,2,s1000_h08_bh17,80.0
54.86621234912775,ALL_HALO_FLUX_COMPLETE,18,7.943282347242816,31773129.38897126,0.002685072737563355,OK,53923445030.733574,PASS,True,GEOMETRIC_FP_DOMAIN_PASS,NONLOCAL_JUMP_OPERATOR_REQUIRED,8,0.774263682681127,978,SUBGRID_COUPLING_READY,53923445030.733574,53923445030.733574,,INTERFACE_COMPLETE,8.221691720207886,93522.35940584635,0.01729550337704181,0.14219829691185218,,5.235535551707122,11833247175.94231,25761.90324340161,1000.0,621.4167444719205,2,s1000_h08_bh18,80.0
46.09950048759578,ALL_HALO_FLUX_COMPLETE,19,10.0,40000000.0,0.0033803063018342386,OK,147969542332.61334,PASS,True,GEOMETRIC_FP_DOMAIN_PASS,NONLOCAL_JUMP_OPERATOR_REQUIRED,8,0.774263682681127,979,SUBGRID_COUPLING_READY,147969542332.61334,147969542332.61334,,INTERFACE_COMPLETE,6.819858584735611,78087.87395867577,0.021917305925424617,0.14947292696978376,,4.250246265849288,11833247175.94231,33624.2427368016,1000.0,680.0964863499278,2,s1000_h08_bh19,80.0
240.63836934130768,ALL_HALO_FLUX_COMPLETE,0,0.1,400000.0,2.6172484058483986e-05,OK,10223524.947556147,ANGULAR_JUMP_CORRECTION_REQUIRED,True,GEOMETRIC_FP_DOMAIN_PASS,NONLOCAL_JUMP_OPERATOR_REQUIRED,9,1.0,980,SUBGRID_COUPLING_READY,1377518042.0976267,1377518042.0976267,,INTERFACE_COMPLETE,1.6802287601060957,6578446.607357428,0.07494348422605114,0.12592219757916864,,1866.3918373355987,15283226426.126614,49.53665837161519,1000.0,80.27235466692618,2,s1000_h09_bh00,80.0
221.6428784507713,ALL_HALO_FLUX_COMPLETE,1,0.1291549665014884,516619.8660059536,3.3803063018342384e-05,OK,13286192.10432112,ANGULAR_JUMP_CORRECTION_REQUIRED,True,GEOMETRIC_FP_DOMAIN_PASS,NONLOCAL_JUMP_OPERATOR_REQUIRED,9,1.0,981,SUBGRID_COUPLING_READY,1379337170.0427718,1379337170.0427718,,INTERFACE_COMPLETE,2.142697255976373,4808588.618515522,0.0554813298148829,0.11887969315226972,,1866.0632208365269,15283226426.126614,74.41960545102577,1000.0,91.9588785209801,2,s1000_h09_bh01,80.0
203.12569851454032,ALL_HALO_FLUX_COMPLETE,2,0.16681005372000587,667240.2148800235,4.365833471781711e-05,OK,17360804.779723555,ANGULAR_JUMP_CORRECTION_REQUIRED,True,GEOMETRIC_FP_DOMAIN_PASS,NONLOCAL_JUMP_OPERATOR_REQUIRED,9,1.0,982,SUBGRID_COUPLING_READY,1381687295.929352,1381687295.929352,,INTERFACE_COMPLETE,2.72240307139361,3567244.423704766,0.04183902969343068,0.11390270294152414,,1865.6390610988346,15283226426.126614,111.19476159106779,1000.0,105.16598690476904,2,s1000_h09_bh02,80.0
185.44727684841607,ALL_HALO_FLUX_COMPLETE,3,0.21544346900318834,861773.8760127533,5.6386907579904356e-05,OK,22828892.609770216,ANGULAR_JUMP_CORRECTION_REQUIRED,True,GEOMETRIC_FP_DOMAIN_PASS,NONLOCAL_JUMP_OPERATOR_REQUIRED,9,1.0,983,SUBGRID_COUPLING_READY,1384723655.3331773,1384723655.3331773,,INTERFACE_COMPLETE,3.44256770368221,2683893.019423603,0.03215103691965367,0.1106821213394941,,1865.0916786569605,15283226426.126614,164.60356862652586,1000.0,119.91354191311946,2,s1000_h09_bh03,80.0
168.88914117058968,ALL_HALO_FLUX_COMPLETE,4,0.2782559402207124,1113023.7608828498,7.28264915960507e-05,OK,30249516.69574885,ANGULAR_JUMP_CORRECTION_REQUIRED,True,GEOMETRIC_FP_DOMAIN_PASS,NONLOCAL_JUMP_OPERATOR_REQUIRED,9,1.0,984,SUBGRID_COUPLING_READY,1388647035.006254,1388647035.006254,,INTERFACE_COMPLETE,4.326736538458339,2045156.356740346,0.02517615767472092,0.10893060130920333,,1864.385439268577,15283226426.126614,241.01369477950053,1000.0,136.25675051762224,2,s1000_h09_bh04,80.0
153.65007865925193,ALL_HALO_FLUX_COMPLETE,5,0.35938136638046275,1437525.465521851,9.405903082508855e-05,OK,40466366.72802469,ANGULAR_JUMP_CORRECTION_REQUIRED,True,GEOMETRIC_FP_DOMAIN_PASS,NONLOCAL_JUMP_OPERATOR_REQUIRED,9,1.0,985,SUBGRID_COUPLING_READY,1393829562.1948645,1393829562.1948645,,INTERFACE_COMPLETE,5.395498767071763,1576124.0368149485,0.020095244304162006,0.10842386586711197,,1786.7121197677984,15283226426.126614,348.8707330714605,1000.0,154.27651427808746,2,s1000_h09_bh05,80.0
139.8524153524493,ALL_HALO_FLUX_COMPLETE,6,0.46415888336127786,1856635.5334451115,0.00012148190975376773,OK,54797282.037227534,ANGULAR_JUMP_CORRECTION_REQUIRED,True,GEOMETRIC_FP_DOMAIN_PASS,NONLOCAL_JUMP_OPERATOR_REQUIRED,9,1.0,986,SUBGRID_COUPLING_READY,1400758759.9126809,1400758759.9126809,,INTERFACE_COMPLETE,6.660944202101759,1226866.6858099422,0.016364667475868414,0.10900413694270893,,1785.5468433799804,15283226426.126614,499.2083177600363,1000.0,174.06944526511975,2,s1000_h09_bh06,80.0
127.55369226262079,ALL_HALO_FLUX_COMPLETE,7,0.5994842503189409,2397937.001275764,0.00015689991984784707,OK,75383417.7125012,ANGULAR_JUMP_CORRECTION_REQUIRED,True,GEOMETRIC_FP_DOMAIN_PASS,NONLOCAL_JUMP_OPERATOR_REQUIRED,9,1.0,987,SUBGRID_COUPLING_READY,1409717237.1523426,1409717237.1523426,,INTERFACE_COMPLETE,8.118214837568983,963563.3471715833,0.01361997935793617,0.11056991851098068,,1784.0452600844928,15283226426.126614,706.214674261203,1000.0,195.7423970269582,2,s1000_h09_bh07,80.0
116.75940592638575,ALL_HALO_FLUX_COMPLETE,8,0.774263682681127,3097054.730724508,0.00020264403892034902,OK,105868647.76569238,ANGULAR_JUMP_CORRECTION_REQUIRED,True,GEOMETRIC_FP_DOMAIN_PASS,NONLOCAL_JUMP_OPERATOR_REQUIRED,9,1.0,988,SUBGRID_COUPLING_READY,1421302688.7009833,1421302688.7009833,,INTERFACE_COMPLETE,9.733970485762887,762875.8157292857,0.011615332630966741,0.11306330501214884,,1782.111586411913,15283226426.126614,987.8791702943988,1000.0,219.40935903919006,2,s1000_h09_bh08,80.0
107.43224971067013,ALL_HALO_FLUX_COMPLETE,9,1.0,4000000.0,0.00026172484058483987,OK,152787513.45320058,ANGULAR_JUMP_CORRECTION_REQUIRED,True,GEOMETRIC_FP_DOMAIN_PASS,NONLOCAL_JUMP_OPERATOR_REQUIRED,9,1.0,989,SUBGRID_COUPLING_READY,1436290844.2864077,1436290844.2864077,,INTERFACE_COMPLETE,11.432997114167414,608386.2729594831,0.010185872901434847,0.11645505548738067,,1779.6236493998667,15283226426.126614,1366.8627302614711,1000.0,245.19572585202053,2,s1000_h09_bh09,80.0
100.23179856480861,ALL_HALO_FLUX_COMPLETE,10,1.2589254117941673,5035701.647176669,0.0003294920527100323,OK,219268175.97173518,ANGULAR_JUMP_CORRECTION_REQUIRED,True,GEOMETRIC_FP_DOMAIN_PASS,NONLOCAL_JUMP_OPERATOR_REQUIRED,9,1.0,990,SUBGRID_COUPLING_READY,1453499999.622803,1453499999.622803,,INTERFACE_COMPLETE,12.928103053468753,499277.4162569693,0.009306493041425416,0.12031530110593763,,1776.7861932353665,15283226426.126614,1812.6619180333635,1000.0,270.2799703220018,2,s1000_h09_bh10,80.0
94.06072674104416,ALL_HALO_FLUX_COMPLETE,11,1.5848931924611136,6339572.769844455,0.0004148059181408829,OK,326564678.6192884,PASS,True,GEOMETRIC_FP_DOMAIN_PASS,NONLOCAL_JUMP_OPERATOR_REQUIRED,9,1.0,991,SUBGRID_COUPLING_READY,1475208435.0809336,1475208435.0809336,,INTERFACE_COMPLETE,14.256930193088902,411720.9033790248,0.008761043446358226,0.12490558483334825,,1773.2354063309076,15283226426.126614,2384.569210973407,1000.0,297.29840396958645,2,s1000_h09_bh11,80.0
88.76751832114118,ALL_HALO_FLUX_COMPLETE,12,1.9952623149688797,7981049.259875519,0.0005222097113101687,OK,509590064.838392,PASS,True,GEOMETRIC_FP_DOMAIN_PASS,NONLOCAL_JUMP_OPERATOR_REQUIRED,9,1.0,992,SUBGRID_COUPLING_READY,1503841322.9751,1503841322.9751,,INTERFACE_COMPLETE,15.265083709707609,340916.1142790493,0.008529572789498445,0.130204642639738,,1695.029183254403,15283226426.126614,3115.6215976134326,1000.0,326.421657971039,2,s1000_h09_bh12,80.0
84.11615056505241,ALL_HALO_FLUX_COMPLETE,13,2.51188643150958,10047545.72603832,0.0006574230758540671,OK,842176066.1802714,PASS,True,GEOMETRIC_FP_DOMAIN_PASS,NONLOCAL_JUMP_OPERATOR_REQUIRED,9,1.0,993,SUBGRID_COUPLING_READY,1540379016.565729,1540379016.565729,,INTERFACE_COMPLETE,15.801943201734856,283205.46497040195,0.008617277394482514,0.1361697279412064,,1689.5435624483355,15283226426.126614,4050.2272568862727,1000.0,357.8824014148918,2,s1000_h09_bh13,80.0
79.75861386173655,ALL_HALO_FLUX_COMPLETE,14,3.1622776601683795,12649110.640673518,0.0008276466164925696,OK,1490215490.9682584,PASS,True,GEOMETRIC_FP_DOMAIN_PASS,NONLOCAL_JUMP_OPERATOR_REQUIRED,9,1.0,994,SUBGRID_COUPLING_READY,1587403990.4394753,1587403990.4394753,,INTERFACE_COMPLETE,15.76175242450431,235803.8738936698,0.009055769801137823,0.142734801618837,,1611.870325882289,15283226426.126614,5249.697853530952,1000.0,391.98468788106254,2,s1000_h09_bh14,80.0
75.23920461419438,ALL_HALO_FLUX_COMPLETE,15,3.981071705534973,15924286.822139893,0.0010419453574879575,OK,2849604030.5562124,PASS,True,GEOMETRIC_FP_DOMAIN_PASS,NONLOCAL_JUMP_OPERATOR_REQUIRED,9,1.0,995,SUBGRID_COUPLING_READY,2849604030.5562124,2849604030.5562124,,INTERFACE_COMPLETE,15.124191378125618,196608.67786795713,0.009906253986721798,0.14982408113550036,,11.903744336321981,15283226426.126614,6798.601525314086,1000.0,429.0923282066244,2,s1000_h09_bh15,80.0
70.07146587323112,ALL_HALO_FLUX_COMPLETE,16,5.011872336272724,20047489.345090896,0.0013117314882425477,OK,5920782070.722034,PASS,True,GEOMETRIC_FP_DOMAIN_PASS,NONLOCAL_JUMP_OPERATOR_REQUIRED,9,1.0,996,SUBGRID_COUPLING_READY,5920782070.722034,5920782070.722034,,INTERFACE_COMPLETE,13.97122432799445,164037.31976334477,0.011263857275639106,0.15736987679646636,,10.193611916616199,15283226426.126614,8811.92993189113,1000.0,469.6078431360873,2,s1000_h09_bh16,80.0
63.89705389491293,ALL_HALO_FLUX_COMPLETE,17,6.309573444801933,25238293.779207733,0.001651372103999125,OK,13365334961.548824,PASS,True,GEOMETRIC_FP_DOMAIN_PASS,NONLOCAL_JUMP_OPERATOR_REQUIRED,9,1.0,997,SUBGRID_COUPLING_READY,13365334961.548824,13365334961.548824,,INTERFACE_COMPLETE,12.465098911491102,136893.44491668508,0.013263735836160601,0.16533377913363104,,8.579420584809409,15283226426.126614,11442.22161732913,1000.0,513.9402849027499,2,s1000_h09_bh17,80.0
56.6548043797407,ALL_HALO_FLUX_COMPLETE,18,7.943282347242816,31773129.38897126,0.0020789543060524985,OK,32573015318.011173,PASS,True,GEOMETRIC_FP_DOMAIN_PASS,NONLOCAL_JUMP_OPERATOR_REQUIRED,9,1.0,998,SUBGRID_COUPLING_READY,32573015318.011173,32573015318.011173,,INTERFACE_COMPLETE,10.79656711172217,114250.53163401395,0.016089830947861313,0.17371493964484902,,7.11539593474019,15283226426.126614,14888.107935982094,1000.0,562.4874366240612,2,s1000_h09_bh18,80.0
48.63761353789949,ALL_HALO_FLUX_COMPLETE,19,10.0,40000000.0,0.0026172484058483987,OK,84697058883.11449,PASS,True,GEOMETRIC_FP_DOMAIN_PASS,NONLOCAL_JUMP_OPERATOR_REQUIRED,9,1.0,999,SUBGRID_COUPLING_READY,84697058883.11449,84697058883.11449,,INTERFACE_COMPLETE,9.132664238432444,95365.39980304713,0.019988135406317043,0.182544929418217,,5.8324485979907585,15283226426.126614,19405.994493151586,1000.0,615.6373216403472,2,s1000_h09_bh19,80.0
263.0207613780003,ALL_HALO_FLUX_COMPLETE,0,0.1,400000.0,2.0789543060524982e-05,OK,12451850.9462308,ANGULAR_JUMP_CORRECTION_REQUIRED,True,GEOMETRIC_FP_DOMAIN_PASS,NONLOCAL_JUMP_OPERATOR_REQUIRED,10,1.2589254117941673,1000,SUBGRID_COUPLING_READY,2035525478.6905594,2035525478.6905594,,INTERFACE_COMPLETE,1.4541129640927641,8429263.95050457,0.11096102174556394,0.16134986022920364,,1932.621536895665,19240442122.054947,30.243598672675432,1000.0,73.5184353366398,2,s1000_h10_bh00,80.0
243.4443631429467,ALL_HALO_FLUX_COMPLETE,1,0.1291549665014884,516619.8660059536,2.6850727375633546e-05,OK,16115677.396306628,ANGULAR_JUMP_CORRECTION_REQUIRED,True,GEOMETRIC_FP_DOMAIN_PASS,NONLOCAL_JUMP_OPERATOR_REQUIRED,10,1.2589254117941673,1001,SUBGRID_COUPLING_READY,2037787882.4776812,2037787882.4776812,,INTERFACE_COMPLETE,1.8591828698805617,6164614.6380956285,0.08197357489709543,0.15240386623155106,,1932.3417272977072,19240442122.054947,44.2923850925584,1000.0,83.50437669695081,2,s1000_h10_bh01,80.0
223.95641261513677,ALL_HALO_FLUX_COMPLETE,2,0.16681005372000587,667240.2148800235,3.467904794740548e-05,OK,20964218.179951053,ANGULAR_JUMP_CORRECTION_REQUIRED,True,GEOMETRIC_FP_DOMAIN_PASS,NONLOCAL_JUMP_OPERATOR_REQUIRED,10,1.2589254117941673,1002,SUBGRID_COUPLING_READY,2040710560.6195958,2040710560.6195958,,INTERFACE_COMPLETE,2.370129498174455,4555982.302699398,0.06137777140158607,0.1454732665311076,,1931.98052101498,19240442122.054947,65.26264615241091,1000.0,95.04568466266585,2,s1000_h10_bh02,80.0
204.9807565844736,ALL_HALO_FLUX_COMPLETE,3,0.21544346900318834,861773.8760127533,4.4789712759506636e-05,OK,27426397.38839253,ANGULAR_JUMP_CORRECTION_REQUIRED,True,GEOMETRIC_FP_DOMAIN_PASS,NONLOCAL_JUMP_OPERATOR_REQUIRED,10,1.2589254117941673,1003,SUBGRID_COUPLING_READY,2044486439.2677648,2044486439.2677648,,INTERFACE_COMPLETE,3.010094724941151,3407608.3131371406,0.046685474787242935,0.14052770138845308,,1931.5143114273794,19240442122.054947,96.03024276281091,1000.0,108.14368873320012,2,s1000_h10_bh03,80.0
186.87512652569072,ALL_HALO_FLUX_COMPLETE,4,0.2782559402207124,1113023.7608828498,5.784813851065367e-05,OK,36118449.37153867,ANGULAR_JUMP_CORRECTION_REQUIRED,True,GEOMETRIC_FP_DOMAIN_PASS,NONLOCAL_JUMP_OPERATOR_REQUIRED,10,1.2589254117941673,1004,SUBGRID_COUPLING_READY,2049365020.704297,2049365020.704297,,INTERFACE_COMPLETE,3.8042934593548847,2579253.391243895,0.036111321703057635,0.13737806496360225,,1930.9126860018255,19240442122.054947,140.48475872357105,1000.0,122.82563109683502,2,s1000_h10_bh04,80.0
169.9145502596741,ALL_HALO_FLUX_COMPLETE,5,0.35938136638046275,1437525.465521851,7.471374391516936e-05,OK,47948722.22208197,ANGULAR_JUMP_CORRECTION_REQUIRED,True,GEOMETRIC_FP_DOMAIN_PASS,NONLOCAL_JUMP_OPERATOR_REQUIRED,10,1.2589254117941673,1005,SUBGRID_COUPLING_READY,2055669051.1003559,2055669051.1003559,,INTERFACE_COMPLETE,4.778024028825693,1974178.5645808869,0.028423175607945238,0.13580661603029467,,1930.1364992185074,19240442122.054947,203.83977802686124,1000.0,139.1471826845055,2,s1000_h10_bh05,80.0
154.288342846489,ALL_HALO_FLUX_COMPLETE,6,0.46415888336127786,1856635.5334451115,9.649651092564479e-05,OK,64297932.83496673,ANGULAR_JUMP_CORRECTION_REQUIRED,True,GEOMETRIC_FP_DOMAIN_PASS,NONLOCAL_JUMP_OPERATOR_REQUIRED,10,1.2589254117941673,1006,SUBGRID_COUPLING_READY,2063816074.462415,2063816074.462415,,INTERFACE_COMPLETE,5.952914529412805,1526514.6516741766,0.022783316158443367,0.13562713378780306,,1929.1354335214546,19240442122.054947,292.9961217070304,1000.0,157.18574862145852,2,s1000_h10_bh06,80.0
140.10672463465218,ALL_HALO_FLUX_COMPLETE,7,0.5994842503189409,2397937.001275764,0.0001246300363611216,OK,87337659.46541007,ANGULAR_JUMP_CORRECTION_REQUIRED,True,GEOMETRIC_FP_DOMAIN_PASS,NONLOCAL_JUMP_OPERATOR_REQUIRED,10,1.2589254117941673,1007,SUBGRID_COUPLING_READY,2074346951.6432407,2074346951.6432407,,INTERFACE_COMPLETE,7.340661587753893,1191294.0174353514,0.018622606886848744,0.1367022550381317,,1927.8448447808967,19240442122.054947,416.9564592612706,1000.0,177.03416728962182,2,s1000_h10_bh07,80.0
127.41274965237018,ALL_HALO_FLUX_COMPLETE,8,0.774263682681127,3097054.730724508,0.0001609658817129994,OK,120630419.63816978,ANGULAR_JUMP_CORRECTION_REQUIRED,True,GEOMETRIC_FP_DOMAIN_PASS,NONLOCAL_JUMP_OPERATOR_REQUIRED,10,1.2589254117941673,1008,SUBGRID_COUPLING_READY,2087962215.5600579,2087962215.5600579,,INTERFACE_COMPLETE,8.933547056329276,937506.2650380641,0.015553139895740782,0.1389447071322725,,1926.1819004855522,19240442122.054947,587.2697682309673,1000.0,198.79505018388468,2,s1000_h10_bh08,80.0
116.19433379230853,ALL_HALO_FLUX_COMPLETE,9,1.0,4000000.0,0.00020789543060524982,OK,170294968.43537888,ANGULAR_JUMP_CORRECTION_REQUIRED,True,GEOMETRIC_FP_DOMAIN_PASS,NONLOCAL_JUMP_OPERATOR_REQUIRED,10,1.2589254117941673,1009,SUBGRID_COUPLING_READY,2105570768.207124,2105570768.207124,,INTERFACE_COMPLETE,10.691713250151137,743441.7437397887,0.01331001608758953,0.14230687536340578,,1924.0405969330413,19240442122.054947,818.5701647220618,1000.0,222.57940308873222,2,s1000_h10_bh09,80.0
107.3118320416765,ALL_HALO_FLUX_COMPLETE,10,1.2589254117941673,5035701.647176669,0.00026172484058483987,OK,237983533.54642236,ANGULAR_JUMP_CORRECTION_REQUIRED,True,GEOMETRIC_FP_DOMAIN_PASS,NONLOCAL_JUMP_OPERATOR_REQUIRED,10,1.2589254117941673,1010,SUBGRID_COUPLING_READY,2125801104.6030862,2125801104.6030862,,INTERFACE_COMPLETE,12.345066314842336,606991.1677388404,0.011848623093065749,0.14627203782346898,,1921.59341491297,19240442122.054947,1094.0358161682861,1000.0,245.81878125508368,2,s1000_h10_bh10,80.0
99.50744979242303,ALL_HALO_FLUX_COMPLETE,11,1.5848931924611136,6339572.769844455,0.0003294920527100323,OK,342870729.24267757,ANGULAR_JUMP_CORRECTION_REQUIRED,True,GEOMETRIC_FP_DOMAIN_PASS,NONLOCAL_JUMP_OPERATOR_REQUIRED,10,1.2589254117941673,1011,SUBGRID_COUPLING_READY,2151589948.1293645,2151589948.1293645,,INTERFACE_COMPLETE,13.959444573148568,498348.76971433655,0.010830392398758987,0.15118626239592564,,1838.8033217992913,19240442122.054947,1448.9331624438325,1000.0,270.84743104793176,2,s1000_h10_bh11,80.0
92.66594167766617,ALL_HALO_FLUX_COMPLETE,12,1.9952623149688797,7981049.259875519,0.0004148059181408829,OK,513091294.7054981,PASS,True,GEOMETRIC_FP_DOMAIN_PASS,NONLOCAL_JUMP_OPERATOR_REQUIRED,10,1.2589254117941673,1012,SUBGRID_COUPLING_READY,2185590600.295812,2185590600.295812,,INTERFACE_COMPLETE,15.394279113537419,411092.4032611694,0.010199033893360188,0.15700677444281497,,1835.000836241187,19240442122.054947,1904.099346819188,1000.0,297.8190640291371,2,s1000_h10_bh12,80.0
86.62334341979043,ALL_HALO_FLUX_COMPLETE,13,2.51188643150958,10047545.72603832,0.0005222097113101685,OK,805251013.8500835,PASS,True,GEOMETRIC_FP_DOMAIN_PASS,NONLOCAL_JUMP_OPERATOR_REQUIRED,10,1.2589254117941673,1013,SUBGRID_COUPLING_READY,2228510425.1274014,2228510425.1274014,,INTERFACE_COMPLETE,16.48285824059565,340483.6984410828,0.009932137891115687,0.1637100208853085,,1830.2504114987369,19240442122.054947,2485.810316669774,1000.0,326.90372023092954,2,s1000_h10_bh13,80.0
81.14304092841077,ALL_HALO_FLUX_COMPLETE,14,3.1622776601683795,12649110.640673518,0.0006574230758540671,OK,1339737772.182097,PASS,True,GEOMETRIC_FP_DOMAIN_PASS,NONLOCAL_JUMP_OPERATOR_REQUIRED,10,1.2589254117941673,1014,SUBGRID_COUPLING_READY,2283124058.260784,2283124058.260784,,INTERFACE_COMPLETE,17.062545785746533,282903.02440859226,0.010036278420350594,0.1712444600657319,,1747.760495608742,19240442122.054947,3229.3958708931655,1000.0,358.33361431213257,2,s1000_h10_bh14,80.0
75.90198362275193,ALL_HALO_FLUX_COMPLETE,15,3.981071705534973,15924286.822139893,0.0008276466164925696,OK,2388600644.421582,PASS,True,GEOMETRIC_FP_DOMAIN_PASS,NONLOCAL_JUMP_OPERATOR_REQUIRED,10,1.2589254117941673,1015,SUBGRID_COUPLING_READY,2388600644.421582,2388600644.421582,,INTERFACE_COMPLETE,17.0191487827385,235588.74775793526,0.010548620029965051,0.17952853374255068,,14.727873768092097,19240442122.054947,4183.646262835731,1000.0,392.41224826239187,2,s1000_h10_bh15,80.0
70.50991344231082,ALL_HALO_FLUX_COMPLETE,16,5.011872336272724,20047489.345090896,0.0010419453574879575,OK,4604586322.269197,PASS,True,GEOMETRIC_FP_DOMAIN_PASS,NONLOCAL_JUMP_OPERATOR_REQUIRED,10,1.2589254117941673,1016,SUBGRID_COUPLING_READY,4604586322.269197,4604586322.269197,,INTERFACE_COMPLETE,16.330726200390977,196452.8555219041,0.011540690347724453,0.18846785423218299,,12.853367473059564,19240442122.054947,5415.872988438069,1000.0,429.5033908614348,2,s1000_h10_bh16,80.0
64.58977070531486,ALL_HALO_FLUX_COMPLETE,17,6.309573444801933,25238293.779207733,0.0013117314882425473,OK,9644623180.325703,PASS,True,GEOMETRIC_FP_DOMAIN_PASS,NONLOCAL_JUMP_OPERATOR_REQUIRED,10,1.2589254117941673,1017,SUBGRID_COUPLING_READY,9644623180.325703,9644623180.325703,,INTERFACE_COMPLETE,15.085781016677071,163922.08507434325,0.013123467815721978,0.19797776164739112,,11.006808961970009,19240442122.054947,7017.623027583259,1000.0,470.011079065551,2,s1000_h10_bh17,80.0
57.91291857238951,ALL_HALO_FLUX_COMPLETE,18,7.943282347242816,31773129.38897126,0.0016513721039991248,OK,21928207301.51331,PASS,True,GEOMETRIC_FP_DOMAIN_PASS,NONLOCAL_JUMP_OPERATOR_REQUIRED,10,1.2589254117941673,1018,SUBGRID_COUPLING_READY,21928207301.51331,21928207301.51331,,INTERFACE_COMPLETE,13.45950420058629,136806.1069119817,0.015454514351471894,0.20801010083165705,,9.263845254640213,19240442122.054947,9110.38809650694,1000.0,514.345232639788,2,s1000_h10_bh18,80.0
50.51831302487911,ALL_HALO_FLUX_COMPLETE,19,10.0,40000000.0,0.0020789543060524985,OK,53714544143.455475,PASS,True,GEOMETRIC_FP_DOMAIN_PASS,NONLOCAL_JUMP_OPERATOR_REQUIRED,10,1.2589254117941673,1019,SUBGRID_COUPLING_READY,53714544143.455475,53714544143.455475,,INTERFACE_COMPLETE,11.657865005642064,114182.37586613993,0.018748174778608694,0.21856369067120346,,7.683027800460072,19240442122.054947,11852.456665798016,1000.0,562.9056776175045,2,s1000_h10_bh19,80.0
284.2756448189755,ALL_HALO_FLUX_COMPLETE,0,0.1,400000.0,1.6513721039991246e-05,OK,15325231.605503513,ANGULAR_JUMP_CORRECTION_REQUIRED,True,GEOMETRIC_FP_DOMAIN_PASS,NONLOCAL_JUMP_OPERATOR_REQUIRED,11,1.5848931924611136,1020,SUBGRID_COUPLING_READY,3006987967.0033092,3006987967.0033092,,INTERFACE_COMPLETE,1.2561119464797748,10574062.920119798,0.1611359650420818,0.20240481069690633,,2087.0099519504665,24222281521.609863,19.661786179964093,1000.0,68.76053665507503,2,s1000_h11_bh00,80.0
264.6274462495675,ALL_HALO_FLUX_COMPLETE,1,0.1291549665014884,516619.8660059536,2.1328290877349937e-05,OK,19753066.236816715,ANGULAR_JUMP_CORRECTION_REQUIRED,True,GEOMETRIC_FP_DOMAIN_PASS,NONLOCAL_JUMP_OPERATOR_REQUIRED,11,1.5848931924611136,1021,SUBGRID_COUPLING_READY,3009645834.4053483,3009645834.4053483,,INTERFACE_COMPLETE,1.6093573534916603,7800326.237325493,0.11982579783818435,0.1928425288888871,,2086.7698740969754,24222281521.609863,27.662522639278443,1000.0,77.05891860464662,2,s1000_h11_bh01,80.0
244.63661600899334,ALL_HALO_FLUX_COMPLETE,2,0.16681005372000587,667240.2148800235,2.754654693798131e-05,OK,25586973.829810385,ANGULAR_JUMP_CORRECTION_REQUIRED,True,GEOMETRIC_FP_DOMAIN_PASS,NONLOCAL_JUMP_OPERATOR_REQUIRED,11,1.5848931924611136,1022,SUBGRID_COUPLING_READY,3013079232.3835115,3013079232.3835115,,INTERFACE_COMPLETE,2.0571366842911596,5779612.640090531,0.08970915081968604,0.1845439850677845,,2086.459925351518,24222281521.609863,39.643485198800214,1000.0,86.89591056795857,2,s1000_h11_bh02,80.0
224.76556237923427,ALL_HALO_FLUX_COMPLETE,3,0.21544346900318834,861773.8760127533,3.557773347006653e-05,OK,33318377.196147624,ANGULAR_JUMP_CORRECTION_REQUIRED,True,GEOMETRIC_FP_DOMAIN_PASS,NONLOCAL_JUMP_OPERATOR_REQUIRED,11,1.5848931924611136,1023,SUBGRID_COUPLING_READY,3017514662.0757174,3017514662.0757174,,INTERFACE_COMPLETE,2.621603515672783,4315927.184179862,0.06789212022683548,0.17798622107315115,,2086.059819945507,24222281521.609863,57.33904350780202,1000.0,98.29707141482959,2,s1000_h11_bh03,80.0
205.43678484190158,ALL_HALO_FLUX_COMPLETE,4,0.2782559402207124,1113023.7608828498,4.5950409745253256e-05,OK,43641620.42594149,ANGULAR_JUMP_CORRECTION_REQUIRED,True,GEOMETRIC_FP_DOMAIN_PASS,NONLOCAL_JUMP_OPERATOR_REQUIRED,11,1.5848931924611136,1024,SUBGRID_COUPLING_READY,3023244943.086767,3023244943.086767,,INTERFACE_COMPLETE,3.3280271857573798,3253710.4952416494,0.05207333918125021,0.17330148844836565,,2085.543412645153,24222281521.609863,83.1096915478772,1000.0,111.28432119674397,2,s1000_h11_bh04,80.0
187.0025119890949,ALL_HALO_FLUX_COMPLETE,5,0.35938136638046275,1437525.465521851,5.934723631377851e-05,OK,57559187.35329105,ANGULAR_JUMP_CORRECTION_REQUIRED,True,GEOMETRIC_FP_DOMAIN_PASS,NONLOCAL_JUMP_OPERATOR_REQUIRED,11,1.5848931924611136,1025,SUBGRID_COUPLING_READY,3030648786.774142,3030648786.774142,,INTERFACE_COMPLETE,4.203765474891862,2477469.858663916,0.04054192782482237,0.17042875647554598,,2084.877021893824,24222281521.609863,120.14496658294937,1000.0,125.89462814310167,2,s1000_h11_bh05,80.0
169.7291086696264,ALL_HALO_FLUX_COMPLETE,6,0.46415888336127786,1856635.5334451115,7.664990318061978e-05,OK,76557966.92831358,ANGULAR_JUMP_CORRECTION_REQUIRED,True,GEOMETRIC_FP_DOMAIN_PASS,NONLOCAL_JUMP_OPERATOR_REQUIRED,11,1.5848931924611136,1026,SUBGRID_COUPLING_READY,3040216008.5161085,3040216008.5161085,,INTERFACE_COMPLETE,5.275958181987319,1904785.4483255595,0.032076747597850015,0.16923557894041885,,2084.017307524126,24222281521.609863,172.71276745585826,1000.0,142.18559858803346,2,s1000_h11_bh06,80.0
153.79486561325155,ALL_HALO_FLUX_COMPLETE,7,0.5994842503189409,2397937.001275764,9.899715677635275e-05,OK,102912023.81340137,ANGULAR_JUMP_CORRECTION_REQUIRED,True,GEOMETRIC_FP_DOMAIN_PASS,NONLOCAL_JUMP_OPERATOR_REQUIRED,11,1.5848931924611136,1027,SUBGRID_COUPLING_READY,3052580508.8210897,3052580508.8210897,,INTERFACE_COMPLETE,6.5672444234958745,1477878.210679179,0.02582332633932087,0.16958809589801913,,2082.908548770219,24222281521.609863,246.4524990221839,1000.0,160.2333134322526,2,s1000_h11_bh07,80.0
139.29721458793145,ALL_HALO_FLUX_COMPLETE,8,0.774263682681127,3097054.730724508,0.00012785974467192433,OK,140227028.3537403,ANGULAR_JUMP_CORRECTION_REQUIRED,True,GEOMETRIC_FP_DOMAIN_PASS,NONLOCAL_JUMP_OPERATOR_REQUIRED,11,1.5848931924611136,1028,SUBGRID_COUPLING_READY,3068563228.898684,3068563228.898684,,INTERFACE_COMPLETE,8.08867753815381,1156374.9379020925,0.021187951855724876,0.17138251025488616,,2081.479193891138,24222281521.609863,348.70584035936673,1000.0,180.12761291503426,2,s1000_h11_bh08,80.0
126.26459828937142,ALL_HALO_FLUX_COMPLETE,9,1.0,4000000.0,0.00016513721039991246,OK,194464501.63853082,ANGULAR_JUMP_CORRECTION_REQUIRED,True,GEOMETRIC_FP_DOMAIN_PASS,NONLOCAL_JUMP_OPERATOR_REQUIRED,11,1.5848931924611136,1029,SUBGRID_COUPLING_READY,3089228135.266517,3089228135.266517,,INTERFACE_COMPLETE,9.829134661059166,911908.423080509,0.017758851772547234,0.17455414549815604,,2079.6375206334087,24222281521.609863,488.8831255443548,1000.0,201.96828563901843,2,s1000_h11_bh09,80.0
115.76544831885428,ALL_HALO_FLUX_COMPLETE,10,1.2589254117941673,5035701.647176669,0.00020789543060524985,OK,266152607.54099673,ANGULAR_JUMP_CORRECTION_REQUIRED,True,GEOMETRIC_FP_DOMAIN_PASS,NONLOCAL_JUMP_OPERATOR_REQUIRED,11,1.5848931924611136,1030,SUBGRID_COUPLING_READY,3114123929.1170197,3114123929.1170197,,INTERFACE_COMPLETE,11.544646410243297,740991.1277112715,0.015467186146128544,0.17856319501846776,,1991.3969129937489,24222281521.609863,657.2334096746945,1000.0,223.37761172124897,2,s1000_h11_bh10,80.0
106.37592213455093,ALL_HALO_FLUX_COMPLETE,11,1.5848931924611136,6339572.769844455,0.0002617248405848399,OK,373055627.3932529,ANGULAR_JUMP_CORRECTION_REQUIRED,True,GEOMETRIC_FP_DOMAIN_PASS,NONLOCAL_JUMP_OPERATOR_REQUIRED,11,1.5848931924611136,1031,SUBGRID_COUPLING_READY,3145818297.3532367,3145818297.3532367,,INTERFACE_COMPLETE,13.32989598405524,605383.965384372,0.013777902063876545,0.18365800138997435,,1988.7755904126443,24222281521.609863,876.7053511793699,1000.0,246.541043921728,2,s1000_h11_bh11,80.0
98.01481615264386,ALL_HALO_FLUX_COMPLETE,12,1.9952623149688797,7981049.259875519,0.0003294920527100323,OK,539453539.8774962,ANGULAR_JUMP_CORRECTION_REQUIRED,True,GEOMETRIC_FP_DOMAIN_PASS,NONLOCAL_JUMP_OPERATOR_REQUIRED,11,1.5848931924611136,1032,SUBGRID_COUPLING_READY,3185760308.433626,3185760308.433626,,INTERFACE_COMPLETE,15.07306152997619,497276.71800174133,0.012600146500584154,0.18992278349001912,,1985.494155284558,24222281521.609863,1159.3400414582272,1000.0,271.5054417330314,2,s1000_h11_bh12,80.0
90.55750886315204,ALL_HALO_FLUX_COMPLETE,13,2.51188643150958,10047545.72603832,0.00041480591814088284,OK,810882310.6936866,PASS,True,GEOMETRIC_FP_DOMAIN_PASS,NONLOCAL_JUMP_OPERATOR_REQUIRED,11,1.5848931924611136,1033,SUBGRID_COUPLING_READY,3236153042.369441,3236153042.369441,,INTERFACE_COMPLETE,16.622360228737943,410365.6291230612,0.011870177928850267,0.19731037351256359,,1981.3883258238136,24222281521.609863,1521.7095766668433,1000.0,298.4235657393591,2,s1000_h11_bh13,80.0
83.83647745406392,ALL_HALO_FLUX_COMPLETE,14,3.1622776601683795,12649110.640673518,0.0005222097113101686,OK,1279397327.9862466,PASS,True,GEOMETRIC_FP_DOMAIN_PASS,NONLOCAL_JUMP_OPERATOR_REQUIRED,11,1.5848931924611136,1034,SUBGRID_COUPLING_READY,3301054779.4525127,3301054779.4525127,,INTERFACE_COMPLETE,17.797780932363576,339983.02778259956,0.011562994539714018,0.2057956437399463,,1893.5292321739053,24222281521.609863,1984.7186439589696,1000.0,327.46392545053783,2,s1000_h11_bh14,80.0
77.62564116270353,ALL_HALO_FLUX_COMPLETE,15,3.981071705534973,15924286.822139893,0.0006574230758540672,OK,2141758463.7028768,PASS,True,GEOMETRIC_FP_DOMAIN_PASS,NONLOCAL_JUMP_OPERATOR_REQUIRED,11,1.5848931924611136,1035,SUBGRID_COUPLING_READY,3386040274.6498513,3386040274.6498513,,INTERFACE_COMPLETE,18.423713145528453,282552.5076515183,0.011686943462192984,0.21531689389545267,,1887.1883728558848,24222281521.609863,2576.4820030446645,1000.0,358.85818631747173,2,s1000_h11_bh15,80.0
71.63769364264763,ALL_HALO_FLUX_COMPLETE,16,5.011872336272724,20047489.345090896,0.0008276466164925697,OK,3844755211.050153,PASS,True,GEOMETRIC_FP_DOMAIN_PASS,NONLOCAL_JUMP_OPERATOR_REQUIRED,11,1.5848931924611136,1036,SUBGRID_COUPLING_READY,3844755211.050153,3844755211.050153,,INTERFACE_COMPLETE,18.376854139560773,235339.25179240532,0.012285763198436668,0.2257736782908543,,15.902792288683568,24222281521.609863,3335.837184040212,1000.0,392.9092208009807,2,s1000_h11_bh16,80.0
65.55241936861094,ALL_HALO_FLUX_COMPLETE,17,6.309573444801933,25238293.779207733,0.0010419453574879573,OK,7464967641.813938,PASS,True,GEOMETRIC_FP_DOMAIN_PASS,NONLOCAL_JUMP_OPERATOR_REQUIRED,11,1.5848931924611136,1037,SUBGRID_COUPLING_READY,7464967641.813938,7464967641.813938,,INTERFACE_COMPLETE,17.633512533956438,196272.04161195373,0.01344307276219768,0.2370485920471012,,13.878746949680666,24222281521.609863,4316.3750142061945,1000.0,429.9817099398113,2,s1000_h11_bh17,80.0
59.09294528132933,ALL_HALO_FLUX_COMPLETE,18,7.943282347242816,31773129.38897126,0.0013117314882425473,OK,15743096270.665169,PASS,True,GEOMETRIC_FP_DOMAIN_PASS,NONLOCAL_JUMP_OPERATOR_REQUIRED,11,1.5848931924611136,1038,SUBGRID_COUPLING_READY,15743096270.665169,15743096270.665169,,INTERFACE_COMPLETE,16.289251646122853,163788.32523021178,0.015288354688117881,0.24903585676993423,,11.884878933621296,24222281521.609863,5591.007647367191,1000.0,470.48030282952504,2,s1000_h11_bh18,80.0
52.13391844905903,ALL_HALO_FLUX_COMPLETE,19,10.0,40000000.0,0.0016513721039991248,OK,35991255818.38129,PASS,True,GEOMETRIC_FP_DOMAIN_PASS,NONLOCAL_JUMP_OPERATOR_REQUIRED,11,1.5848931924611136,1039,SUBGRID_COUPLING_READY,35991255818.38129,35991255818.38129,,INTERFACE_COMPLETE,14.533238333038701,136704.71595333808,0.018005286710268475,0.2616751230150261,,10.002870013608007,24222281521.609863,7256.541199676188,1000.0,514.8158110752502,2,s1000_h11_bh19,80.0
303.5197809701096,ALL_HALO_FLUX_COMPLETE,0,0.1,400000.0,1.3117314882425472e-05,OK,19061895.577884093,ANGULAR_JUMP_CORRECTION_REQUIRED,True,GEOMETRIC_FP_DOMAIN_PASS,NONLOCAL_JUMP_OPERATOR_REQUIRED,12,1.9952623149688797,1040,SUBGRID_COUPLING_READY,4434971863.561403,4434971863.561403,,INTERFACE_COMPLETE,1.0834847036563213,12904240.906686377,0.2279757315175713,0.2470082179041488,,2160.5976879324153,30494045739.186947,13.708530253517669,1000.0,65.82954150949807,2,s1000_h12_bh00,80.0
284.3313347873502,ALL_HALO_FLUX_COMPLETE,1,0.1291549665014884,516619.8660059536,1.694166364229137e-05,OK,24464470.573770247,ANGULAR_JUMP_CORRECTION_REQUIRED,True,GEOMETRIC_FP_DOMAIN_PASS,NONLOCAL_JUMP_OPERATOR_REQUIRED,12,1.9952623149688797,1041,SUBGRID_COUPLING_READY,4438277345.2245655,4438277345.2245655,,INTERFACE_COMPLETE,1.3904737068963748,9665123.129328365,0.17184411403874175,0.2389447222557726,,2160.393285501879,30494045739.186947,18.36883571945142,1000.0,72.58227603630614,2,s1000_h12_bh01,80.0
264.36527250559664,ALL_HALO_FLUX_COMPLETE,2,0.16681005372000587,667240.2148800235,2.1881000001996256e-05,OK,31556960.28636822,ANGULAR_JUMP_CORRECTION_REQUIRED,True,GEOMETRIC_FP_DOMAIN_PASS,NONLOCAL_JUMP_OPERATOR_REQUIRED,12,1.9952623149688797,1042,SUBGRID_COUPLING_READY,4442547174.558301,4442547174.558301,,INTERFACE_COMPLETE,1.7811347571462746,7228836.783222998,0.12959039180622178,0.2308179510382654,,2160.1293768387895,30494045739.186947,25.297701566839976,1000.0,80.76556851909669,2,s1000_h12_bh02,80.0
244.08665630185845,ALL_HALO_FLUX_COMPLETE,3,0.21544346900318834,861773.8760127533,2.8260398222768932e-05,OK,40912179.127201885,ANGULAR_JUMP_CORRECTION_REQUIRED,True,GEOMETRIC_FP_DOMAIN_PASS,NONLOCAL_JUMP_OPERATOR_REQUIRED,12,1.9952623149688797,1043,SUBGRID_COUPLING_READY,4448062952.926949,4448062952.926949,,INTERFACE_COMPLETE,2.276099057440495,5420655.076492882,0.09821388441568703,0.22354452974611494,,2159.788669634046,30494045739.186947,35.52793372521136,1000.0,90.46392147307427,2,s1000_h12_bh03,80.0
223.95776750818337,ALL_HALO_FLUX_COMPLETE,4,0.2782559402207124,1113023.7608828498,3.649970785780444e-05,OK,53327708.17816596,ANGULAR_JUMP_CORRECTION_REQUIRED,True,GEOMETRIC_FP_DOMAIN_PASS,NONLOCAL_JUMP_OPERATOR_REQUIRED,12,1.9952623149688797,1044,SUBGRID_COUPLING_READY,4455188678.138305,4455188678.138305,,INTERFACE_COMPLETE,2.8996472752183737,4087592.142078578,0.07508371774447911,0.2177162975710443,,2159.348867964636,30494045739.186947,50.48100110797013,1000.0,101.72942635547405,2,s1000_h12_bh04,80.0
204.39642726885327,ALL_HALO_FLUX_COMPLETE,5,0.35938136638046275,1437525.465521851,4.7141185456888455e-05,OK,69935610.06738043,ANGULAR_JUMP_CORRECTION_REQUIRED,True,GEOMETRIC_FP_DOMAIN_PASS,NONLOCAL_JUMP_OPERATOR_REQUIRED,12,1.9952623149688797,1045,SUBGRID_COUPLING_READY,4464394883.98313,4464394883.98313,,INTERFACE_COMPLETE,3.679357570805494,3105261.773224532,0.05805781896704972,0.2136154757608692,,2158.7812442424897,30494045739.186947,72.09336975338337,1000.0,114.60427403477058,2,s1000_h12_bh05,80.0
185.7466192791244,ALL_HALO_FLUX_COMPLETE,6,0.46415888336127786,1856635.5334451115,6.088518228524879e-05,OK,92378085.94370542,ANGULAR_JUMP_CORRECTION_REQUIRED,True,GEOMETRIC_FP_DOMAIN_PASS,NONLOCAL_JUMP_OPERATOR_REQUIRED,12,1.9952623149688797,1046,SUBGRID_COUPLING_READY,4476290235.898818,4476290235.898818,,INTERFACE_COMPLETE,4.644887606738811,2378405.0537176975,0.04549421922952736,0.21131553507749012,,2158.048791958141,30494045739.186947,102.97963170795387,1000.0,129.13647443079782,2,s1000_h12_bh06,80.0
168.26404643265133,ALL_HALO_FLUX_COMPLETE,7,0.5994842503189409,2397937.001275764,7.863623678488322e-05,OK,123105387.69119152,ANGULAR_JUMP_CORRECTION_REQUIRED,True,GEOMETRIC_FP_DOMAIN_PASS,NONLOCAL_JUMP_OPERATOR_REQUIRED,12,1.9952623149688797,1047,SUBGRID_COUPLING_READY,4491661970.047006,4491661970.047006,,INTERFACE_COMPLETE,5.825306120496504,1836885.0228933676,0.036184280262974246,0.21078450928166473,,2157.1039078113918,30494045739.186947,146.63292870516418,1000.0,145.3877015075035,2,s1000_h12_bh07,80.0
152.11481553584224,ALL_HALO_FLUX_COMPLETE,8,0.774263682681127,3097054.730724508,0.00010156260527754701,OK,165887602.17143184,ANGULAR_JUMP_CORRECTION_REQUIRED,True,GEOMETRIC_FP_DOMAIN_PASS,NONLOCAL_JUMP_OPERATOR_REQUIRED,12,1.9952623149688797,1048,SUBGRID_COUPLING_READY,4511529377.463463,4511529377.463463,,INTERFACE_COMPLETE,7.244211878721323,1430147.85998185,0.02925887513558492,0.21195749081522824,,2155.885383362457,30494045739.186947,207.6614711996347,1000.0,163.43473468005544,2,s1000_h12_bh08,80.0
137.38329913125523,ALL_HALO_FLUX_COMPLETE,9,1.0,4000000.0,0.00013117314882425473,OK,226749813.5474387,ANGULAR_JUMP_CORRECTION_REQUIRED,True,GEOMETRIC_FP_DOMAIN_PASS,NONLOCAL_JUMP_OPERATOR_REQUIRED,12,1.9952623149688797,1049,SUBGRID_COUPLING_READY,4537212392.445964,4537212392.445964,,INTERFACE_COMPLETE,8.91172387637961,1122056.1939464784,0.02410082037472196,0.21477985637374586,,2154.314670647766,30494045739.186947,292.0524204732495,1000.0,183.3650049775299,2,s1000_h12_bh09,80.0
125.35044492118504,ALL_HALO_FLUX_COMPLETE,10,1.2589254117941673,5035701.647176669,0.00016513721039991246,OK,305153596.7816726,ANGULAR_JUMP_CORRECTION_REQUIRED,True,GEOMETRIC_FP_DOMAIN_PASS,NONLOCAL_JUMP_OPERATOR_REQUIRED,12,1.9952623149688797,1050,SUBGRID_COUPLING_READY,4566704005.145392,4566704005.145392,,INTERFACE_COMPLETE,10.613255474186044,907573.5233828516,0.020606875134509713,0.21870603032720348,,2152.517255986502,30494045739.186947,394.2718562935675,1000.0,202.99262944044173,2,s1000_h12_bh10,80.0
114.44917326258847,ALL_HALO_FLUX_COMPLETE,11,1.5848931924611136,6339572.769844455,0.00020789543060524985,OK,418586674.8520236,ANGULAR_JUMP_CORRECTION_REQUIRED,True,GEOMETRIC_FP_DOMAIN_PASS,NONLOCAL_JUMP_OPERATOR_REQUIRED,12,1.9952623149688797,1051,SUBGRID_COUPLING_READY,4603880034.7161,4603880034.7161,,INTERFACE_COMPLETE,12.465622451636442,738182.0996798163,0.01796505208432302,0.22394555660715507,,2150.2609249867223,30494045739.186947,528.5567860690217,1000.0,224.30037814638564,2,s1000_h12_bh11,80.0
104.6175155957958,ALL_HALO_FLUX_COMPLETE,12,1.9952623149688797,7981049.259875519,0.00026172484058483987,OK,588349081.6959988,ANGULAR_JUMP_CORRECTION_REQUIRED,True,GEOMETRIC_FP_DOMAIN_PASS,NONLOCAL_JUMP_OPERATOR_REQUIRED,12,1.9952623149688797,1052,SUBGRID_COUPLING_READY,4650759926.56424,4650759926.56424,,INTERFACE_COMPLETE,14.393290599994728,603535.9252074874,0.016014816715965483,0.23050591089854444,,2147.4304859711956,30494045739.186947,703.503267346923,1000.0,247.37713121837712,2,s1000_h12_bh12,80.0
95.76759881107185,ALL_HALO_FLUX_COMPLETE,13,2.51188643150958,10047545.72603832,0.00032949205271003227,OK,853676896.7025899,ANGULAR_JUMP_CORRECTION_REQUIRED,True,GEOMETRIC_FP_DOMAIN_PASS,NONLOCAL_JUMP_OPERATOR_REQUIRED,12,1.9952623149688797,1053,SUBGRID_COUPLING_READY,4710827390.756137,4710827390.756137,,INTERFACE_COMPLETE,16.2755174603056,496040.9298780528,0.014654184252745594,0.23850443167209628,,2054.4750933998685,30494045739.186947,928.6832594016385,1000.0,272.2686405152429,2,s1000_h12_bh13,80.0
87.7717194221973,ALL_HALO_FLUX_COMPLETE,14,3.1622776601683795,12649110.640673518,0.00041480591814088284,OK,1288489381.4620728,PASS,True,GEOMETRIC_FP_DOMAIN_PASS,NONLOCAL_JUMP_OPERATOR_REQUIRED,12,1.9952623149688797,1054,SUBGRID_COUPLING_READY,4789804826.068225,4789804826.068225,,INTERFACE_COMPLETE,17.948411714255077,409526.2952127319,0.013811304793203584,0.2478909847394825,,2050.0780677700627,30494045739.186947,1217.281817820977,1000.0,299.1250737270862,2,s1000_h12_bh14,80.0
80.46687875093882,ALL_HALO_FLUX_COMPLETE,15,3.981071705534973,15924286.822139893,0.0005222097113101686,OK,2042840556.9742785,PASS,True,GEOMETRIC_FP_DOMAIN_PASS,NONLOCAL_JUMP_OPERATOR_REQUIRED,12,1.9952623149688797,1055,SUBGRID_COUPLING_READY,4889521278.240667,4889521278.240667,,INTERFACE_COMPLETE,19.217601795316128,339403.97599820537,0.013458500518592806,0.25864010372837215,,2044.585834042836,30494045739.186947,1585.9330479384998,1000.0,328.1143791393491,2,s1000_h12_bh15,80.0
73.64636487286779,ALL_HALO_FLUX_COMPLETE,16,5.011872336272724,20047489.345090896,0.0006574230758540672,OK,3438796655.9887996,PASS,True,GEOMETRIC_FP_DOMAIN_PASS,NONLOCAL_JUMP_OPERATOR_REQUIRED,12,1.9952623149688797,1056,SUBGRID_COUPLING_READY,5018874373.178327,5018874373.178327,,INTERFACE_COMPLETE,19.893467852392224,282146.66711320827,0.013606404199299456,0.2706785645254183,,1951.9629862042398,30494045739.186947,2057.0170136252177,1000.0,359.46746202694095,2,s1000_h12_bh16,80.0
67.06514148319292,ALL_HALO_FLUX_COMPLETE,17,6.309573444801933,25238293.779207733,0.0008276466164925695,OK,6210459040.321762,PASS,True,GEOMETRIC_FP_DOMAIN_PASS,NONLOCAL_JUMP_OPERATOR_REQUIRED,12,1.9952623149688797,1057,SUBGRID_COUPLING_READY,6210459040.321762,6210459040.321762,,INTERFACE_COMPLETE,19.842870661617102,235050.1248070221,0.014306550252542771,0.2838830262751317,,17.17144012497732,30494045739.186947,2661.457792319331,1000.0,393.487156370166,2,s1000_h12_bh17,80.0
60.47194110820689,ALL_HALO_FLUX_COMPLETE,18,7.943282347242816,31773129.38897126,0.0010419453574879573,OK,12131718842.989017,PASS,True,GEOMETRIC_FP_DOMAIN_PASS,NONLOCAL_JUMP_OPERATOR_REQUIRED,12,1.9952623149688797,1058,SUBGRID_COUPLING_READY,12131718842.989017,12131718842.989017,,INTERFACE_COMPLETE,19.0402288587605,196062.38061576142,0.01565672947097989,0.2981077123071573,,14.985926240496553,30494045739.186947,3441.9404198682055,1000.0,430.5381460229596,2,s1000_h12_bh18,80.0
53.67614380880231,ALL_HALO_FLUX_COMPLETE,19,10.0,40000000.0,0.0013117314882425473,OK,25722414461.943317,PASS,True,GEOMETRIC_FP_DOMAIN_PASS,NONLOCAL_JUMP_OPERATOR_REQUIRED,12,1.9952623149688797,1059,SUBGRID_COUPLING_READY,25722414461.943317,25722414461.943317,,INTERFACE_COMPLETE,17.588729340389282,163633.17073963257,0.01780802759955621,0.31322057753477645,,12.83299707979607,30494045739.186947,4456.560593905147,1000.0,471.025679316844,2,s1000_h12_bh19,80.0
319.90523184191454,ALL_HALO_FLUX_COMPLETE,0,0.1,400000.0,1.0419453574879573e-05,OK,23966250.923429254,ANGULAR_JUMP_CORRECTION_REQUIRED,True,GEOMETRIC_FP_DOMAIN_PASS,NONLOCAL_JUMP_OPERATOR_REQUIRED,13,2.51188643150958,1060,SUBGRID_COUPLING_READY,6537599083.022456,6537599083.022456,,INTERFACE_COMPLETE,0.9334945123574734,15300315.128441628,0.31373830553188026,0.29287298653034255,,2333.1154539522477,38389729089.47609,10.218710110778678,1000.0,64.44536067354666,2,s1000_h13_bh00,80.0
301.68063161640197,ALL_HALO_FLUX_COMPLETE,1,0.1291549665014884,516619.8660059536,1.3457241774273848e-05,OK,30617762.96069849,ANGULAR_JUMP_CORRECTION_REQUIRED,True,GEOMETRIC_FP_DOMAIN_PASS,NONLOCAL_JUMP_OPERATOR_REQUIRED,13,2.51188643150958,1061,SUBGRID_COUPLING_READY,6541470724.457313,6541470724.457313,,INTERFACE_COMPLETE,1.19955693919636,11672074.631679464,0.2405565793989724,0.2885613140873775,,2332.9400989257556,38389729089.47609,13.02998568321644,1000.0,69.88908361858842,2,s1000_h13_bh01,80.0
282.2824729920561,ALL_HALO_FLUX_COMPLETE,2,0.16681005372000587,667240.2148800235,1.738069610558769e-05,OK,39323560.947828226,ANGULAR_JUMP_CORRECTION_REQUIRED,True,GEOMETRIC_FP_DOMAIN_PASS,NONLOCAL_JUMP_OPERATOR_REQUIRED,13,2.51188643150958,1062,SUBGRID_COUPLING_READY,6546471738.315511,6546471738.315511,,INTERFACE_COMPLETE,1.5391791509718507,8857270.107280722,0.18374345542653311,0.28281409572004534,,2332.71367820671,38389729089.47609,17.13633040078384,1000.0,76.57984766478182,2,s1000_h13_bh02,80.0
262.1375934306492,ALL_HALO_FLUX_COMPLETE,3,0.21544346900318834,861773.8760127533,2.2448032232897272e-05,OK,50762209.91125752,ANGULAR_JUMP_CORRECTION_REQUIRED,True,GEOMETRIC_FP_DOMAIN_PASS,NONLOCAL_JUMP_OPERATOR_REQUIRED,13,2.51188643150958,1063,SUBGRID_COUPLING_READY,6552931804.592132,6552931804.592132,,INTERFACE_COMPLETE,1.9712000671896077,6707473.940130786,0.14032678078209154,0.2766121597061602,,2332.4213423207257,38389729089.47609,23.140808800656597,1000.0,84.65768204573496,2,s1000_h13_bh03,80.0
241.7120565724701,ALL_HALO_FLUX_COMPLETE,4,0.2782559402207124,1113023.7608828498,2.8992748510641794e-05,OK,65866898.862953655,ANGULAR_JUMP_CORRECTION_REQUIRED,True,GEOMETRIC_FP_DOMAIN_PASS,NONLOCAL_JUMP_OPERATOR_REQUIRED,13,2.51188643150958,1064,SUBGRID_COUPLING_READY,6561276963.272597,6561276963.272597,,INTERFACE_COMPLETE,2.518290560025773,5085387.90215273,0.10755773117931164,0.27086161908665024,,2332.043939904606,38389729089.47609,31.887971877440975,1000.0,94.22612027198441,2,s1000_h13_bh04,80.0
221.4642542127612,ALL_HALO_FLUX_COMPLETE,5,0.35938136638046275,1437525.465521851,3.7445574626780185e-05,OK,85941159.24717048,ANGULAR_JUMP_CORRECTION_REQUIRED,True,GEOMETRIC_FP_DOMAIN_PASS,NONLOCAL_JUMP_OPERATOR_REQUIRED,13,2.51188643150958,1065,SUBGRID_COUPLING_READY,6572057959.647341,6572057959.647341,,INTERFACE_COMPLETE,3.2070530480308594,3870257.42966029,0.08301722363296621,0.26624064009116377,,2331.5567772773397,38389729089.47609,44.54265538424709,1000.0,105.36026931960836,2,s1000_h13_bh05,80.0
201.8039991487334,ALL_HALO_FLUX_COMPLETE,6,0.46415888336127786,1856635.5334451115,4.836281936550778e-05,OK,112842554.12636137,ANGULAR_JUMP_CORRECTION_REQUIRED,True,GEOMETRIC_FP_DOMAIN_PASS,NONLOCAL_JUMP_OPERATOR_REQUIRED,13,2.51188643150958,1066,SUBGRID_COUPLING_READY,6585986766.948034,6585986766.948034,,INTERFACE_COMPLETE,4.067569697011364,2962017.4143628385,0.06469909578013941,0.26316808141933085,,2330.92803824241,38389729089.47609,62.69269308952366,1000.0,118.12115427040037,2,s1000_h13_bh06,80.0
183.06442348813738,ALL_HALO_FLUX_COMPLETE,7,0.5994842503189409,2397937.001275764,6.246298315069691e-05,OK,149278773.09265062,ANGULAR_JUMP_CORRECTION_REQUIRED,True,GEOMETRIC_FP_DOMAIN_PASS,NONLOCAL_JUMP_OPERATOR_REQUIRED,13,2.51188643150958,1067,SUBGRID_COUPLING_READY,6603984371.664779,6603984371.664779,,INTERFACE_COMPLETE,5.131962808203872,2281940.2880640873,0.05102435148338186,0.2618550741254378,,2330.116741650905,38389729089.47609,88.48070592512849,1000.0,132.5689866177885,2,s1000_h13_bh07,80.0
165.48883964327257,ALL_HALO_FLUX_COMPLETE,8,0.774263682681127,3097054.730724508,8.067404496411293e-05,OK,199313079.14522326,ANGULAR_JUMP_CORRECTION_REQUIRED,True,GEOMETRIC_FP_DOMAIN_PASS,NONLOCAL_JUMP_OPERATOR_REQUIRED,13,2.51188643150958,1068,SUBGRID_COUPLING_READY,6627241872.614121,6627241872.614121,,INTERFACE_COMPLETE,6.431313233450584,1770396.234437512,0.04079797843641294,0.26238457861613407,,2329.0701827554653,38389729089.47609,124.7651484822406,1000.0,148.7715558028716,2,s1000_h13_bh08,80.0
149.23041361011224,ALL_HALO_FLUX_COMPLETE,9,1.0,4000000.0,0.00010419453574879574,OK,269234130.9128232,ANGULAR_JUMP_CORRECTION_REQUIRED,True,GEOMETRIC_FP_DOMAIN_PASS,NONLOCAL_JUMP_OPERATOR_REQUIRED,13,2.51188643150958,1069,SUBGRID_COUPLING_READY,6657301992.983359,6657301992.983359,,INTERFACE_COMPLETE,7.9901032247013655,1383264.4337829729,0.033138417160025115,0.2647793738118157,,2327.720579437036,38389729089.47609,175.3115219045233,1000.0,166.80697979107052,2,s1000_h13_bh09,80.0
135.7846716280101,ALL_HALO_FLUX_COMPLETE,10,1.2589254117941673,5035701.647176669,0.00013117314882425476,OK,357417009.6512943,ANGULAR_JUMP_CORRECTION_REQUIRED,True,GEOMETRIC_FP_DOMAIN_PASS,NONLOCAL_JUMP_OPERATOR_REQUIRED,13,2.51188643150958,1070,SUBGRID_COUPLING_READY,6692434063.76547,6692434063.76547,,INTERFACE_COMPLETE,9.622658095237522,1114371.7705305072,0.027907053633306544,0.26854003555876493,,2229.541024399716,38389729089.47609,237.0042811047879,1000.0,184.67779263121207,2,s1000_h13_bh10,80.0
123.4684597229948,ALL_HALO_FLUX_COMPLETE,11,1.5848931924611136,6339572.769844455,0.00016513721039991251,OK,481800020.94965506,ANGULAR_JUMP_CORRECTION_REQUIRED,True,GEOMETRIC_FP_DOMAIN_PASS,NONLOCAL_JUMP_OPERATOR_REQUIRED,13,2.51188643150958,1071,SUBGRID_COUPLING_READY,6738612127.222692,6738612127.222692,,INTERFACE_COMPLETE,11.459929652464709,902639.6926382048,0.02389524103729518,0.2738377813160906,,2227.6153536784263,38389729089.47609,318.6761395212451,1000.0,204.1729197444808,2,s1000_h13_bh11,80.0
112.24778648825529,ALL_HALO_FLUX_COMPLETE,12,1.9952623149688797,7981049.259875519,0.00020789543060524988,OK,662256122.2935756,ANGULAR_JUMP_CORRECTION_REQUIRED,True,GEOMETRIC_FP_DOMAIN_PASS,NONLOCAL_JUMP_OPERATOR_REQUIRED,13,2.51188643150958,1072,SUBGRID_COUPLING_READY,6796827110.439139,6796827110.439139,,INTERFACE_COMPLETE,13.460069506231697,734970.1150004546,0.020854573766016668,0.28070401241342047,,2225.198174738894,38389729089.47609,425.8611523961228,1000.0,225.36639811837188,2,s1000_h13_bh12,80.0
102.05658623433862,ALL_HALO_FLUX_COMPLETE,13,2.51188643150958,10047545.72603832,0.00026172484058483987,OK,933197220.9592701,ANGULAR_JUMP_CORRECTION_REQUIRED,True,GEOMETRIC_FP_DOMAIN_PASS,NONLOCAL_JUMP_OPERATOR_REQUIRED,13,2.51188643150958,1073,SUBGRID_COUPLING_READY,6870245003.501654,6870245003.501654,,INTERFACE_COMPLETE,15.54151769403923,601415.21712728,0.018606295990348586,0.28917007835453373,,2222.166203043792,38389729089.47609,565.3948631837437,1000.0,248.34482319575858,2,s1000_h13_bh13,80.0
92.80474078241114,ALL_HALO_FLUX_COMPLETE,14,3.1622776601683795,12649110.640673518,0.0003294920527100324,OK,1358214020.8147688,ANGULAR_JUMP_CORRECTION_REQUIRED,True,GEOMETRIC_FP_DOMAIN_PASS,NONLOCAL_JUMP_OPERATOR_REQUIRED,13,2.51188643150958,1074,SUBGRID_COUPLING_READY,6962777403.740652,6962777403.740652,,INTERFACE_COMPLETE,17.57389950766898,494618.9692242973,0.017036546758470925,0.29939856069107174,,2218.3711774740887,38389729089.47609,744.888038511135,1000.0,273.152532301644,2,s1000_h13_bh14,80.0
84.36728665125268,ALL_HALO_FLUX_COMPLETE,15,3.981071705534973,15924286.822139893,0.00041480591814088295,OK,2057568569.4515684,PASS,True,GEOMETRIC_FP_DOMAIN_PASS,NONLOCAL_JUMP_OPERATOR_REQUIRED,13,2.51188643150958,1075,SUBGRID_COUPLING_READY,7081049469.442408,7081049469.442408,,INTERFACE_COMPLETE,19.380249172284405,408558.424526681,0.016064741949798685,0.3113387018755485,,2120.891727238545,38389729089.47609,974.8321937889091,1000.0,299.9383679614304,2,s1000_h13_bh15,80.0
76.5924651971742,ALL_HALO_FLUX_COMPLETE,16,5.011872336272724,20047489.345090896,0.0005222097113101688,OK,3276213056.3526363,PASS,True,GEOMETRIC_FP_DOMAIN_PASS,NONLOCAL_JUMP_OPERATOR_REQUIRED,13,2.51188643150958,1076,SUBGRID_COUPLING_READY,7237362747.128236,7237362747.128236,,INTERFACE_COMPLETE,20.75068909808663,338735.108314461,0.015660536216202156,0.32496691813173695,,2115.0107930931526,38389729089.47609,1268.4673767619108,1000.0,328.86934433649884,2,s1000_h13_bh16,80.0
69.29906476814496,ALL_HALO_FLUX_COMPLETE,17,6.309573444801933,25238293.779207733,0.0006574230758540672,OK,5541573150.991906,PASS,True,GEOMETRIC_FP_DOMAIN_PASS,NONLOCAL_JUMP_OPERATOR_REQUIRED,13,2.51188643150958,1077,SUBGRID_COUPLING_READY,7435212613.972263,7435212613.972263,,INTERFACE_COMPLETE,21.480472479577795,281677.2762720747,0.015837510761075285,0.34019721404829484,,2018.7801094965046,38389729089.47609,1643.6154906226345,1000.0,360.17498023124426,2,s1000_h13_bh17,80.0
62.286755561257,ALL_HALO_FLUX_COMPLETE,18,7.943282347242816,31773129.38897126,0.0008276466164925697,OK,10058831767.185806,PASS,True,GEOMETRIC_FP_DOMAIN_PASS,NONLOCAL_JUMP_OPERATOR_REQUIRED,13,2.51188643150958,1078,SUBGRID_COUPLING_READY,10058831767.185806,10058831767.185806,,INTERFACE_COMPLETE,21.425838889695275,234715.40332873593,0.016656459630591248,0.35687862051776137,,18.541294548347807,38389729089.47609,2124.908977408718,1000.0,394.1583274884232,2,s1000_h13_bh18,80.0
55.367668224880845,ALL_HALO_FLUX_COMPLETE,19,10.0,40000000.0,0.0010419453574879573,OK,19743239333.02945,PASS,True,GEOMETRIC_FP_DOMAIN_PASS,NONLOCAL_JUMP_OPERATOR_REQUIRED,13,2.51188643150958,1079,SUBGRID_COUPLING_READY,19743239333.02945,19743239333.02945,,INTERFACE_COMPLETE,20.55916620672501,195819.49542947477,0.018231792517505833,0.37483045261392783,,16.181430938963338,38389729089.47609,2746.3613894079463,1000.0,431.18397990515876,2,s1000_h13_bh19,80.0
332.69762263645885,ALL_HALO_FLUX_COMPLETE,0,0.1,400000.0,8.276466164925693e-06,OK,30467775.274241157,ANGULAR_JUMP_CORRECTION_REQUIRED,True,GEOMETRIC_FP_DOMAIN_PASS,NONLOCAL_JUMP_OPERATOR_REQUIRED,14,3.1622776601683795,1080,SUBGRID_COUPLING_READY,9615702657.569971,9615702657.569971,,INTERFACE_COMPLETE,0.8035242438681958,17672515.572170984,0.42099634788646306,0.3382807721067421,,2414.9717466344764,48329805502.635216,8.068843757523952,1000.0,64.31407338300343,2,s1000_h14_bh00,80.0
315.86513903995484,ALL_HALO_FLUX_COMPLETE,1,0.1291549665014884,516619.8660059536,1.06894671028168e-05,OK,38726230.69044831,ANGULAR_JUMP_CORRECTION_REQUIRED,True,GEOMETRIC_FP_DOMAIN_PASS,NONLOCAL_JUMP_OPERATOR_REQUIRED,14,3.1622776601683795,1081,SUBGRID_COUPLING_READY,9620510012.24829,9620510012.24829,,INTERFACE_COMPLETE,1.0336189377376392,13731472.97842164,0.32843294919044075,0.3394745160602634,,2414.822456536902,48329805502.635216,9.83690206258607,1000.0,68.7092528232336,2,s1000_h14_bh01,80.0
297.54194501576836,ALL_HALO_FLUX_COMPLETE,2,0.16681005372000587,667240.2148800235,1.380597765583066e-05,OK,49508359.303265385,ANGULAR_JUMP_CORRECTION_REQUIRED,True,GEOMETRIC_FP_DOMAIN_PASS,NONLOCAL_JUMP_OPERATOR_REQUIRED,14,3.1622776601683795,1082,SUBGRID_COUPLING_READY,9626719586.20521,9626719586.20521,,INTERFACE_COMPLETE,1.328044364587449,10595496.612200389,0.25474747967817885,0.3383159547794611,,2414.62968125497,48329805502.635216,12.356132932056859,1000.0,74.14116550973958,2,s1000_h14_bh02,80.0
278.0792388819714,ALL_HALO_FLUX_COMPLETE,3,0.21544346900318834,861773.8760127533,1.7831105816591057e-05,OK,63629926.83678706,ANGULAR_JUMP_CORRECTION_REQUIRED,True,GEOMETRIC_FP_DOMAIN_PASS,NONLOCAL_JUMP_OPERATOR_REQUIRED,14,3.1622776601683795,1083,SUBGRID_COUPLING_READY,9634740581.426186,9634740581.426186,,INTERFACE_COMPLETE,1.7037558531906836,8135036.9832693525,0.19690849113833628,0.3354839943198863,,2414.3807709569055,48329805502.635216,15.972804611336315,1000.0,80.77458368835431,2,s1000_h14_bh03,80.0
257.905987222803,ALL_HALO_FLUX_COMPLETE,4,0.2782559402207124,1113023.7608828498,2.3029758744263134e-05,OK,82200298.7544084,ANGULAR_JUMP_CORRECTION_REQUIRED,True,GEOMETRIC_FP_DOMAIN_PASS,NONLOCAL_JUMP_OPERATOR_REQUIRED,14,3.1622776601683795,1084,SUBGRID_COUPLING_READY,9645101831.850481,9645101831.850481,,INTERFACE_COMPLETE,2.1814940483528624,6230270.046743766,0.1521164646553997,0.33184116230223304,,2414.059404146534,48329805502.635216,21.180421942021948,1000.0,88.75489510774784,2,s1000_h14_bh04,80.0
237.48530464413875,ALL_HALO_FLUX_COMPLETE,5,0.35938136638046275,1437525.465521851,2.9744077191526644e-05,OK,106748984.96428837,ANGULAR_JUMP_CORRECTION_REQUIRED,True,GEOMETRIC_FP_DOMAIN_PASS,NONLOCAL_JUMP_OPERATOR_REQUIRED,14,3.1622776601683795,1085,SUBGRID_COUPLING_READY,9658486824.39803,9658486824.39803,,INTERFACE_COMPLETE,2.786165137352459,4771788.188548578,0.11781722784011119,0.3282582527876294,,2413.6445307633385,48329805502.635216,28.670540944896242,1000.0,98.20148854361167,2,s1000_h14_bh05,80.0
217.26790684790078,ALL_HALO_FLUX_COMPLETE,6,0.46415888336127786,1856635.5334451115,3.841595293289308e-05,OK,139420252.1412917,ANGULAR_JUMP_CORRECTION_REQUIRED,True,GEOMETRIC_FP_DOMAIN_PASS,NONLOCAL_JUMP_OPERATOR_REQUIRED,14,3.1622776601683795,1086,SUBGRID_COUPLING_READY,9675779052.347998,9675779052.347998,,INTERFACE_COMPLETE,3.546904520419307,3663299.493893425,0.09176319682091362,0.3254752976122251,,2413.1090152446764,48329805502.635216,39.397467964973984,1000.0,109.20830398896118,2,s1000_h14_bh06,80.0
197.6523835974058,ALL_HALO_FLUX_COMPLETE,7,0.5994842503189409,2397937.001275764,4.96161111417056e-05,OK,183280792.03820524,ANGULAR_JUMP_CORRECTION_REQUIRED,True,GEOMETRIC_FP_DOMAIN_PASS,NONLOCAL_JUMP_OPERATOR_REQUIRED,14,3.1622776601683795,1087,SUBGRID_COUPLING_READY,9698120894.62695,9698120894.62695,,INTERFACE_COMPLETE,4.496507501231183,2823772.6119090463,0.07206279746068672,0.32403090934168133,,2412.4178940295096,48329805502.635216,54.6627259832601,1000.0,121.85384591110939,2,s1000_h14_bh07,80.0
178.9586430628487,ALL_HALO_FLUX_COMPLETE,8,0.774263682681127,3097054.730724508,6.408167172441112e-05,OK,242822785.0774037,ANGULAR_JUMP_CORRECTION_REQUIRED,True,GEOMETRIC_FP_DOMAIN_PASS,NONLOCAL_JUMP_OPERATOR_REQUIRED,14,3.1622776601683795,1088,SUBGRID_COUPLING_READY,9726990069.85696,9726990069.85696,,INTERFACE_COMPLETE,5.66973233069865,2187981.1173033235,0.05719378552398618,0.32427345490038884,,2411.5261450549683,48329805502.635216,76.22161769657326,1000.0,136.21133095681245,2,s1000_h14_bh08,80.0
161.41619754441217,ALL_HALO_FLUX_COMPLETE,9,1.0,4000000.0,8.276466164925694e-05,OK,324820570.8854273,ANGULAR_JUMP_CORRECTION_REQUIRED,True,GEOMETRIC_FP_DOMAIN_PASS,NONLOCAL_JUMP_OPERATOR_REQUIRED,14,3.1622776601683795,1089,SUBGRID_COUPLING_READY,9764298367.779028,9764298367.779028,,INTERFACE_COMPLETE,7.099751718935152,1705254.3258179666,0.04597533882278617,0.32641349083570215,,2410.3758637566516,48329805502.635216,106.41312286019591,1000.0,152.35605429963914,2,s1000_h14_bh09,80.0
146.7297213086414,ALL_HALO_FLUX_COMPLETE,10,1.2589254117941673,5035701.647176669,0.00010419453574879572,OK,426424458.752902,ANGULAR_JUMP_CORRECTION_REQUIRED,True,GEOMETRIC_FP_DOMAIN_PASS,NONLOCAL_JUMP_OPERATOR_REQUIRED,14,3.1622776601683795,1090,SUBGRID_COUPLING_READY,9807123395.196377,9807123395.196377,,INTERFACE_COMPLETE,8.627515006467048,1369707.9341528388,0.038257905338576925,0.33007065242456823,,2409.0584630892986,48329805502.635216,143.4904066233783,1000.0,168.4814015002969,2,s1000_h14_bh10,80.0
133.1360803218511,ALL_HALO_FLUX_COMPLETE,11,1.5848931924611136,6339572.769844455,0.00013117314882425473,OK,566766637.9159619,ANGULAR_JUMP_CORRECTION_REQUIRED,True,GEOMETRIC_FP_DOMAIN_PASS,NONLOCAL_JUMP_OPERATOR_REQUIRED,14,3.1622776601683795,1091,SUBGRID_COUPLING_READY,9861083645.013458,9861083645.013458,,INTERFACE_COMPLETE,10.390307206809117,1105711.892421642,0.03228438609061509,0.335444689464726,,2407.4030215374937,48329805502.635216,192.90173372998737,1000.0,186.18346900182107,2,s1000_h14_bh11,80.0
120.63595781412346,ALL_HALO_FLUX_COMPLETE,12,1.9952623149688797,7981049.259875519,0.00016513721039991246,OK,765133974.7741904,ANGULAR_JUMP_CORRECTION_REQUIRED,True,GEOMETRIC_FP_DOMAIN_PASS,NONLOCAL_JUMP_OPERATOR_REQUIRED,14,3.1622776601683795,1092,SUBGRID_COUPLING_READY,9929091379.933748,9929091379.933748,,INTERFACE_COMPLETE,12.37414740075417,897043.1390435455,0.027687069062884723,0.3426038736789962,,2405.3237301218232,48329805502.635216,258.2178579138009,1000.0,205.53080143724307,2,s1000_h14_bh12,80.0
109.19292974294275,ALL_HALO_FLUX_COMPLETE,13,2.51188643150958,10047545.72603832,0.00020789543060524982,OK,1053629985.7946205,ANGULAR_JUMP_CORRECTION_REQUIRED,True,GEOMETRIC_FP_DOMAIN_PASS,NONLOCAL_JUMP_OPERATOR_REQUIRED,14,3.1622776601683795,1093,SUBGRID_COUPLING_READY,10017064460.193789,10017064460.193789,,INTERFACE_COMPLETE,14.533848736033528,731308.0572674042,0.02419349786402214,0.351624638351248,,2302.483787338983,48329805502.635216,343.8392034561885,1000.0,226.59556837621327,2,s1000_h14_bh13,80.0
98.73998002529518,ALL_HALO_FLUX_COMPLETE,14,3.1622776601683795,12649110.640673518,0.00026172484058483987,OK,1488001309.7195492,ANGULAR_JUMP_CORRECTION_REQUIRED,True,GEOMETRIC_FP_DOMAIN_PASS,NONLOCAL_JUMP_OPERATOR_REQUIRED,14,3.1622776601683795,1094,SUBGRID_COUPLING_READY,10131982812.362116,10131982812.362116,,INTERFACE_COMPLETE,16.78134479090013,598987.5603330669,0.021605781649901498,0.3625740713439001,,2299.2358039306505,48329805502.635216,455.20203125111857,1000.0,249.46282930268967,2,s1000_h14_bh14,80.0
89.18885796032535,ALL_HALO_FLUX_COMPLETE,15,3.981071705534973,15924286.822139893,0.0003294920527100323,OK,2171530443.2785134,ANGULAR_JUMP_CORRECTION_REQUIRED,True,GEOMETRIC_FP_DOMAIN_PASS,NONLOCAL_JUMP_OPERATOR_REQUIRED,14,3.1622776601683795,1095,SUBGRID_COUPLING_READY,10276836012.985289,10276836012.985289,,INTERFACE_COMPLETE,18.975860193624072,492986.01986995625,0.019797578417619147,0.3756760802250502,,2295.1709148074187,48329805502.635216,598.3586698869062,1000.0,274.17550402498176,2,s1000_h14_bh15,80.0
80.42228962367852,ALL_HALO_FLUX_COMPLETE,16,5.011872336272724,20047489.345090896,0.0004148059181408829,OK,3300133366.311573,PASS,True,GEOMETRIC_FP_DOMAIN_PASS,NONLOCAL_JUMP_OPERATOR_REQUIRED,14,3.1622776601683795,1096,SUBGRID_COUPLING_READY,10459644249.349476,10459644249.349476,,INTERFACE_COMPLETE,20.92631169595479,407444.18370349176,0.018679032293550352,0.39088325195364,,2290.0862090585074,48329805502.635216,781.6599548861076,1000.0,300.88088092062594,2,s1000_h14_bh16,80.0
72.3047485846333,ALL_HALO_FLUX_COMPLETE,17,6.309573444801933,25238293.779207733,0.0005222097113101686,OK,5273832277.108117,PASS,True,GEOMETRIC_FP_DOMAIN_PASS,NONLOCAL_JUMP_OPERATOR_REQUIRED,14,3.1622776601683795,1097,SUBGRID_COUPLING_READY,10701749271.219868,10701749271.219868,,INTERFACE_COMPLETE,22.40607868929843,337963.62993962254,0.018217259691797116,0.4081773541577906,,2187.6754988119055,48329805502.635216,1015.6482918772035,1000.0,329.7446947182788,2,s1000_h14_bh17,80.0
64.68388331786167,ALL_HALO_FLUX_COMPLETE,18,7.943282347242816,31773129.38897126,0.0006574230758540671,OK,8955649599.325687,PASS,True,GEOMETRIC_FP_DOMAIN_PASS,NONLOCAL_JUMP_OPERATOR_REQUIRED,14,3.1622776601683795,1098,SUBGRID_COUPLING_READY,11011450948.76393,11011450948.76393,,INTERFACE_COMPLETE,23.194080658512114,281135.0710236195,0.018429637941145178,0.42745850891409637,,2179.8286204355413,48329805502.635216,1314.520628098484,1000.0,360.99586110169116,2,s1000_h14_bh18,80.0
57.40299974028028,ALL_HALO_FLUX_COMPLETE,19,10.0,40000000.0,0.0008276466164925695,OK,16319338466.523968,PASS,True,GEOMETRIC_FP_DOMAIN_PASS,NONLOCAL_JUMP_OPERATOR_REQUIRED,14,3.1622776601683795,1099,SUBGRID_COUPLING_READY,16319338466.523968,16319338466.523968,,INTERFACE_COMPLETE,23.135088665127963,234328.32624225804,0.01938797996896222,0.44854263561966584,,20.020429330708,48329805502.635216,1697.90702954861,1000.0,394.93728706021346,2,s1000_h14_bh19,80.0
341.34347857524534,ALL_HALO_FLUX_COMPLETE,0,0.1,400000.0,6.57423075854067e-06,OK,39180128.62139571,ANGULAR_JUMP_CORRECTION_REQUIRED,False,MATCHING_RADIUS_OUTSIDE_CONSERVATIVE_KEPLER_DOMAIN,NONLOCAL_JUMP_OPERATOR_REQUIRED,15,3.981071705534973,1100,SUBGRID_COUPLING_READY,14109708679.808483,14109708679.808483,,INTERFACE_COMPLETE,0.691141381920706,19973150.794994723,0.553170006358058,0.3823186826313939,,2499.411837374022,60843620294.33705,6.676414583008736,1000.0,65.19260962867745,2,s1000_h15_bh00,80.0
326.21856604111804,ALL_HALO_FLUX_COMPLETE,1,0.1291549665014884,516619.8660059536,8.490945533923749e-06,OK,49515278.33244581,ANGULAR_JUMP_CORRECTION_REQUIRED,True,GEOMETRIC_FP_DOMAIN_PASS,NONLOCAL_JUMP_OPERATOR_REQUIRED,15,3.981071705534973,1101,SUBGRID_COUPLING_READY,14115671060.794764,14115671060.794764,,INTERFACE_COMPLETE,0.8897907619988007,15777617.211702101,0.4383727744015786,0.390060044974309,,2499.284736293816,60843620294.33705,7.836138732010998,1000.0,68.77099014134365,2,s1000_h15_bh01,80.0
309.39255672818996,ALL_HALO_FLUX_COMPLETE,2,0.16681005372000587,667240.2148800235,1.0966477859998843e-05,OK,62980995.41202694,ANGULAR_JUMP_CORRECTION_REQUIRED,True,GEOMETRIC_FP_DOMAIN_PASS,NONLOCAL_JUMP_OPERATOR_REQUIRED,15,3.981071705534973,1102,SUBGRID_COUPLING_READY,14123372452.767904,14123372452.767904,,INTERFACE_COMPLETE,1.1444691279406662,12376007.916190496,0.3452849577166205,0.39516797444897045,,2499.120606337434,60843620294.33705,9.443837292882872,1000.0,73.18942508555307,2,s1000_h15_bh02,80.0
291.1151072224283,ALL_HALO_FLUX_COMPLETE,3,0.21544346900318834,861773.8760127533,1.4163750806474643e-05,OK,80570795.83717088,ANGULAR_JUMP_CORRECTION_REQUIRED,True,GEOMETRIC_FP_DOMAIN_PASS,NONLOCAL_JUMP_OPERATOR_REQUIRED,15,3.981071705534973,1103,SUBGRID_COUPLING_READY,14133320227.262266,14133320227.262266,,INTERFACE_COMPLETE,1.470272185632918,9648129.094186122,0.27061859683891165,0.39788299584726006,,2498.9086721835747,60843620294.33705,11.697620474723534,1000.0,78.6083676076344,2,s1000_h15_bh03,80.0
271.74076686408847,ALL_HALO_FLUX_COMPLETE,4,0.2782559402207124,1113023.7608828498,1.829318760945662e-05,OK,103622986.44465227,ANGULAR_JUMP_CORRECTION_REQUIRED,True,GEOMETRIC_FP_DOMAIN_PASS,NONLOCAL_JUMP_OPERATOR_REQUIRED,15,3.981071705534973,1104,SUBGRID_COUPLING_READY,14146170110.125435,14146170110.125435,,INTERFACE_COMPLETE,1.8858932141830895,7486164.232884589,0.21142952654887465,0.39873350939646607,,2498.635026205601,60843620294.33705,14.882571448484672,1000.0,85.18814643675415,2,s1000_h15_bh04,80.0
251.69682142357678,ALL_HALO_FLUX_COMPLETE,5,0.35938136638046275,1437525.465521851,2.3626560329048125e-05,OK,133962205.16071545,ANGULAR_JUMP_CORRECTION_REQUIRED,True,GEOMETRIC_FP_DOMAIN_PASS,NONLOCAL_JUMP_OPERATOR_REQUIRED,15,3.981071705534973,1105,SUBGRID_COUPLING_READY,14162769442.393652,14162769442.393652,,INTERFACE_COMPLETE,2.414162480654387,5792224.681864956,0.16504919083319183,0.3984555639718577,,2498.281727952012,60843620294.33705,19.40363965818172,1000.0,93.0785531697374,2,s1000_h15_bh05,80.0
231.4394513770075,ALL_HALO_FLUX_COMPLETE,6,0.46415888336127786,1856635.5334451115,3.0514876078436043e-05,OK,174111532.18234077,ANGULAR_JUMP_CORRECTION_REQUIRED,True,GEOMETRIC_FP_DOMAIN_PASS,NONLOCAL_JUMP_OPERATOR_REQUIRED,15,3.981071705534973,1106,SUBGRID_COUPLING_READY,14184213286.68409,14184213286.68409,,INTERFACE_COMPLETE,3.082434486704639,4478110.856670118,0.12907632511979203,0.3978693159663472,,2497.8256442016886,60843620294.33705,25.827389311415878,1000.0,102.41026337882997,2,s1000_h15_bh06,80.0
211.40802158747923,ALL_HALO_FLUX_COMPLETE,7,0.5994842503189409,2397937.001275764,3.941147797707476e-05,OK,227618353.04895732,ANGULAR_JUMP_CORRECTION_REQUIRED,True,GEOMETRIC_FP_DOMAIN_PASS,NONLOCAL_JUMP_OPERATOR_REQUIRED,15,3.981071705534973,1107,SUBGRID_COUPLING_READY,14211917408.780968,14211917408.780968,,INTERFACE_COMPLETE,3.9226068430072267,3466176.195070783,0.10139874308255782,0.397747403487973,,2497.236953009672,60843620294.33705,34.93590211539893,1000.0,113.293490256999,2,s1000_h15_bh07,80.0
191.98690603146446,ALL_HALO_FLUX_COMPLETE,8,0.774263682681127,3097054.730724508,5.090188117903238e-05,OK,299574251.7622503,ANGULAR_JUMP_CORRECTION_REQUIRED,True,GEOMETRIC_FP_DOMAIN_PASS,NONLOCAL_JUMP_OPERATOR_REQUIRED,15,3.981071705534973,1108,SUBGRID_COUPLING_READY,14247712747.078114,14247712747.078114,,INTERFACE_COMPLETE,4.970411827491426,2690353.9362605624,0.08022040929256204,0.39872847115395343,,2496.4772304883495,60843620294.33705,47.795808958961146,1000.0,125.8228960153448,2,s1000_h15_bh08,80.0
173.48072005489695,ALL_HALO_FLUX_COMPLETE,9,1.0,4000000.0,6.57423075854067e-05,OK,397472759.48548967,ANGULAR_JUMP_CORRECTION_REQUIRED,True,GEOMETRIC_FP_DOMAIN_PASS,NONLOCAL_JUMP_OPERATOR_REQUIRED,15,3.981071705534973,1109,SUBGRID_COUPLING_READY,14293967627.693464,14293967627.693464,,INTERFACE_COMPLETE,6.263422307713044,2096450.816842044,0.06406958687404866,0.4012948796728752,,2495.497014560291,60843620294.33705,65.8446474931772,1000.0,140.08440806175693,2,s1000_h15_bh09,80.0
157.78672184446015,ALL_HALO_FLUX_COMPLETE,10,1.2589254117941673,5035701.647176669,8.276466164925694e-05,OK,517030284.4086119,ANGULAR_JUMP_CORRECTION_REQUIRED,True,GEOMETRIC_FP_DOMAIN_PASS,NONLOCAL_JUMP_OPERATOR_REQUIRED,15,3.981071705534973,1110,SUBGRID_COUPLING_READY,14347055583.021578,14347055583.021578,,INTERFACE_COMPLETE,7.6661355647996405,1681681.999935573,0.052862332369625495,0.40524980621704526,,2494.3740740162343,60843620294.33705,88.09493365047064,1000.0,154.4702998589202,2,s1000_h15_bh10,80.0
143.1041606896668,ALL_HALO_FLUX_COMPLETE,11,1.5848931924611136,6339572.769844455,0.00010419453574879572,OK,679316208.9624603,ANGULAR_JUMP_CORRECTION_REQUIRED,True,GEOMETRIC_FP_DOMAIN_PASS,NONLOCAL_JUMP_OPERATOR_REQUIRED,15,3.981071705534973,1111,SUBGRID_COUPLING_READY,14413938889.424656,14413938889.424656,,INTERFACE_COMPLETE,9.315776416592717,1354635.9894856503,0.04411461496863816,0.41096188975190745,,2492.9624794860683,60843620294.33705,117.895286100887,1000.0,170.3896324807384,2,s1000_h15_bh11,80.0
129.47627334979055,ALL_HALO_FLUX_COMPLETE,12,1.9952623149688797,7981049.259875519,0.00013117314882425473,OK,903811295.1646352,ANGULAR_JUMP_CORRECTION_REQUIRED,True,GEOMETRIC_FP_DOMAIN_PASS,NONLOCAL_JUMP_OPERATOR_REQUIRED,15,3.981071705534973,1112,SUBGRID_COUPLING_READY,14498216983.428667,14498216983.428667,,INTERFACE_COMPLETE,11.219195650867084,1095995.8458753626,0.037310075381543434,0.41858903545413517,,2491.188746809191,60843620294.33705,157.52184193132356,1000.0,187.9069540590574,2,s1000_h15_bh12,80.0
116.90205066272961,ALL_HALO_FLUX_COMPLETE,13,2.51188643150958,10047545.72603832,0.00016513721039991243,OK,1221683279.26032,ANGULAR_JUMP_CORRECTION_REQUIRED,True,GEOMETRIC_FP_DOMAIN_PASS,NONLOCAL_JUMP_OPERATOR_REQUIRED,15,3.981071705534973,1113,SUBGRID_COUPLING_READY,14604441603.479053,14604441603.479053,,INTERFACE_COMPLETE,13.361297018316346,890718.8558079223,0.032053168595471485,0.42827190598226433,,2488.9609912676938,60843620294.33705,209.81427080856398,1000.0,207.09012551833644,2,s1000_h15_bh13,80.0
105.34476937801556,ALL_HALO_FLUX_COMPLETE,14,3.1622776601683795,12649110.640673518,0.00020789543060524982,OK,1684923299.5665085,ANGULAR_JUMP_CORRECTION_REQUIRED,True,GEOMETRIC_FP_DOMAIN_PASS,NONLOCAL_JUMP_OPERATOR_REQUIRED,15,3.981071705534973,1114,SUBGRID_COUPLING_READY,14738362928.66643,14738362928.66643,,INTERFACE_COMPLETE,15.69328887819702,727145.8971669471,0.02804700739198219,0.4401497891713037,,2486.164805230865,60843620294.33705,278.271975850444,1000.0,228.01124053330184,2,s1000_h15_bh14,80.0
94.73936266790773,ALL_HALO_FLUX_COMPLETE,15,3.981071705534973,15924286.822139893,0.00026172484058483987,OK,2384007572.1107717,ANGULAR_JUMP_CORRECTION_REQUIRED,True,GEOMETRIC_FP_DOMAIN_PASS,NONLOCAL_JUMP_OPERATOR_REQUIRED,15,3.981071705534973,1115,SUBGRID_COUPLING_READY,14916176829.404402,14916176829.404402,,INTERFACE_COMPLETE,18.120079295671474,596215.941061693,0.025073931201430952,0.45434162162413994,,2378.797216359573,60843620294.33705,367.2194274774488,1000.0,250.7530225157101,2,s1000_h15_bh15,80.0
85.00297102775282,ALL_HALO_FLUX_COMPLETE,16,5.011872336272724,20047489.345090896,0.0003294920527100323,OK,3486878122.5282073,ANGULAR_JUMP_CORRECTION_REQUIRED,True,GEOMETRIC_FP_DOMAIN_PASS,NONLOCAL_JUMP_OPERATOR_REQUIRED,15,3.981071705534973,1116,SUBGRID_COUPLING_READY,15142737621.328575,15142737621.328575,,INTERFACE_COMPLETE,20.48966252087836,491115.0147188465,0.02299467875755282,0.4711532075182678,,2374.4431071095196,60843620294.33705,481.47022722137376,1000.0,275.35818344323275,2,s1000_h15_bh16,80.0
76.02981612359144,ALL_HALO_FLUX_COMPLETE,17,6.309573444801933,25238293.779207733,0.00041480591814088284,OK,5312752261.2082615,PASS,True,GEOMETRIC_FP_DOMAIN_PASS,NONLOCAL_JUMP_OPERATOR_REQUIRED,15,3.981071705534973,1117,SUBGRID_COUPLING_READY,15428707541.06921,15428707541.06921,,INTERFACE_COMPLETE,22.59571160841985,406163.93773005385,0.021709722783359732,0.4905466351115384,,2368.997391521792,60843620294.33705,627.6737513123838,1000.0,301.97185457613983,2,s1000_h15_bh17,80.0
67.70374215891418,ALL_HALO_FLUX_COMPLETE,18,7.943282347242816,31773129.38897126,0.0005222097113101685,OK,8514265698.499795,PASS,True,GEOMETRIC_FP_DOMAIN_PASS,NONLOCAL_JUMP_OPERATOR_REQUIRED,15,3.981071705534973,1118,SUBGRID_COUPLING_READY,15807498581.687746,15807498581.687746,,INTERFACE_COMPLETE,24.19352725386469,337075.22779426863,0.021183932632355452,0.5125140514849252,,2262.73908647605,60843620294.33705,814.2271919047239,1000.0,330.7593737447192,2,s1000_h15_bh18,80.0
59.90208287602136,ALL_HALO_FLUX_COMPLETE,19,10.0,40000000.0,0.000657423075854067,OK,14500114819.884253,PASS,True,GEOMETRIC_FP_DOMAIN_PASS,NONLOCAL_JUMP_OPERATOR_REQUIRED,15,3.981071705534973,1119,SUBGRID_COUPLING_READY,16295603556.048613,16295603556.048613,,INTERFACE_COMPLETE,25.04439220808689,280509.6293653831,0.02143957727359721,0.5369411820155547,,2159.139084317577,60843620294.33705,1052.4455021315266,1000.0,361.9481390533514,2,s1000_h15_bh19,80.0
345.5153948847169,ALL_HALO_FLUX_COMPLETE,0,0.1,400000.0,5.222097113101685e-06,OK,50992114.47220732,ANGULAR_JUMP_CORRECTION_REQUIRED,False,MATCHING_RADIUS_OUTSIDE_CONSERVATIVE_KEPLER_DOMAIN,NONLOCAL_JUMP_OPERATOR_REQUIRED,16,5.011872336272724,1120,SUBGRID_COUPLING_READY,20650754046.42446,20650754046.42446,,INTERFACE_COMPLETE,0.5941294293848071,22190433.27708351,0.7149302235188346,0.4247610857491978,,2586.613845918783,76597579734.09622,5.732505352578878,1000.0,66.90385689680957,2,s1000_h16_bh00,80.0
332.2819035170028,ALL_HALO_FLUX_COMPLETE,1,0.1291549665014884,516619.8660059536,6.744597777101673e-06,OK,64022244.690175265,ANGULAR_JUMP_CORRECTION_REQUIRED,False,MATCHING_RADIUS_OUTSIDE_CONSERVATIVE_KEPLER_DOMAIN,NONLOCAL_JUMP_OPERATOR_REQUIRED,16,5.011872336272724,1121,SUBGRID_COUPLING_READY,20658137360.19375,20658137360.19375,,INTERFACE_COMPLETE,0.7653987808951233,17776755.554148097,0.5741888907693437,0.4394834769983787,,2586.505633289288,76597579734.09622,6.522969899743547,1000.0,69.85016887275326,2,s1000_h16_bh01,80.0
317.2545115151883,ALL_HALO_FLUX_COMPLETE,2,0.16681005372000587,667240.2148800235,8.710982999675797e-06,OK,80970818.56030422,ANGULAR_JUMP_CORRECTION_REQUIRED,True,GEOMETRIC_FP_DOMAIN_PASS,NONLOCAL_JUMP_OPERATOR_REQUIRED,16,5.011872336272724,1122,SUBGRID_COUPLING_READY,20667673956.597473,20667673956.597473,,INTERFACE_COMPLETE,0.9853097343166389,14151081.08030356,0.4585830604103867,0.4518463534150693,,2586.3658906322503,76597579734.09622,7.589929014833264,1000.0,73.47161382045358,2,s1000_h16_bh02,80.0
300.5717981802605,ALL_HALO_FLUX_COMPLETE,3,0.21544346900318834,861773.8760127533,1.1250667175181621e-05,OK,103061565.07569334,ANGULAR_JUMP_CORRECTION_REQUIRED,True,GEOMETRIC_FP_DOMAIN_PASS,NONLOCAL_JUMP_OPERATOR_REQUIRED,16,5.011872336272724,1123,SUBGRID_COUPLING_READY,20679992090.218246,20679992090.218246,,INTERFACE_COMPLETE,1.26719223080481,11196041.041659392,0.36436298700767616,0.4617179463289612,,2586.18543809878,76597579734.09622,9.047953316907208,1000.0,77.90864504227771,2,s1000_h16_bh03,80.0
282.4881351969864,ALL_HALO_FLUX_COMPLETE,4,0.2782559402207124,1113023.7608828498,1.4530795421299774e-05,OK,131931585.67284347,ANGULAR_JUMP_CORRECTION_REQUIRED,True,GEOMETRIC_FP_DOMAIN_PASS,NONLOCAL_JUMP_OPERATOR_REQUIRED,16,5.011872336272724,1124,SUBGRID_COUPLING_READY,20695903408.58037,20695903408.58037,,INTERFACE_COMPLETE,1.627706892386212,8809396.71492565,0.28826595245433,0.469212477650189,,2585.952429324021,76597579734.09622,11.061873211689772,1000.0,83.31373495327105,2,s1000_h16_bh04,80.0
263.3581026164658,ALL_HALO_FLUX_COMPLETE,5,0.35938136638046275,1437525.465521851,1.8767243958779534e-05,OK,169790201.8382691,ANGULAR_JUMP_CORRECTION_REQUIRED,True,GEOMETRIC_FP_DOMAIN_PASS,NONLOCAL_JUMP_OPERATOR_REQUIRED,16,5.011872336272724,1125,SUBGRID_COUPLING_READY,20716456850.92856,20716456850.92856,,INTERFACE_COMPLETE,2.0874601558352985,6900683.5198770985,0.22740939940797997,0.4747080603265935,,2585.6515760809266,76597579734.09622,13.867201550277452,1000.0,89.84392067816323,2,s1000_h16_bh05,80.0
243.60347481813156,ALL_HALO_FLUX_COMPLETE,6,0.46415888336127786,1856635.5334451115,2.4238827648214307e-05,OK,219656543.06615537,ANGULAR_JUMP_CORRECTION_REQUIRED,True,GEOMETRIC_FP_DOMAIN_PASS,NONLOCAL_JUMP_OPERATOR_REQUIRED,16,5.011872336272724,1126,SUBGRID_COUPLING_READY,20743007791.99088,20743007791.99088,,INTERFACE_COMPLETE,2.6715774218716395,5389162.929720582,0.1792252340053689,0.47881408859840474,,2585.263160430261,76597579734.09622,17.79669424506751,1000.0,97.65100545099936,2,s1000_h16_bh06,80.0
223.66964026914314,ALL_HALO_FLUX_COMPLETE,7,0.5994842503189409,2397937.001275764,3.13056497294047e-05,OK,285712598.0804563,ANGULAR_JUMP_CORRECTION_REQUIRED,True,GEOMETRIC_FP_DOMAIN_PASS,NONLOCAL_JUMP_OPERATOR_REQUIRED,16,5.011872336272724,1127,SUBGRID_COUPLING_READY,20777308476.274734,20777308476.274734,,INTERFACE_COMPLETE,3.410094762665973,4202828.288105354,0.14142686579374675,0.4822790143435192,,2584.7617506610054,76597579734.09622,23.315083361795875,1000.0,106.87441168649342,2,s1000_h16_bh07,80.0
203.98115416355782,ALL_HALO_FLUX_COMPLETE,8,0.774263682681127,3097054.730724508,4.043280142108592e-05,OK,373859701.2242063,ANGULAR_JUMP_CORRECTION_REQUIRED,True,GEOMETRIC_FP_DOMAIN_PASS,NONLOCAL_JUMP_OPERATOR_REQUIRED,16,5.011872336272724,1128,SUBGRID_COUPLING_READY,20821623830.43881,20821623830.43881,,INTERFACE_COMPLETE,4.3379199276964,3278400.0668159113,0.11200779499276366,0.48588084595644254,,2584.114575370009,76597579734.09622,31.063504229714148,1000.0,117.63781058968196,2,s1000_h16_bh08,80.0
184.90550030312258,ALL_HALO_FLUX_COMPLETE,9,1.0,4000000.0,5.222097113101685e-05,OK,492595648.5013827,ANGULAR_JUMP_CORRECTION_REQUIRED,True,GEOMETRIC_FP_DOMAIN_PASS,NONLOCAL_JUMP_OPERATOR_REQUIRED,16,5.011872336272724,1129,SUBGRID_COUPLING_READY,20878883626.48687,20878883626.48687,,INTERFACE_COMPLETE,5.49396091396974,2561620.0622663843,0.0892499724486067,0.49033586020552145,,2583.2794096470175,76597579734.09622,41.91596841066837,1000.0,130.05025162139657,2,s1000_h16_bh09,80.0
168.50093059716403,ALL_HALO_FLUX_COMPLETE,10,1.2589254117941673,5035701.647176669,6.574230758540671e-05,OK,635871353.8274474,ANGULAR_JUMP_CORRECTION_REQUIRED,True,GEOMETRIC_FP_DOMAIN_PASS,NONLOCAL_JUMP_OPERATOR_REQUIRED,16,5.011872336272724,1130,SUBGRID_COUPLING_READY,20944595778.93682,20944595778.93682,,INTERFACE_COMPLETE,6.763087839037871,2056522.0568392398,0.07327693303563992,0.49557833469532875,,2582.3224148087866,76597579734.09622,55.30252936623641,1000.0,142.71338508217684,2,s1000_h16_bh10,80.0
152.9753166619432,ALL_HALO_FLUX_COMPLETE,11,1.5848931924611136,6339572.769844455,8.276466164925694e-05,OK,827580499.0993112,ANGULAR_JUMP_CORRECTION_REQUIRED,True,GEOMETRIC_FP_DOMAIN_PASS,NONLOCAL_JUMP_OPERATOR_REQUIRED,16,5.011872336272724,1131,SUBGRID_COUPLING_READY,21027373423.750183,21027373423.750183,,INTERFACE_COMPLETE,8.27770277390779,1655933.4818950223,0.06068928197906101,0.5023678377845454,,2581.1190918729267,76597579734.09622,73.27539726431213,1000.0,156.86059725505234,2,s1000_h16_bh11,80.0
138.42052969260865,ALL_HALO_FLUX_COMPLETE,12,1.9952623149688797,7981049.259875519,0.00010419453574879572,OK,1088063692.17416,ANGULAR_JUMP_CORRECTION_REQUIRED,True,GEOMETRIC_FP_DOMAIN_PASS,NONLOCAL_JUMP_OPERATOR_REQUIRED,16,5.011872336272724,1132,SUBGRID_COUPLING_READY,21131665548.56568,21131665548.56568,,INTERFACE_COMPLETE,10.058943992435092,1337973.265587835,0.0508012017315034,0.5110064429655893,,2579.6065020108986,76597579734.09622,97.2700840635668,1000.0,172.55871526170813,2,s1000_h16_bh12,80.0
124.87778056097959,ALL_HALO_FLUX_COMPLETE,13,2.51188643150958,10047545.72603832,0.0001311731488242547,OK,1448822948.105942,ANGULAR_JUMP_CORRECTION_REQUIRED,True,GEOMETRIC_FP_DOMAIN_PASS,NONLOCAL_JUMP_OPERATOR_REQUIRED,16,5.011872336272724,1133,SUBGRID_COUPLING_READY,21263087909.26006,21263087909.26006,,INTERFACE_COMPLETE,12.114208805101404,1085148.1581062498,0.043069806706741244,0.5217566316408203,,2577.705943146171,76597579734.09622,129.09696784710405,1000.0,189.87505800709806,2,s1000_h16_bh13,80.0
112.34566616897929,ALL_HALO_FLUX_COMPLETE,14,3.1622776601683795,12649110.640673518,0.00016513721039991246,OK,1960337228.5162935,ANGULAR_JUMP_CORRECTION_REQUIRED,True,GEOMETRIC_FP_DOMAIN_PASS,NONLOCAL_JUMP_OPERATOR_REQUIRED,16,5.011872336272724,1134,SUBGRID_COUPLING_READY,21428743458.45591,21428743458.45591,,INTERFACE_COMPLETE,14.427196656861332,883601.4900232006,0.037072632667963054,0.5348541620882847,,2575.319021377397,76597579734.09622,171.01449950623442,1000.0,208.87782829246564,2,s1000_h16_bh14,80.0
100.78908974222546,ALL_HALO_FLUX_COMPLETE,15,3.981071705534973,15924286.822139893,0.00020789543060524985,OK,2706936522.633506,ANGULAR_JUMP_CORRECTION_REQUIRED,True,GEOMETRIC_FP_DOMAIN_PASS,NONLOCAL_JUMP_OPERATOR_REQUIRED,16,5.011872336272724,1135,SUBGRID_COUPLING_READY,21637607155.050186,21637607155.050186,,INTERFACE_COMPLETE,16.945223545910878,722432.2989727671,0.03248843504674714,0.5505237945239357,,2572.3232545399114,76597579734.09622,225.8061938721333,1000.0,229.63863905943774,2,s1000_h16_bh15,80.0
90.14739897775205,ALL_HALO_FLUX_COMPLETE,16,5.011872336272724,20047489.345090896,0.00026172484058483987,OK,3835578080.324812,ANGULAR_JUMP_CORRECTION_REQUIRED,True,GEOMETRIC_FP_DOMAIN_PASS,NONLOCAL_JUMP_OPERATOR_REQUIRED,16,5.011872336272724,1136,SUBGRID_COUPLING_READY,21916918829.750412,21916918829.750412,,INTERFACE_COMPLETE,19.565611562874683,593061.2024866524,0.029079372237062705,0.5689557016826111,,2461.0275676583624,76597579734.09622,296.9126775895318,1000.0,252.23971222758948,2,s1000_h16_bh16,80.0
80.3458695428964,ALL_HALO_FLUX_COMPLETE,17,6.309573444801933,25238293.779207733,0.00032949205271003227,OK,5619323961.085783,ANGULAR_JUMP_CORRECTION_REQUIRED,True,GEOMETRIC_FP_DOMAIN_PASS,NONLOCAL_JUMP_OPERATOR_REQUIRED,16,5.011872336272724,1137,SUBGRID_COUPLING_READY,22270808666.24438,22270808666.24438,,INTERFACE_COMPLETE,22.124228674521362,488976.7743582552,0.026693101188892013,0.5905642747351849,,2456.3634801483868,76597579734.09622,388.1632110016924,1000.0,276.72368546204734,2,s1000_h16_bh17,80.0
71.29275975112714,ALL_HALO_FLUX_COMPLETE,18,7.943282347242816,31773129.38897126,0.0004148059181408828,OK,8577639796.324714,PASS,True,GEOMETRIC_FP_DOMAIN_PASS,NONLOCAL_JUMP_OPERATOR_REQUIRED,16,5.011872336272724,1138,SUBGRID_COUPLING_READY,22719558274.58096,22719558274.58096,,INTERFACE_COMPLETE,24.39828816989178,404696.13670136617,0.025220206734340358,0.6153298716086814,,2347.6004725440844,76597579734.09622,504.85426403024144,1000.0,303.23363271174657,2,s1000_h16_bh18,80.0
62.89264935522417,ALL_HALO_FLUX_COMPLETE,19,10.0,40000000.0,0.0005222097113101685,OK,13772475955.570646,PASS,True,GEOMETRIC_FP_DOMAIN_PASS,NONLOCAL_JUMP_OPERATOR_REQUIRED,16,5.011872336272724,1139,SUBGRID_COUPLING_READY,23319939077.690117,23319939077.690117,,INTERFACE_COMPLETE,26.12356981782148,336054.16196168313,0.02462383515198842,0.6432624767754962,,2340.3790035965576,76597579734.09622,653.6776801238833,1000.0,331.93378139053823,2,s1000_h16_bh19,80.0
345.12922261062533,ALL_HALO_FLUX_COMPLETE,0,0.1,400000.0,4.148059181408828e-06,OK,67208399.22407942,ANGULAR_JUMP_CORRECTION_REQUIRED,False,MATCHING_RADIUS_OUTSIDE_CONSERVATIVE_KEPLER_DOMAIN,NONLOCAL_JUMP_OPERATOR_REQUIRED,17,6.309573444801933,1140,SUBGRID_COUPLING_READY,30137114034.812172,30137114034.812172,,INTERFACE_COMPLETE,0.5104974933386653,24336706.98952474,0.9125299757169791,0.465844265199911,,2676.7767366751755,96430639609.18364,5.0672667223300225,1000.0,69.32924632325145,2,s1000_h17_bh00,80.0
333.8405215393958,ALL_HALO_FLUX_COMPLETE,1,0.1291549665014884,516619.8660059536,5.357424446210486e-06,OK,83750484.01560229,ANGULAR_JUMP_CORRECTION_REQUIRED,False,MATCHING_RADIUS_OUTSIDE_CONSERVATIVE_KEPLER_DOMAIN,NONLOCAL_JUMP_OPERATOR_REQUIRED,17,6.309573444801933,1141,SUBGRID_COUPLING_READY,30146237877.25365,30146237877.25365,,INTERFACE_COMPLETE,0.658002178626376,19722156.815734856,0.7409981562665698,0.4875784011815308,,2676.68460335263,96430639609.18364,5.624092480072106,1000.0,71.78303744757788,2,s1000_h17_bh01,80.0
320.77586151453954,ALL_HALO_FLUX_COMPLETE,2,0.16681005372000587,667240.2148800235,6.919379748845702e-06,OK,105237138.49883704,ANGULAR_JUMP_CORRECTION_REQUIRED,False,MATCHING_RADIUS_OUTSIDE_CONSERVATIVE_KEPLER_DOMAIN,NONLOCAL_JUMP_OPERATOR_REQUIRED,17,6.309573444801933,1142,SUBGRID_COUPLING_READY,30158022503.151188,30158022503.151188,,INTERFACE_COMPLETE,0.8476282757968601,15897483.108195756,0.5988583353882543,0.5076092582717238,,2676.565621617169,96430639609.18364,6.357805339154655,1000.0,74.78076568600801,2,s1000_h17_bh02,80.0
305.96970424829897,ALL_HALO_FLUX_COMPLETE,3,0.21544346900318834,861773.8760127533,8.936722596732437e-06,OK,133192845.87298305,ANGULAR_JUMP_CORRECTION_REQUIRED,True,GEOMETRIC_FP_DOMAIN_PASS,NONLOCAL_JUMP_OPERATOR_REQUIRED,17,6.309573444801933,1143,SUBGRID_COUPLING_READY,30173244092.82613,30173244092.82613,,INTERFACE_COMPLETE,1.0910722831066748,12744483.279375372,0.4817048089264517,0.5255747656588482,,2676.411973163721,96430639609.18364,7.336167278260616,1000.0,78.43908256329436,2,s1000_h17_bh03,80.0
289.56685585554555,ALL_HALO_FLUX_COMPLETE,4,0.2782559402207124,1113023.7608828498,1.1542221076140724e-05,OK,169643140.85656774,ANGULAR_JUMP_CORRECTION_REQUIRED,True,GEOMETRIC_FP_DOMAIN_PASS,NONLOCAL_JUMP_OPERATOR_REQUIRED,17,6.309573444801933,1144,SUBGRID_COUPLING_READY,30192905451.842415,30192905451.842415,,INTERFACE_COMPLETE,1.403057882220498,10162065.368822055,0.3857711812886437,0.5412592966405442,,2676.213566021815,96430639609.18364,8.655763508237685,1000.0,82.89097638040971,2,s1000_h17_bh04,80.0
271.8238530124945,ALL_HALO_FLUX_COMPLETE,5,0.35938136638046275,1437525.465521851,1.4907351764417285e-05,OK,217299698.83905,ANGULAR_JUMP_CORRECTION_REQUIRED,True,GEOMETRIC_FP_DOMAIN_PASS,NONLOCAL_JUMP_OPERATOR_REQUIRED,17,6.309573444801933,1145,SUBGRID_COUPLING_READY,30218302389.736935,30218302389.736935,,INTERFACE_COMPLETE,1.8019709920227858,8062860.706001877,0.3078051325284989,0.5546559200120842,,2675.9573745638086,96430639609.18364,10.454094201216893,1000.0,88.28231760170925,2,s1000_h17_bh05,80.0
253.0919535429185,ALL_HALO_FLUX_COMPLETE,6,0.46415888336127786,1856635.5334451115,1.925358517759218e-05,OK,279831370.92344695,ANGULAR_JUMP_CORRECTION_REQUIRED,True,GEOMETRIC_FP_DOMAIN_PASS,NONLOCAL_JUMP_OPERATOR_REQUIRED,17,6.309573444801933,1146,SUBGRID_COUPLING_READY,30251108979.01911,30251108979.01911,,INTERFACE_COMPLETE,2.3105235673824973,6370474.857021591,0.24496667651219825,0.5660012793047985,,2675.626596501674,96430639609.18364,12.926039878966954,1000.0,94.7662602431204,2,s1000_h17_bh06,80.0
233.78371515040305,ALL_HALO_FLUX_COMPLETE,7,0.5994842503189409,2397937.001275764,2.4866961486454712e-05,OK,362255361.7672976,ANGULAR_JUMP_CORRECTION_REQUIRED,True,GEOMETRIC_FP_DOMAIN_PASS,NONLOCAL_JUMP_OPERATOR_REQUIRED,17,6.309573444801933,1147,SUBGRID_COUPLING_READY,30293489419.601856,30293489419.601856,,INTERFACE_COMPLETE,2.9563619690997496,5017554.157102403,0.19475614962368376,0.5757696739957592,,2675.1995517586474,96430639609.18364,16.345648120680274,1000.0,102.49578585621853,2,s1000_h17_bh07,80.0
214.3300865238006,ALL_HALO_FLUX_COMPLETE,8,0.774263682681127,3097054.730724508,3.21169157777686e-05,OK,471543347.75094676,ANGULAR_JUMP_CORRECTION_REQUIRED,True,GEOMETRIC_FP_DOMAIN_PASS,NONLOCAL_JUMP_OPERATOR_REQUIRED,17,6.309573444801933,1148,SUBGRID_COUPLING_READY,30348240776.319035,30348240776.319035,,INTERFACE_COMPLETE,3.77245676835069,3944623.296034817,0.15497052086908844,0.5846195903474246,,2674.648291166699,96430639609.18364,21.094542569815893,1000.0,111.61673596876896,2,s1000_h17_bh08,80.0
195.13771756696337,ALL_HALO_FLUX_COMPLETE,9,1.0,4000000.0,4.148059181408828e-05,OK,617553702.5523486,ANGULAR_JUMP_CORRECTION_REQUIRED,True,GEOMETRIC_FP_DOMAIN_PASS,NONLOCAL_JUMP_OPERATOR_REQUIRED,17,6.309573444801933,1149,SUBGRID_COUPLING_READY,30418979780.043518,30418979780.043518,,INTERFACE_COMPLETE,4.796995058613214,3099554.731052878,0.1236827060132045,0.5933053295812528,,2673.9367918037306,96430639609.18364,27.698675544074053,1000.0,122.26411812516918,2,s1000_h17_bh09,80.0
178.37742159912102,ALL_HALO_FLUX_COMPLETE,10,1.2589254117941673,5035701.647176669,5.2220971131016855e-05,OK,792009836.1069763,ANGULAR_JUMP_CORRECTION_REQUIRED,True,GEOMETRIC_FP_DOMAIN_PASS,NONLOCAL_JUMP_OPERATOR_REQUIRED,17,6.309573444801933,1150,SUBGRID_COUPLING_READY,30500153892.840252,30500153892.840252,,INTERFACE_COMPLETE,5.932242537703745,2496564.1266453243,0.1014151336353102,0.601619169718297,,2673.121349686812,96430639609.18364,35.81569245712349,1000.0,133.2525911831027,2,s1000_h17_bh10,80.0
162.3114622967922,ALL_HALO_FLUX_COMPLETE,11,1.5848931924611136,6339572.769844455,6.574230758540671e-05,OK,1022689738.250688,ANGULAR_JUMP_CORRECTION_REQUIRED,True,GEOMETRIC_FP_DOMAIN_PASS,NONLOCAL_JUMP_OPERATOR_REQUIRED,17,6.309573444801933,1151,SUBGRID_COUPLING_READY,30602398749.16534,30602398749.16534,,INTERFACE_COMPLETE,7.302614269233646,2013846.3159932534,0.08366174208218541,0.6109494315183122,,2672.0957784726356,96430639609.18364,46.70374763068631,1000.0,145.65775855340556,2,s1000_h17_bh11,80.0
147.08295219358294,ALL_HALO_FLUX_COMPLETE,12,1.9952623149688797,7981049.259875519,8.276466164925694e-05,OK,1331530575.8641155,ANGULAR_JUMP_CORRECTION_REQUIRED,True,GEOMETRIC_FP_DOMAIN_PASS,NONLOCAL_JUMP_OPERATOR_REQUIRED,17,6.309573444801933,1152,SUBGRID_COUPLING_READY,30731200552.220325,30731200552.220325,,INTERFACE_COMPLETE,8.938057856396782,1627994.195580935,0.069564654219546,0.6217729041745387,,2670.806261891678,96430639609.18364,61.256377450894156,1000.0,159.55530205308517,2,s1000_h17_bh12,80.0
132.7803361074235,ALL_HALO_FLUX_COMPLETE,13,2.51188643150958,10047545.72603832,0.00010419453574879571,OK,1751455854.8987381,ANGULAR_JUMP_CORRECTION_REQUIRED,True,GEOMETRIC_FP_DOMAIN_PASS,NONLOCAL_JUMP_OPERATOR_REQUIRED,17,6.309573444801933,1153,SUBGRID_COUPLING_READY,30893484984.626133,30893484984.626133,,INTERFACE_COMPLETE,10.861397882276897,1319660.1181849986,0.058419160097750555,0.6345137417701029,,2669.185379533022,96430639609.18364,80.61557152078902,1000.0,175.01845867036906,2,s1000_h17_bh13,80.0
119.44338344556535,ALL_HALO_FLUX_COMPLETE,14,3.1622776601683795,12649110.640673518,0.00013117314882425473,OK,2333502035.5239463,ANGULAR_JUMP_CORRECTION_REQUIRED,True,GEOMETRIC_FP_DOMAIN_PASS,NONLOCAL_JUMP_OPERATOR_REQUIRED,17,6.309573444801933,1154,SUBGRID_COUPLING_READY,31097995227.23015,31097995227.23015,,INTERFACE_COMPLETE,13.080621779000074,1073100.7561382425,0.049658209075002485,0.6495602511326166,,2667.1488378367176,96430639609.18364,106.22120835266317,1000.0,192.11719159349067,2,s1000_h17_bh14,80.0
107.07142794166954,ALL_HALO_FLUX_COMPLETE,15,3.981071705534973,15924286.822139893,0.0001651372103999125,OK,3159520206.5886407,ANGULAR_JUMP_CORRECTION_REQUIRED,True,GEOMETRIC_FP_DOMAIN_PASS,NONLOCAL_JUMP_OPERATOR_REQUIRED,17,6.309573444801933,1155,SUBGRID_COUPLING_READY,31355792078.565533,31355792078.565533,,INTERFACE_COMPLETE,15.578128612096185,875628.9897590305,0.04283352207304867,0.667266115763013,,2664.591269063896,96430639609.18364,139.86986245627816,1000.0,210.9222257432911,2,s1000_h17_bh15,80.0
95.6325972609268,ALL_HALO_FLUX_COMPLETE,16,5.011872336272724,20047489.345090896,0.00020789543060524985,OK,4366346211.145658,ANGULAR_JUMP_CORRECTION_REQUIRED,True,GEOMETRIC_FP_DOMAIN_PASS,NONLOCAL_JUMP_OPERATOR_REQUIRED,17,6.309573444801933,1156,SUBGRID_COUPLING_READY,31694255042.021942,31694255042.021942,,INTERFACE_COMPLETE,18.297031504965172,717115.1433159289,0.03759994398039771,0.6879673595942625,,2550.117928156074,96430639609.18364,183.77596717835723,1000.0,231.50614541249075,2,s1000_h17_bh16,80.0
85.0725575457297,ALL_HALO_FLUX_COMPLETE,17,6.309573444801933,25238293.779207733,0.00026172484058483987,OK,6192544862.5842,ANGULAR_JUMP_CORRECTION_REQUIRED,True,GEOMETRIC_FP_DOMAIN_PASS,NONLOCAL_JUMP_OPERATOR_REQUIRED,17,6.309573444801933,1157,SUBGRID_COUPLING_READY,32131840430.55133,32131840430.55133,,INTERFACE_COMPLETE,21.126461401343832,589482.267532859,0.03369945870097186,0.7119503134922626,,2546.1241437446565,96430639609.18364,240.67756113057092,1000.0,253.9506881967316,2,s1000_h17_bh17,80.0
75.32659318960653,ALL_HALO_FLUX_COMPLETE,18,7.943282347242816,31773129.38897126,0.00032949205271003227,OK,9081384284.29655,ANGULAR_JUMP_CORRECTION_REQUIRED,True,GEOMETRIC_FP_DOMAIN_PASS,NONLOCAL_JUMP_OPERATOR_REQUIRED,17,6.309573444801933,1158,SUBGRID_COUPLING_READY,32683594598.36031,32683594598.36031,,INTERFACE_COMPLETE,23.889192608406724,486540.2084125705,0.030966791143308373,0.7397716380867971,,2541.1278160967618,96430639609.18364,313.62168375054773,1000.0,278.29802792978484,2,s1000_h17_bh18,80.0
66.31829626766756,ALL_HALO_FLUX_COMPLETE,19,10.0,40000000.0,0.0004148059181408828,OK,13875612503.08729,PASS,True,GEOMETRIC_FP_DOMAIN_PASS,NONLOCAL_JUMP_OPERATOR_REQUIRED,17,6.309573444801933,1159,SUBGRID_COUPLING_READY,33411852022.25087,33411852022.25087,,INTERFACE_COMPLETE,26.344665569163084,403017.56185169896,0.029282639551425665,0.7714413459646569,,2428.525350835477,96430639609.18364,406.8288805445369,1000.0,304.690601881335,2,s1000_h17_bh19,80.0
340.3336777828833,ALL_HALO_FLUX_COMPLETE,0,0.1,400000.0,3.2949205271003226e-06,OK,89770989.46005335,,False,MATCHING_RADIUS_OUTSIDE_CONSERVATIVE_KEPLER_DOMAIN,NONLOCAL_JUMP_OPERATOR_REQUIRED,18,7.943282347242816,1160,SUBGRID_COUPLING_READY,43837953307.18298,43837953307.18298,,INTERFACE_COMPLETE,0.43847614475127805,26439129.192059617,1.1541974661262937,0.5060880552287511,,2770.1214293268017,121398982679.56644,4.583158870042607,1000.0,72.39437708842561,2,s1000_h18_bh00,80.0
330.93045134573447,ALL_HALO_FLUX_COMPLETE,1,0.1291549665014884,516619.8660059536,4.255553503027086e-06,OK,110907335.75120756,ANGULAR_JUMP_CORRECTION_REQUIRED,False,MATCHING_RADIUS_OUTSIDE_CONSERVATIVE_KEPLER_DOMAIN,NONLOCAL_JUMP_OPERATOR_REQUIRED,18,7.943282347242816,1161,SUBGRID_COUPLING_READY,43849198123.53601,43849198123.53601,,INTERFACE_COMPLETE,0.5654055436549661,21625899.16427277,0.9455928128443734,0.5346434184225015,,2770.0429837528623,121398982679.56644,4.986253013914364,1000.0,74.4590862288278,2,s1000_h18_bh01,80.0
319.8593856562714,ALL_HALO_FLUX_COMPLETE,2,0.16681005372000587,667240.2148800235,5.496258701287549e-06,OK,138330235.28253546,ANGULAR_JUMP_CORRECTION_REQUIRED,False,MATCHING_RADIUS_OUTSIDE_CONSERVATIVE_KEPLER_DOMAIN,NONLOCAL_JUMP_OPERATOR_REQUIRED,18,7.943282347242816,1162,SUBGRID_COUPLING_READY,43863722122.47601,43863722122.47601,,INTERFACE_COMPLETE,0.7287374005665668,17612585.93529473,0.771708401471311,0.5623727744835837,,2769.941676296775,121398982679.56644,5.5064594110842355,1000.0,76.9655788102222,2,s1000_h18_bh02,80.0
307.07029651093524,ALL_HALO_FLUX_COMPLETE,3,0.21544346900318834,861773.8760127533,7.098691084483074e-06,OK,173956960.4876976,ANGULAR_JUMP_CORRECTION_REQUIRED,False,MATCHING_RADIUS_OUTSIDE_CONSERVATIVE_KEPLER_DOMAIN,NONLOCAL_JUMP_OPERATOR_REQUIRED,18,7.943282347242816,1163,SUBGRID_COUPLING_READY,43882481785.13932,43882481785.13932,,INTERFACE_COMPLETE,0.9386848833061631,14278125.208084255,0.6272831699837941,0.5888212292161578,,2769.8108480707024,121398982679.56644,6.184997598670658,1000.0,80.00843639564278,2,s1000_h18_bh03,80.0
292.6054397006402,ALL_HALO_FLUX_COMPLETE,4,0.2782559402207124,1113023.7608828498,9.168312092208258e-06,OK,220320970.4302382,ANGULAR_JUMP_CORRECTION_REQUIRED,False,MATCHING_RADIUS_OUTSIDE_CONSERVATIVE_KEPLER_DOMAIN,NONLOCAL_JUMP_OPERATOR_REQUIRED,18,7.943282347242816,1164,SUBGRID_COUPLING_READY,43906712810.82845,43906712810.82845,,INTERFACE_COMPLETE,1.20817553067781,11519964.225586843,0.5078605508137752,0.6135846904897577,,2769.641902626522,121398982679.56644,7.0797556760334475,1000.0,83.69854406619378,2,s1000_h18_bh04,80.0
276.6141601504609,ALL_HALO_FLUX_COMPLETE,5,0.35938136638046275,1437525.465521851,1.1841330411443486e-05,OK,280791834.50501144,ANGULAR_JUMP_CORRECTION_REQUIRED,True,GEOMETRIC_FP_DOMAIN_PASS,NONLOCAL_JUMP_OPERATOR_REQUIRED,18,7.943282347242816,1165,SUBGRID_COUPLING_READY,43938011642.31269,43938011642.31269,,INTERFACE_COMPLETE,1.5534712048326709,9250723.310589187,0.40964435969465024,0.6363707170077563,,2769.4237445258427,121398982679.56644,8.27226361985507,1000.0,88.1624234967338,2,s1000_h18_bh05,80.0
259.3525446496878,ALL_HALO_FLUX_COMPLETE,6,0.46415888336127786,1856635.5334451115,1.529366632623039e-05,OK,359885808.76056933,ANGULAR_JUMP_CORRECTION_REQUIRED,True,GEOMETRIC_FP_DOMAIN_PASS,NONLOCAL_JUMP_OPERATOR_REQUIRED,18,7.943282347242816,1166,SUBGRID_COUPLING_READY,43978441181.31179,43978441181.31179,,INTERFACE_COMPLETE,1.994859464944488,7395347.646180445,0.32937595793051744,0.6570587472028502,,2769.1420539297164,121398982679.56644,9.87746106682202,1000.0,93.5401329226107,2,s1000_h18_bh06,80.0
241.16529749658525,ALL_HALO_FLUX_COMPLETE,7,0.5994842503189409,2397937.001275764,1.9752529620492268e-05,OK,463717927.3217615,ANGULAR_JUMP_CORRECTION_REQUIRED,True,GEOMETRIC_FP_DOMAIN_PASS,NONLOCAL_JUMP_OPERATOR_REQUIRED,18,7.943282347242816,1167,SUBGRID_COUPLING_READY,44030667203.91569,44030667203.91569,,INTERFACE_COMPLETE,2.557369720751999,5888815.594161876,0.2642354934862029,0.6757478501895774,,2768.7783554843213,121398982679.56644,12.056974642868358,1000.0,99.98102831405976,2,s1000_h18_bh07,80.0
222.45224319688427,ALL_HALO_FLUX_COMPLETE,8,0.774263682681127,3097054.730724508,2.551137301454336e-05,OK,600671391.630544,ANGULAR_JUMP_CORRECTION_REQUIRED,True,GEOMETRIC_FP_DOMAIN_PASS,NONLOCAL_JUMP_OPERATOR_REQUIRED,18,7.943282347242816,1168,SUBGRID_COUPLING_READY,44098135003.09744,44098135003.09744,,INTERFACE_COMPLETE,3.271415565239362,4674362.157246732,0.21176514049051112,0.6927717767757584,,2768.3088203690027,121398982679.56644,15.036950259931135,1000.0,107.63839753481996,2,s1000_h18_bh08,80.0
203.62662670071919,ALL_HALO_FLUX_COMPLETE,9,1.0,4000000.0,3.294920527100323e-05,OK,782414890.9800024,ANGULAR_JUMP_CORRECTION_REQUIRED,True,GEOMETRIC_FP_DOMAIN_PASS,NONLOCAL_JUMP_OPERATOR_REQUIRED,18,7.943282347242816,1169,SUBGRID_COUPLING_READY,44185298168.96122,44185298168.96122,,INTERFACE_COMPLETE,4.173178562977882,3702303.7273682305,0.16981811529978827,0.7086813183743828,,2767.7027277037114,121398982679.56644,19.131182028671905,1000.0,116.66270345367725,2,s1000_h18_bh09,80.0
186.9075298349057,ALL_HALO_FLUX_COMPLETE,10,1.2589254117941673,5035701.647176669,4.1480591814088284e-05,OK,997807791.9515828,ANGULAR_JUMP_CORRECTION_REQUIRED,True,GEOMETRIC_FP_DOMAIN_PASS,NONLOCAL_JUMP_OPERATOR_REQUIRED,18,7.943282347242816,1170,SUBGRID_COUPLING_READY,44285312264.71631,44285312264.71631,,INTERFACE_COMPLETE,5.179676118099302,2998717.6954228,0.13951211355593685,0.7226275627712438,,2767.0079826727274,121398982679.56644,24.122432158657475,1000.0,126.07232914856492,2,s1000_h18_bh10,80.0
170.6522374032609,ALL_HALO_FLUX_COMPLETE,11,1.5848931924611136,6339572.769844455,5.222097113101686e-05,OK,1279855410.4025774,ANGULAR_JUMP_CORRECTION_REQUIRED,True,GEOMETRIC_FP_DOMAIN_PASS,NONLOCAL_JUMP_OPERATOR_REQUIRED,18,7.943282347242816,1171,SUBGRID_COUPLING_READY,44411276352.746704,44411276352.746704,,INTERFACE_COMPLETE,6.405488149116409,2428743.6369260247,0.11502927536357144,0.736818660142805,,2766.1340500359433,121398982679.56644,30.784598442245287,1000.0,136.80307869318852,2,s1000_h18_bh11,80.0
155.05215294441862,ALL_HALO_FLUX_COMPLETE,12,1.9952623149688797,7981049.259875519,6.574230758540671e-05,OK,1652894255.069444,ANGULAR_JUMP_CORRECTION_REQUIRED,True,GEOMETRIC_FP_DOMAIN_PASS,NONLOCAL_JUMP_OPERATOR_REQUIRED,18,7.943282347242816,1172,SUBGRID_COUPLING_READY,44569941218.99743,44569941218.99743,,INTERFACE_COMPLETE,7.8851815079784044,1968565.6139792877,0.09534921901553925,0.751845898581513,,2765.034939395319,121398982679.56644,39.66752640869475,1000.0,148.94572414912213,2,s1000_h18_bh12,80.0
140.244530170088,ALL_HALO_FLUX_COMPLETE,13,2.51188643150958,10047545.72603832,8.276466164925694e-05,OK,2152472458.03395,ANGULAR_JUMP_CORRECTION_REQUIRED,True,GEOMETRIC_FP_DOMAIN_PASS,NONLOCAL_JUMP_OPERATOR_REQUIRED,18,7.943282347242816,1173,SUBGRID_COUPLING_READY,44769823313.342705,44769823313.342705,,INTERFACE_COMPLETE,9.651092872785282,1597885.825344501,0.07960643757622836,0.768289122319764,,2763.6529940288256,121398982679.56644,51.481994024239285,1000.0,162.5845526551993,2,s1000_h18_bh13,80.0
126.31437115602496,ALL_HALO_FLUX_COMPLETE,14,3.1622776601683795,12649110.640673518,0.00010419453574879572,OK,2831957056.831217,ANGULAR_JUMP_CORRECTION_REQUIRED,True,GEOMETRIC_FP_DOMAIN_PASS,NONLOCAL_JUMP_OPERATOR_REQUIRED,18,7.943282347242816,1174,SUBGRID_COUPLING_READY,45021674904.99833,45021674904.99833,,INTERFACE_COMPLETE,11.727867661441339,1299662.9297294558,0.06707962332053843,0.7867009450826089,,2761.9159900375494,121398982679.56644,67.1363867888366,1000.0,177.79918778706883,2,s1000_h18_bh14,80.0
113.30047731752276,ALL_HALO_FLUX_COMPLETE,15,3.981071705534973,15924286.822139893,0.00013117314882425476,OK,3774090946.405165,ANGULAR_JUMP_CORRECTION_REQUIRED,True,GEOMETRIC_FP_DOMAIN_PASS,NONLOCAL_JUMP_OPERATOR_REQUIRED,18,7.943282347242816,1175,SUBGRID_COUPLING_READY,45339071759.31941,45339071759.31941,,INTERFACE_COMPLETE,14.124130504767141,1059796.8732098825,0.057179434023809775,0.8076097883410118,,2759.733641817336,121398982679.56644,87.7761934028615,1000.0,194.6650098110405,2,s1000_h18_bh15,80.0
101.2038130154943,ALL_HALO_FLUX_COMPLETE,16,5.011872336272724,20047489.345090896,0.0001651372103999125,OK,5111577115.389272,ANGULAR_JUMP_CORRECTION_REQUIRED,True,GEOMETRIC_FP_DOMAIN_PASS,NONLOCAL_JUMP_OPERATOR_REQUIRED,18,7.943282347242816,1176,SUBGRID_COUPLING_READY,45765850739.25114,45765850739.25114,,INTERFACE_COMPLETE,16.82087635088812,866742.4103062513,0.04943338716139713,0.8315128930474414,,2641.9970073747695,121398982679.56644,114.83064902275281,1000.0,213.25562954085294,2,s1000_h18_bh16,80.0
89.99692457096234,ALL_HALO_FLUX_COMPLETE,17,6.309573444801933,25238293.779207733,0.00020789543060524985,OK,7066204719.665846,ANGULAR_JUMP_CORRECTION_REQUIRED,True,GEOMETRIC_FP_DOMAIN_PASS,NONLOCAL_JUMP_OPERATOR_REQUIRED,18,7.943282347242816,1177,SUBGRID_COUPLING_READY,46305147546.02816,46305147546.02816,,INTERFACE_COMPLETE,19.75668016338899,711143.2583311225,0.04347324595174956,0.8588870159330612,,2638.5842236046547,121398982679.56644,150.0617393427134,1000.0,233.6447891286042,2,s1000_h18_bh17,80.0
79.63308178928517,ALL_HALO_FLUX_COMPLETE,18,7.943282347242816,31773129.38897126,0.00026172484058483987,OK,10024382111.573902,ANGULAR_JUMP_CORRECTION_REQUIRED,True,GEOMETRIC_FP_DOMAIN_PASS,NONLOCAL_JUMP_OPERATOR_REQUIRED,18,7.943282347242816,1178,SUBGRID_COUPLING_READY,46985645557.32232,46985645557.32232,,INTERFACE_COMPLETE,22.811828289046133,585437.6253763227,0.0390210972086064,0.8901425691729066,,2634.3052136496717,121398982679.56644,195.6490688592403,1000.0,255.91557475791527,2,s1000_h18_bh18,80.0
70.05858568726947,ALL_HALO_FLUX_COMPLETE,19,10.0,40000000.0,0.00032949205271003227,OK,14703135702.470652,ANGULAR_JUMP_CORRECTION_REQUIRED,True,GEOMETRIC_FP_DOMAIN_PASS,NONLOCAL_JUMP_OPERATOR_REQUIRED,18,7.943282347242816,1179,SUBGRID_COUPLING_READY,47881377912.77541,47881377912.77541,,INTERFACE_COMPLETE,25.794956826620243,483772.7226345226,0.035899261284959696,0.9260198949530949,,2519.113834919746,121398982679.56644,254.01775287145193,1000.0,280.1102745526112,2,s1000_h18_bh19,80.0
331.47785343791304,ALL_HALO_FLUX_COMPLETE,0,0.1,400000.0,2.6172484058483986e-06,OK,121610448.3481642,,False,MATCHING_RADIUS_OUTSIDE_CONSERVATIVE_KEPLER_DOMAIN,NONLOCAL_JUMP_OPERATOR_REQUIRED,19,10.0,1180,SUBGRID_COUPLING_READY,63532053929.38903,63532053929.38903,,INTERFACE_COMPLETE,0.37650526566899895,28532972.067095295,1.4506241286315578,0.5461676229362847,,2866.891759593314,152832264261.26614,4.221673651329215,1000.0,76.05678818982743,2,s1000_h19_bh00,80.0
323.81614765945307,ALL_HALO_FLUX_COMPLETE,1,0.1291549665014884,516619.8660059536,3.3803063018342385e-06,OK,148778590.50519732,,False,MATCHING_RADIUS_OUTSIDE_CONSERVATIVE_KEPLER_DOMAIN,NONLOCAL_JUMP_OPERATOR_REQUIRED,19,10.0,1181,SUBGRID_COUPLING_READY,63545867579.870766,63545867579.870766,,INTERFACE_COMPLETE,0.4856556588293726,23512026.08720049,1.1968828738569204,0.5812729406445756,,2866.8249660267143,152832264261.26614,4.519980958244745,1000.0,77.80895148950583,2,s1000_h19_bh01,80.0
314.6570487868643,ALL_HALO_FLUX_COMPLETE,2,0.16681005372000587,667240.2148800235,4.365833471781711e-06,OK,183994310.2469543,ANGULAR_JUMP_CORRECTION_REQUIRED,False,MATCHING_RADIUS_OUTSIDE_CONSERVATIVE_KEPLER_DOMAIN,NONLOCAL_JUMP_OPERATOR_REQUIRED,19,10.0,1182,SUBGRID_COUPLING_READY,63563709396.18462,63563709396.18462,,INTERFACE_COMPLETE,0.6262164842450801,19308460.82968478,0.9845194994750506,0.6165223396319922,,2866.7387048120327,152832264261.26614,4.898282024414121,1000.0,79.92363928467056,2,s1000_h19_bh02,80.0
303.8915024868943,ALL_HALO_FLUX_COMPLETE,3,0.21544346900318834,861773.8760127533,5.638690757990436e-06,OK,229690157.316252,ANGULAR_JUMP_CORRECTION_REQUIRED,False,MATCHING_RADIUS_OUTSIDE_CONSERVATIVE_KEPLER_DOMAIN,NONLOCAL_JUMP_OPERATOR_REQUIRED,19,10.0,1183,SUBGRID_COUPLING_READY,63586754185.63837,63586754185.63837,,INTERFACE_COMPLETE,0.8070718164758715,15797540.738344848,0.8072156546975011,0.651481004724472,,2866.6273048942694,152832264261.26614,5.382435002658258,1000.0,82.47710190381386,2,s1000_h19_bh03,80.0
291.47855490517566,ALL_HALO_FLUX_COMPLETE,4,0.2782559402207124,1113023.7608828498,7.28264915960507e-06,OK,289065937.1276541,ANGULAR_JUMP_CORRECTION_REQUIRED,False,MATCHING_RADIUS_OUTSIDE_CONSERVATIVE_KEPLER_DOMAIN,NONLOCAL_JUMP_OPERATOR_REQUIRED,19,10.0,1184,SUBGRID_COUPLING_READY,63616519627.34548,63616519627.34548,,INTERFACE_COMPLETE,1.039515203673727,12873669.872561073,0.6596216583791445,0.685686742557598,,2866.483444497779,152832264261.26614,6.0080866914530855,1000.0,85.55984466414391,2,s1000_h19_bh04,80.0
277.46738302172514,ALL_HALO_FLUX_COMPLETE,5,0.35938136638046275,1437525.465521851,9.405903082508855e-06,OK,366351549.6743134,ANGULAR_JUMP_CORRECTION_REQUIRED,False,MATCHING_RADIUS_OUTSIDE_CONSERVATIVE_KEPLER_DOMAIN,NONLOCAL_JUMP_OPERATOR_REQUIRED,19,10.0,1185,SUBGRID_COUPLING_READY,63654966596.54591,63654966596.54591,,INTERFACE_COMPLETE,1.3378339130931238,10447581.262701761,0.5372149038940874,0.7187043170485734,,2866.297671002593,152832264261.26614,6.824660363008228,1000.0,89.27736570837149,2,s1000_h19_bh05,80.0
262.01009238102444,ALL_HALO_FLUX_COMPLETE,6,0.46415888336127786,1856635.5334451115,1.2148190975376773e-05,OK,467177649.2315098,ANGULAR_JUMP_CORRECTION_REQUIRED,True,GEOMETRIC_FP_DOMAIN_PASS,NONLOCAL_JUMP_OPERATOR_REQUIRED,19,10.0,1186,SUBGRID_COUPLING_READY,63704628350.137924,63704628350.137924,,INTERFACE_COMPLETE,1.7199872210281237,8443336.375573333,0.4361485953477901,0.7501700104675652,,2866.057784919295,152832264261.26614,7.901137008115504,1000.0,93.75088680854506,2,s1000_h19_bh06,80.0
245.3597531869955,ALL_HALO_FLUX_COMPLETE,7,0.5994842503189409,2397937.001275764,1.5689991984784705e-05,OK,599098532.5559281,ANGULAR_JUMP_CORRECTION_REQUIRED,True,GEOMETRIC_FP_DOMAIN_PASS,NONLOCAL_JUMP_OPERATOR_REQUIRED,19,10.0,1187,SUBGRID_COUPLING_READY,63768778305.79284,63768778305.79284,,INTERFACE_COMPLETE,2.2083585679192583,6796096.08994075,0.35313977675296665,0.7798592516655081,,2865.748042742049,152832264261.26614,9.333779037441692,1000.0,99.11516974828999,2,s1000_h19_bh07,80.0
227.8514458697627,ALL_HALO_FLUX_COMPLETE,8,0.774263682681127,3097054.730724508,2.02644038920349e-05,OK,772354286.1538349,ANGULAR_JUMP_CORRECTION_REQUIRED,True,GEOMETRIC_FP_DOMAIN_PASS,NONLOCAL_JUMP_OPERATOR_REQUIRED,19,10.0,1188,SUBGRID_COUPLING_READY,63851646642.383224,63851646642.383224,,INTERFACE_COMPLETE,2.830526842240698,5450076.9835087005,0.28536663107376475,0.8077379091340896,,2865.3481335314073,152832264261.26614,11.256941665470308,1000.0,105.51595580557972,2,s1000_h19_bh08,80.0
209.86913155402226,ALL_HALO_FLUX_COMPLETE,9,1.0,4000000.0,2.6172484058483986e-05,OK,1000999221.9199239,ANGULAR_JUMP_CORRECTION_REQUIRED,True,GEOMETRIC_FP_DOMAIN_PASS,NONLOCAL_JUMP_OPERATOR_REQUIRED,19,10.0,1189,SUBGRID_COUPLING_READY,63958701242.36663,63958701242.36663,,INTERFACE_COMPLETE,3.6199431279618315,4356976.123849594,0.23038933578629947,0.8339962928353056,,2864.8318602267427,152832264261.26614,13.857579651663231,1000.0,113.10592287019686,2,s1000_h19_bh09,80.0
193.60481589717122,ALL_HALO_FLUX_COMPLETE,10,1.2589254117941673,5035701.647176669,3.294920527100323e-05,OK,1270177624.9301932,ANGULAR_JUMP_CORRECTION_REQUIRED,True,GEOMETRIC_FP_DOMAIN_PASS,NONLOCAL_JUMP_OPERATOR_REQUIRED,19,10.0,1190,SUBGRID_COUPLING_READY,64081531592.02469,64081531592.02469,,INTERFACE_COMPLETE,4.506094560261961,3554632.7174888905,0.19009617262440767,0.8565913293894621,,2864.240000297738,152832264261.26614,16.98912216939102,1000.0,121.08074737900692,2,s1000_h19_bh10,80.0
177.5420753399877,ALL_HALO_FLUX_COMPLETE,11,1.5848931924611136,6339572.769844455,4.148059181408829e-05,OK,1619840879.9877338,ANGULAR_JUMP_CORRECTION_REQUIRED,True,GEOMETRIC_FP_DOMAIN_PASS,NONLOCAL_JUMP_OPERATOR_REQUIRED,19,10.0,1191,SUBGRID_COUPLING_READY,64236220558.24056,64236220558.24056,,INTERFACE_COMPLETE,5.592885621225633,2896323.935831979,0.15710504656561777,0.8786705559588271,,2863.495376285596,152832264261.26614,21.131418001957734,1000.0,130.2532601551615,2,s1000_h19_bh11,80.0
161.91092807058743,ALL_HALO_FLUX_COMPLETE,12,1.9952623149688797,7981049.259875519,5.222097113101686e-05,OK,2077696969.421628,ANGULAR_JUMP_CORRECTION_REQUIRED,True,GEOMETRIC_FP_DOMAIN_PASS,NONLOCAL_JUMP_OPERATOR_REQUIRED,19,10.0,1192,SUBGRID_COUPLING_READY,64431049053.69101,64431049053.69101,,INTERFACE_COMPLETE,6.9164870060003905,2358553.078840617,0.13023839310554242,0.9007921535968549,,2862.5587159773895,152832264261.26614,26.61931905221882,1000.0,140.7289979096759,2,s1000_h19_bh12,80.0
146.8937178402167,ALL_HALO_FLUX_COMPLETE,13,2.51188643150958,10047545.72603832,6.574230758540671e-05,OK,2683232071.340293,ANGULAR_JUMP_CORRECTION_REQUIRED,True,GEOMETRIC_FP_DOMAIN_PASS,NONLOCAL_JUMP_OPERATOR_REQUIRED,19,10.0,1193,SUBGRID_COUPLING_READY,64676461199.984924,64676461199.984924,,INTERFACE_COMPLETE,8.51422314276084,1920872.9229861826,0.10847572133676393,0.9235864970331514,,2861.3807405563084,152832264261.26614,33.89013968759239,1000.0,152.60685641046177,2,s1000_h19_bh13,80.0
132.62136298059508,ALL_HALO_FLUX_COMPLETE,14,3.1622776601683795,12649110.640673518,8.276466164925696e-05,OK,3494104300.2918797,ANGULAR_JUMP_CORRECTION_REQUIRED,True,GEOMETRIC_FP_DOMAIN_PASS,NONLOCAL_JUMP_OPERATOR_REQUIRED,19,10.0,1194,SUBGRID_COUPLING_READY,65001746700.46828,65001746700.46828,,INTERFACE_COMPLETE,10.421010373351535,1565671.1811018568,0.09094308233340194,0.9477188043809444,,2741.1358804853708,152832264261.26614,43.509343634834885,1000.0,165.979754892196,2,s1000_h19_bh14,80.0
119.17537349269423,ALL_HALO_FLUX_COMPLETE,15,3.981071705534973,15924286.822139893,0.00010419453574879574,OK,4596831417.279649,ANGULAR_JUMP_CORRECTION_REQUIRED,True,GEOMETRIC_FP_DOMAIN_PASS,NONLOCAL_JUMP_OPERATOR_REQUIRED,19,10.0,1195,SUBGRID_COUPLING_READY,65418802997.529854,65418802997.529854,,INTERFACE_COMPLETE,12.663460207890733,1277969.8248181446,0.07690368485303077,0.9738667529765245,,2739.288217634534,152832264261.26614,56.19957036303979,1000.0,180.93464337083756,2,s1000_h19_bh15,80.0
106.59391388546773,ALL_HALO_FLUX_COMPLETE,16,5.011872336272724,20047489.345090896,0.00013117314882425476,OK,6125460222.467735,ANGULAR_JUMP_CORRECTION_REQUIRED,True,GEOMETRIC_FP_DOMAIN_PASS,NONLOCAL_JUMP_OPERATOR_REQUIRED,19,10.0,1196,SUBGRID_COUPLING_READY,65944475744.926094,65944475744.926094,,INTERFACE_COMPLETE,15.250885308522731,1045194.5174182144,0.06574776709922528,1.002711655321749,,2736.967041263123,152832264261.26614,72.87205731371922,1000.0,197.5524048218726,2,s1000_h19_bh16,80.0
94.88019819206791,ALL_HALO_FLUX_COMPLETE,17,6.309573444801933,25238293.779207733,0.0001651372103999125,OK,8294755261.607959,ANGULAR_JUMP_CORRECTION_REQUIRED,True,GEOMETRIC_FP_DOMAIN_PASS,NONLOCAL_JUMP_OPERATOR_REQUIRED,19,10.0,1197,SUBGRID_COUPLING_READY,66607275061.57774,66607275061.57774,,INTERFACE_COMPLETE,18.1627644922745,856891.1058135234,0.05698002343436869,1.0349147464027206,,2734.0524891005125,152832264261.26614,94.66416767370578,1000.0,215.91179974248774,2,s1000_h19_bh17,80.0
84.01195363821654,ALL_HALO_FLUX_COMPLETE,18,7.943282347242816,31773129.38897126,0.00020789543060524985,OK,11463134667.775211,ANGULAR_JUMP_CORRECTION_REQUIRED,True,GEOMETRIC_FP_DOMAIN_PASS,NONLOCAL_JUMP_OPERATOR_REQUIRED,19,10.0,1198,SUBGRID_COUPLING_READY,67448622364.74019,67448622364.74019,,INTERFACE_COMPLETE,21.332772530479982,704467.9304046602,0.05021030564541469,1.0711250290195065,,2617.040596638787,152832264261.26614,122.97805274674663,1000.0,236.08862786736051,2,s1000_h19_bh18,80.0
73.95072716524213,ALL_HALO_FLUX_COMPLETE,19,10.0,40000000.0,0.00026172484058483987,OK,16253735017.410826,ANGULAR_JUMP_CORRECTION_REQUIRED,True,GEOMETRIC_FP_DOMAIN_PASS,NONLOCAL_JUMP_OPERATOR_REQUIRED,19,10.0,1199,SUBGRID_COUPLING_READY,68575902254.47566,68575902254.47566,,INTERFACE_COMPLETE,24.631645593796634,580885.5638640196,0.04514151147705159,1.111909712271038,,2612.4909249000284,152832264261.26614,159.54931934646825,1000.0,258.1679625493715,2,s1000_h19_bh19,80.0
