# physically normalized GNC DF table; metadata={"asymp_g_at_normalization_x": 0.292897193036791, "asymp_g_at_x_boundary": 0.292897193036791, "beta": 1.2573897603310624, "bridge_json_sha256": "d3259f55a887c90c94c0236f6f9d34ea28774ec24ea8fd83e7f58f90b6f1e3f3", "capture_radius_model": "GNC compact-object plunge, r_lc=16 Rg/(1+e)", "capture_species": "SBH point-particle proxy", "collision_kernel": "yukawa-tchannel", "df_amplitude_normalization_factor": 0.9999990666586782, "df_fit_inner_radius_pc": 1.1484978721045552e-06, "df_fit_max_abs_relative_error": 0.0005414281125085685, "df_fit_median_abs_relative_error": 1.8680157141126585e-06, "df_fit_outer_radius_pc": 5.717499086701962, "df_fit_points": 512, "df_fit_regularization": 0.01, "df_outer_density_slope": 0.8135382037011984, "df_outer_join_grid_index": 18, "df_outer_join_x": 1.045113743758516, "df_outer_power": -0.6864617962988016, "df_shape_model": "regularized non-negative Abel inversion", "df_solver_cost": 2.4492202451608603e-06, "df_solver_message": "The unconstrained solution is optimal.", "df_solver_status": 3, "df_table_max": 5.056920768689935, "df_table_min": 0.14404054097586938, "jmax": 0.99999, "jmin": 0.0005, "mbh_msun": 4000000.0, "n0_pc3": 6.055300031875267, "normalization_density_msun_pc3": 46.86581525482467, "normalization_radius_pc": 1.295141053175499, "normalization_x": 4.414576368097883, "particle_mass_msun": 1.0, "power": -0.6864617962988016, "profile_sha256": "f7efa9d086530e4b86e824cc638555754ad2cf55652c6cb5cd07e8a91492f709", "proposal_boundary_radius_pc": 1.295141053175499, "proposal_x_boundary": 4.414576368097883, "r_boundary_pc": 1.295141053175499, "rh_pc": 11.434998173403924, "rho_boundary_msun_pc3": 46.86581525482467, "rho_h_msun_pc3": 6.055300031875267, "schema": "gnc-normalized-df-v6", "sigma0_over_m_cm2_g": 100.0, "sigma_boundary_kms": 79.6112678522627, "w_kms": 80.0, "x_boundary": 4.414576368097883, "xmax": 20000000.0, "xmin": 0.03}
104 104
3.000000000000e-02 3.654182821367e-02 4.451017363991e-02 5.421610396367e-02 6.603851858182e-02 8.043894005007e-02 9.797953096664e-02 1.193450396346e-01 1.453695312161e-01 1.770689479066e-01 2.156807692126e-01 2.627123205853e-01 3.199996162814e-01 3.897790335532e-01 4.747746161796e-01 5.783044154882e-01 7.044100201992e-01 8.580143316701e-01 1.045113743759e+00 1.273012229606e+00 1.550606473605e+00 1.888733179516e+00 2.300592112910e+00 2.802261392656e+00 3.413325147341e+00 4.157638039052e+00 5.064256499921e+00 6.168573035002e+00 7.513697872284e+00 9.152141896613e+00 1.114786656577e+01 1.357878083318e+01 1.653978255190e+01 2.014646309010e+01 2.453961977838e+01 2.989075234567e+01 3.640875791310e+01 4.434808590445e+01 5.401867122418e+01 6.579803347348e+01 8.014601453284e+01 9.762272983564e+01 1.189104341134e+02 1.448401552062e+02 1.764241356662e+02 2.148953486086e+02 2.617556304258e+02 3.188343093659e+02 3.883596187158e+02 4.730456824079e+02 5.761984687923e+02 7.018448487862e+02 8.548897965664e+02 1.041307869592e+03 1.268376442939e+03 1.544959802937e+03 1.881855190532e+03 2.292214303181e+03 2.792056709858e+03 3.400895221815e+03 4.142497632275e+03 5.045814561804e+03 6.146109630515e+03 7.486336076689e+03 9.118813562138e+03 1.110727062334e+04 1.352933250136e+04 1.647955147034e+04 2.007309796225e+04 2.445025658175e+04 2.978190252635e+04 3.627617219980e+04 4.418658842582e+04 5.382195745348e+04 6.555842411294e+04 7.985415572980e+04 9.726722802753e+04 1.184774112467e+05 1.443127069659e+05 1.757816715666e+05 2.141127881833e+05 2.608024241381e+05 3.176732460187e+05 3.869453728032e+05 4.713230447015e+05 5.741001910876e+05 6.992890186718e+05 8.517766397337e+05 1.037515854852e+06 1.263757537899e+06 1.539333695121e+06 1.875002248354e+06 2.283867001986e+06 2.781889188315e+06 3.388510560962e+06 4.127412360629e+06 5.027439781636e+06 6.123728028503e+06 7.459073921493e+06 9.085606595742e+06 1.106682251462e+07 1.348006424001e+07 1.641953972559e+07 2.000000000000e+07
5.000000000000e-04 5.382930803474e-04 5.795188806997e-04 6.239020068226e-04 6.716842661749e-04 7.231259853203e-04 7.785074282346e-04 8.381303232354e-04 9.023195068539e-04 9.714246936038e-04 1.045822381291e-03 1.125917902243e-03 1.212147631633e-03 1.304981364935e-03 1.404924877453e-03 1.512522679882e-03 1.628360984898e-03 1.753070900957e-03 1.887331870686e-03 2.031875372619e-03 2.187488906418e-03 2.355020283323e-03 2.535382245181e-03 2.729557437233e-03 2.938603761747e-03 3.163660141662e-03 3.405952725655e-03 3.666801568421e-03 3.947627822575e-03 4.249961481358e-03 4.575449714316e-03 4.925865841387e-03 5.303118994276e-03 5.709264517755e-03 6.146515167561e-03 6.617253165897e-03 7.124043180218e-03 7.669646296014e-03 8.257035059712e-03 8.889409673658e-03 9.570215431406e-03 1.030316148832e-02 1.109224106973e-02 1.194175322676e-02 1.285632625836e-02 1.384094292713e-02 1.490096760631e-02 1.604217550591e-02 1.727078413710e-02 1.859348718635e-02 2.001749098388e-02 2.155055376508e-02 2.320102793879e-02 2.497790559279e-02 2.689086748434e-02 2.895033578272e-02 3.116753085114e-02 3.355453237737e-02 3.612434518606e-02 3.889097009147e-02 4.186948017647e-02 4.507610291347e-02 4.852830857469e-02 5.224490541344e-02 5.624614213491e-02 6.055381821491e-02 6.519140266740e-02 7.018416190800e-02 7.555929741012e-02 8.134609390355e-02 8.757607892313e-02 9.428319457656e-02 1.015039824672e-01 1.092777827796e-01 1.176469486119e-01 1.266570767236e-01 1.363572559546e-01 1.468003346711e-01 1.580432086922e-01 1.701471312699e-01 1.831780468070e-01 1.972069501356e-01 2.123102733088e-01 2.285703020175e-01 2.460756238979e-01 2.649216111728e-01 2.852109402576e-01 3.070541511600e-01 3.305702497228e-01 3.558873559889e-01 3.831434022239e-01 4.124868843958e-01 4.440776712086e-01 4.780878750967e-01 5.147027899251e-01 5.541219005043e-01 5.965599694208e-01 6.422482071029e-01 6.914355314980e-01 7.443899242234e-01 8.013998905795e-01 8.627760313802e-01 9.288527351631e-01 9.999900000000e-01
5.056920768690e+00 5.056920768690e+00 5.056920768690e+00 5.056920768690e+00 5.056920768690e+00 5.056920768690e+00 5.056920768690e+00 5.056920768690e+00 5.056920768690e+00 5.056920768690e+00 5.056920768690e+00 5.056920768690e+00 5.056920768690e+00 5.056920768690e+00 5.056920768690e+00 5.056920768690e+00 5.056920768690e+00 5.056920768690e+00 5.056920768690e+00 5.056920768690e+00 5.056920768690e+00 5.056920768690e+00 5.056920768690e+00 5.056920768690e+00 5.056920768690e+00 5.056920768690e+00 5.056920768690e+00 5.056920768690e+00 5.056920768690e+00 5.056920768690e+00 5.056920768690e+00 5.056920768690e+00 5.056920768690e+00 5.056920768690e+00 5.056920768690e+00 5.056920768690e+00 5.056920768690e+00 5.056920768690e+00 5.056920768690e+00 5.056920768690e+00 5.056920768690e+00 5.056920768690e+00 5.056920768690e+00 5.056920768690e+00 5.056920768690e+00 5.056920768690e+00 5.056920768690e+00 5.056920768690e+00 5.056920768690e+00 5.056920768690e+00 5.056920768690e+00 5.056920768690e+00 5.056920768690e+00 5.056920768690e+00 5.056920768690e+00 5.056920768690e+00 5.056920768690e+00 5.056920768690e+00 5.056920768690e+00 5.056920768690e+00 5.056920768690e+00 5.056920768690e+00 5.056920768690e+00 5.056920768690e+00 5.056920768690e+00 5.056920768690e+00 5.056920768690e+00 5.056920768690e+00 5.056920768690e+00 5.056920768690e+00 5.056920768690e+00 5.056920768690e+00 5.056920768690e+00 5.056920768690e+00 5.056920768690e+00 5.056920768690e+00 5.056920768690e+00 5.056920768690e+00 5.056920768690e+00 5.056920768690e+00 5.056920768690e+00 5.056920768690e+00 5.056920768690e+00 5.056920768690e+00 5.056920768690e+00 5.056920768690e+00 5.056920768690e+00 5.056920768690e+00 5.056920768690e+00 5.056920768690e+00 5.056920768690e+00 5.056920768690e+00 5.056920768690e+00 5.056920768690e+00 5.056920768690e+00 5.056920768690e+00 5.056920768690e+00 5.056920768690e+00 5.056920768690e+00 5.056920768690e+00 5.056920768690e+00 5.056920768690e+00 5.056920768690e+00 5.056920768690e+00
4.416493971624e+00 4.416493971624e+00 4.416493971624e+00 4.416493971624e+00 4.416493971624e+00 4.416493971624e+00 4.416493971624e+00 4.416493971624e+00 4.416493971624e+00 4.416493971624e+00 4.416493971624e+00 4.416493971624e+00 4.416493971624e+00 4.416493971624e+00 4.416493971624e+00 4.416493971624e+00 4.416493971624e+00 4.416493971624e+00 4.416493971624e+00 4.416493971624e+00 4.416493971624e+00 4.416493971624e+00 4.416493971624e+00 4.416493971624e+00 4.416493971624e+00 4.416493971624e+00 4.416493971624e+00 4.416493971624e+00 4.416493971624e+00 4.416493971624e+00 4.416493971624e+00 4.416493971624e+00 4.416493971624e+00 4.416493971624e+00 4.416493971624e+00 4.416493971624e+00 4.416493971624e+00 4.416493971624e+00 4.416493971624e+00 4.416493971624e+00 4.416493971624e+00 4.416493971624e+00 4.416493971624e+00 4.416493971624e+00 4.416493971624e+00 4.416493971624e+00 4.416493971624e+00 4.416493971624e+00 4.416493971624e+00 4.416493971624e+00 4.416493971624e+00 4.416493971624e+00 4.416493971624e+00 4.416493971624e+00 4.416493971624e+00 4.416493971624e+00 4.416493971624e+00 4.416493971624e+00 4.416493971624e+00 4.416493971624e+00 4.416493971624e+00 4.416493971624e+00 4.416493971624e+00 4.416493971624e+00 4.416493971624e+00 4.416493971624e+00 4.416493971624e+00 4.416493971624e+00 4.416493971624e+00 4.416493971624e+00 4.416493971624e+00 4.416493971624e+00 4.416493971624e+00 4.416493971624e+00 4.416493971624e+00 4.416493971624e+00 4.416493971624e+00 4.416493971624e+00 4.416493971624e+00 4.416493971624e+00 4.416493971624e+00 4.416493971624e+00 4.416493971624e+00 4.416493971624e+00 4.416493971624e+00 4.416493971624e+00 4.416493971624e+00 4.416493971624e+00 4.416493971624e+00 4.416493971624e+00 4.416493971624e+00 4.416493971624e+00 4.416493971624e+00 4.416493971624e+00 4.416493971624e+00 4.416493971624e+00 4.416493971624e+00 4.416493971624e+00 4.416493971624e+00 4.416493971624e+00 4.416493971624e+00 4.416493971624e+00 4.416493971624e+00 4.416493971624e+00
3.857173148166e+00 3.857173148166e+00 3.857173148166e+00 3.857173148166e+00 3.857173148166e+00 3.857173148166e+00 3.857173148166e+00 3.857173148166e+00 3.857173148166e+00 3.857173148166e+00 3.857173148166e+00 3.857173148166e+00 3.857173148166e+00 3.857173148166e+00 3.857173148166e+00 3.857173148166e+00 3.857173148166e+00 3.857173148166e+00 3.857173148166e+00 3.857173148166e+00 3.857173148166e+00 3.857173148166e+00 3.857173148166e+00 3.857173148166e+00 3.857173148166e+00 3.857173148166e+00 3.857173148166e+00 3.857173148166e+00 3.857173148166e+00 3.857173148166e+00 3.857173148166e+00 3.857173148166e+00 3.857173148166e+00 3.857173148166e+00 3.857173148166e+00 3.857173148166e+00 3.857173148166e+00 3.857173148166e+00 3.857173148166e+00 3.857173148166e+00 3.857173148166e+00 3.857173148166e+00 3.857173148166e+00 3.857173148166e+00 3.857173148166e+00 3.857173148166e+00 3.857173148166e+00 3.857173148166e+00 3.857173148166e+00 3.857173148166e+00 3.857173148166e+00 3.857173148166e+00 3.857173148166e+00 3.857173148166e+00 3.857173148166e+00 3.857173148166e+00 3.857173148166e+00 3.857173148166e+00 3.857173148166e+00 3.857173148166e+00 3.857173148166e+00 3.857173148166e+00 3.857173148166e+00 3.857173148166e+00 3.857173148166e+00 3.857173148166e+00 3.857173148166e+00 3.857173148166e+00 3.857173148166e+00 3.857173148166e+00 3.857173148166e+00 3.857173148166e+00 3.857173148166e+00 3.857173148166e+00 3.857173148166e+00 3.857173148166e+00 3.857173148166e+00 3.857173148166e+00 3.857173148166e+00 3.857173148166e+00 3.857173148166e+00 3.857173148166e+00 3.857173148166e+00 3.857173148166e+00 3.857173148166e+00 3.857173148166e+00 3.857173148166e+00 3.857173148166e+00 3.857173148166e+00 3.857173148166e+00 3.857173148166e+00 3.857173148166e+00 3.857173148166e+00 3.857173148166e+00 3.857173148166e+00 3.857173148166e+00 3.857173148166e+00 3.857173148166e+00 3.857173148166e+00 3.857173148166e+00 3.857173148166e+00 3.857173148166e+00 3.857173148166e+00 3.857173148166e+00
3.368686743494e+00 3.368686743494e+00 3.368686743494e+00 3.368686743494e+00 3.368686743494e+00 3.368686743494e+00 3.368686743494e+00 3.368686743494e+00 3.368686743494e+00 3.368686743494e+00 3.368686743494e+00 3.368686743494e+00 3.368686743494e+00 3.368686743494e+00 3.368686743494e+00 3.368686743494e+00 3.368686743494e+00 3.368686743494e+00 3.368686743494e+00 3.368686743494e+00 3.368686743494e+00 3.368686743494e+00 3.368686743494e+00 3.368686743494e+00 3.368686743494e+00 3.368686743494e+00 3.368686743494e+00 3.368686743494e+00 3.368686743494e+00 3.368686743494e+00 3.368686743494e+00 3.368686743494e+00 3.368686743494e+00 3.368686743494e+00 3.368686743494e+00 3.368686743494e+00 3.368686743494e+00 3.368686743494e+00 3.368686743494e+00 3.368686743494e+00 3.368686743494e+00 3.368686743494e+00 3.368686743494e+00 3.368686743494e+00 3.368686743494e+00 3.368686743494e+00 3.368686743494e+00 3.368686743494e+00 3.368686743494e+00 3.368686743494e+00 3.368686743494e+00 3.368686743494e+00 3.368686743494e+00 3.368686743494e+00 3.368686743494e+00 3.368686743494e+00 3.368686743494e+00 3.368686743494e+00 3.368686743494e+00 3.368686743494e+00 3.368686743494e+00 3.368686743494e+00 3.368686743494e+00 3.368686743494e+00 3.368686743494e+00 3.368686743494e+00 3.368686743494e+00 3.368686743494e+00 3.368686743494e+00 3.368686743494e+00 3.368686743494e+00 3.368686743494e+00 3.368686743494e+00 3.368686743494e+00 3.368686743494e+00 3.368686743494e+00 3.368686743494e+00 3.368686743494e+00 3.368686743494e+00 3.368686743494e+00 3.368686743494e+00 3.368686743494e+00 3.368686743494e+00 3.368686743494e+00 3.368686743494e+00 3.368686743494e+00 3.368686743494e+00 3.368686743494e+00 3.368686743494e+00 3.368686743494e+00 3.368686743494e+00 3.368686743494e+00 3.368686743494e+00 3.368686743494e+00 3.368686743494e+00 3.368686743494e+00 3.368686743494e+00 3.368686743494e+00 3.368686743494e+00 3.368686743494e+00 3.368686743494e+00 3.368686743494e+00 3.368686743494e+00 3.368686743494e+00
2.942064029765e+00 2.942064029765e+00 2.942064029765e+00 2.942064029765e+00 2.942064029765e+00 2.942064029765e+00 2.942064029765e+00 2.942064029765e+00 2.942064029765e+00 2.942064029765e+00 2.942064029765e+00 2.942064029765e+00 2.942064029765e+00 2.942064029765e+00 2.942064029765e+00 2.942064029765e+00 2.942064029765e+00 2.942064029765e+00 2.942064029765e+00 2.942064029765e+00 2.942064029765e+00 2.942064029765e+00 2.942064029765e+00 2.942064029765e+00 2.942064029765e+00 2.942064029765e+00 2.942064029765e+00 2.942064029765e+00 2.942064029765e+00 2.942064029765e+00 2.942064029765e+00 2.942064029765e+00 2.942064029765e+00 2.942064029765e+00 2.942064029765e+00 2.942064029765e+00 2.942064029765e+00 2.942064029765e+00 2.942064029765e+00 2.942064029765e+00 2.942064029765e+00 2.942064029765e+00 2.942064029765e+00 2.942064029765e+00 2.942064029765e+00 2.942064029765e+00 2.942064029765e+00 2.942064029765e+00 2.942064029765e+00 2.942064029765e+00 2.942064029765e+00 2.942064029765e+00 2.942064029765e+00 2.942064029765e+00 2.942064029765e+00 2.942064029765e+00 2.942064029765e+00 2.942064029765e+00 2.942064029765e+00 2.942064029765e+00 2.942064029765e+00 2.942064029765e+00 2.942064029765e+00 2.942064029765e+00 2.942064029765e+00 2.942064029765e+00 2.942064029765e+00 2.942064029765e+00 2.942064029765e+00 2.942064029765e+00 2.942064029765e+00 2.942064029765e+00 2.942064029765e+00 2.942064029765e+00 2.942064029765e+00 2.942064029765e+00 2.942064029765e+00 2.942064029765e+00 2.942064029765e+00 2.942064029765e+00 2.942064029765e+00 2.942064029765e+00 2.942064029765e+00 2.942064029765e+00 2.942064029765e+00 2.942064029765e+00 2.942064029765e+00 2.942064029765e+00 2.942064029765e+00 2.942064029765e+00 2.942064029765e+00 2.942064029765e+00 2.942064029765e+00 2.942064029765e+00 2.942064029765e+00 2.942064029765e+00 2.942064029765e+00 2.942064029765e+00 2.942064029765e+00 2.942064029765e+00 2.942064029765e+00 2.942064029765e+00 2.942064029765e+00 2.942064029765e+00
2.569470364662e+00 2.569470364662e+00 2.569470364662e+00 2.569470364662e+00 2.569470364662e+00 2.569470364662e+00 2.569470364662e+00 2.569470364662e+00 2.569470364662e+00 2.569470364662e+00 2.569470364662e+00 2.569470364662e+00 2.569470364662e+00 2.569470364662e+00 2.569470364662e+00 2.569470364662e+00 2.569470364662e+00 2.569470364662e+00 2.569470364662e+00 2.569470364662e+00 2.569470364662e+00 2.569470364662e+00 2.569470364662e+00 2.569470364662e+00 2.569470364662e+00 2.569470364662e+00 2.569470364662e+00 2.569470364662e+00 2.569470364662e+00 2.569470364662e+00 2.569470364662e+00 2.569470364662e+00 2.569470364662e+00 2.569470364662e+00 2.569470364662e+00 2.569470364662e+00 2.569470364662e+00 2.569470364662e+00 2.569470364662e+00 2.569470364662e+00 2.569470364662e+00 2.569470364662e+00 2.569470364662e+00 2.569470364662e+00 2.569470364662e+00 2.569470364662e+00 2.569470364662e+00 2.569470364662e+00 2.569470364662e+00 2.569470364662e+00 2.569470364662e+00 2.569470364662e+00 2.569470364662e+00 2.569470364662e+00 2.569470364662e+00 2.569470364662e+00 2.569470364662e+00 2.569470364662e+00 2.569470364662e+00 2.569470364662e+00 2.569470364662e+00 2.569470364662e+00 2.569470364662e+00 2.569470364662e+00 2.569470364662e+00 2.569470364662e+00 2.569470364662e+00 2.569470364662e+00 2.569470364662e+00 2.569470364662e+00 2.569470364662e+00 2.569470364662e+00 2.569470364662e+00 2.569470364662e+00 2.569470364662e+00 2.569470364662e+00 2.569470364662e+00 2.569470364662e+00 2.569470364662e+00 2.569470364662e+00 2.569470364662e+00 2.569470364662e+00 2.569470364662e+00 2.569470364662e+00 2.569470364662e+00 2.569470364662e+00 2.569470364662e+00 2.569470364662e+00 2.569470364662e+00 2.569470364662e+00 2.569470364662e+00 2.569470364662e+00 2.569470364662e+00 2.569470364662e+00 2.569470364662e+00 2.569470364662e+00 2.569470364662e+00 2.569470364662e+00 2.569470364662e+00 2.569470364662e+00 2.569470364662e+00 2.569470364662e+00 2.569470364662e+00 2.569470364662e+00
2.244063313402e+00 2.244063313402e+00 2.244063313402e+00 2.244063313402e+00 2.244063313402e+00 2.244063313402e+00 2.244063313402e+00 2.244063313402e+00 2.244063313402e+00 2.244063313402e+00 2.244063313402e+00 2.244063313402e+00 2.244063313402e+00 2.244063313402e+00 2.244063313402e+00 2.244063313402e+00 2.244063313402e+00 2.244063313402e+00 2.244063313402e+00 2.244063313402e+00 2.244063313402e+00 2.244063313402e+00 2.244063313402e+00 2.244063313402e+00 2.244063313402e+00 2.244063313402e+00 2.244063313402e+00 2.244063313402e+00 2.244063313402e+00 2.244063313402e+00 2.244063313402e+00 2.244063313402e+00 2.244063313402e+00 2.244063313402e+00 2.244063313402e+00 2.244063313402e+00 2.244063313402e+00 2.244063313402e+00 2.244063313402e+00 2.244063313402e+00 2.244063313402e+00 2.244063313402e+00 2.244063313402e+00 2.244063313402e+00 2.244063313402e+00 2.244063313402e+00 2.244063313402e+00 2.244063313402e+00 2.244063313402e+00 2.244063313402e+00 2.244063313402e+00 2.244063313402e+00 2.244063313402e+00 2.244063313402e+00 2.244063313402e+00 2.244063313402e+00 2.244063313402e+00 2.244063313402e+00 2.244063313402e+00 2.244063313402e+00 2.244063313402e+00 2.244063313402e+00 2.244063313402e+00 2.244063313402e+00 2.244063313402e+00 2.244063313402e+00 2.244063313402e+00 2.244063313402e+00 2.244063313402e+00 2.244063313402e+00 2.244063313402e+00 2.244063313402e+00 2.244063313402e+00 2.244063313402e+00 2.244063313402e+00 2.244063313402e+00 2.244063313402e+00 2.244063313402e+00 2.244063313402e+00 2.244063313402e+00 2.244063313402e+00 2.244063313402e+00 2.244063313402e+00 2.244063313402e+00 2.244063313402e+00 2.244063313402e+00 2.244063313402e+00 2.244063313402e+00 2.244063313402e+00 2.244063313402e+00 2.244063313402e+00 2.244063313402e+00 2.244063313402e+00 2.244063313402e+00 2.244063313402e+00 2.244063313402e+00 2.244063313402e+00 2.244063313402e+00 2.244063313402e+00 2.244063313402e+00 2.244063313402e+00 2.244063313402e+00 2.244063313402e+00 2.244063313402e+00
1.959866991974e+00 1.959866991974e+00 1.959866991974e+00 1.959866991974e+00 1.959866991974e+00 1.959866991974e+00 1.959866991974e+00 1.959866991974e+00 1.959866991974e+00 1.959866991974e+00 1.959866991974e+00 1.959866991974e+00 1.959866991974e+00 1.959866991974e+00 1.959866991974e+00 1.959866991974e+00 1.959866991974e+00 1.959866991974e+00 1.959866991974e+00 1.959866991974e+00 1.959866991974e+00 1.959866991974e+00 1.959866991974e+00 1.959866991974e+00 1.959866991974e+00 1.959866991974e+00 1.959866991974e+00 1.959866991974e+00 1.959866991974e+00 1.959866991974e+00 1.959866991974e+00 1.959866991974e+00 1.959866991974e+00 1.959866991974e+00 1.959866991974e+00 1.959866991974e+00 1.959866991974e+00 1.959866991974e+00 1.959866991974e+00 1.959866991974e+00 1.959866991974e+00 1.959866991974e+00 1.959866991974e+00 1.959866991974e+00 1.959866991974e+00 1.959866991974e+00 1.959866991974e+00 1.959866991974e+00 1.959866991974e+00 1.959866991974e+00 1.959866991974e+00 1.959866991974e+00 1.959866991974e+00 1.959866991974e+00 1.959866991974e+00 1.959866991974e+00 1.959866991974e+00 1.959866991974e+00 1.959866991974e+00 1.959866991974e+00 1.959866991974e+00 1.959866991974e+00 1.959866991974e+00 1.959866991974e+00 1.959866991974e+00 1.959866991974e+00 1.959866991974e+00 1.959866991974e+00 1.959866991974e+00 1.959866991974e+00 1.959866991974e+00 1.959866991974e+00 1.959866991974e+00 1.959866991974e+00 1.959866991974e+00 1.959866991974e+00 1.959866991974e+00 1.959866991974e+00 1.959866991974e+00 1.959866991974e+00 1.959866991974e+00 1.959866991974e+00 1.959866991974e+00 1.959866991974e+00 1.959866991974e+00 1.959866991974e+00 1.959866991974e+00 1.959866991974e+00 1.959866991974e+00 1.959866991974e+00 1.959866991974e+00 1.959866991974e+00 1.959866991974e+00 1.959866991974e+00 1.959866991974e+00 1.959866991974e+00 1.959866991974e+00 1.959866991974e+00 1.959866991974e+00 1.959866991974e+00 1.959866991974e+00 1.959866991974e+00 1.959866991974e+00 1.959866991974e+00
1.711662324004e+00 1.711662324004e+00 1.711662324004e+00 1.711662324004e+00 1.711662324004e+00 1.711662324004e+00 1.711662324004e+00 1.711662324004e+00 1.711662324004e+00 1.711662324004e+00 1.711662324004e+00 1.711662324004e+00 1.711662324004e+00 1.711662324004e+00 1.711662324004e+00 1.711662324004e+00 1.711662324004e+00 1.711662324004e+00 1.711662324004e+00 1.711662324004e+00 1.711662324004e+00 1.711662324004e+00 1.711662324004e+00 1.711662324004e+00 1.711662324004e+00 1.711662324004e+00 1.711662324004e+00 1.711662324004e+00 1.711662324004e+00 1.711662324004e+00 1.711662324004e+00 1.711662324004e+00 1.711662324004e+00 1.711662324004e+00 1.711662324004e+00 1.711662324004e+00 1.711662324004e+00 1.711662324004e+00 1.711662324004e+00 1.711662324004e+00 1.711662324004e+00 1.711662324004e+00 1.711662324004e+00 1.711662324004e+00 1.711662324004e+00 1.711662324004e+00 1.711662324004e+00 1.711662324004e+00 1.711662324004e+00 1.711662324004e+00 1.711662324004e+00 1.711662324004e+00 1.711662324004e+00 1.711662324004e+00 1.711662324004e+00 1.711662324004e+00 1.711662324004e+00 1.711662324004e+00 1.711662324004e+00 1.711662324004e+00 1.711662324004e+00 1.711662324004e+00 1.711662324004e+00 1.711662324004e+00 1.711662324004e+00 1.711662324004e+00 1.711662324004e+00 1.711662324004e+00 1.711662324004e+00 1.711662324004e+00 1.711662324004e+00 1.711662324004e+00 1.711662324004e+00 1.711662324004e+00 1.711662324004e+00 1.711662324004e+00 1.711662324004e+00 1.711662324004e+00 1.711662324004e+00 1.711662324004e+00 1.711662324004e+00 1.711662324004e+00 1.711662324004e+00 1.711662324004e+00 1.711662324004e+00 1.711662324004e+00 1.711662324004e+00 1.711662324004e+00 1.711662324004e+00 1.711662324004e+00 1.711662324004e+00 1.711662324004e+00 1.711662324004e+00 1.711662324004e+00 1.711662324004e+00 1.711662324004e+00 1.711662324004e+00 1.711662324004e+00 1.711662324004e+00 1.711662324004e+00 1.711662324004e+00 1.711662324004e+00 1.711662324004e+00 1.711662324004e+00
1.494891195888e+00 1.494891195888e+00 1.494891195888e+00 1.494891195888e+00 1.494891195888e+00 1.494891195888e+00 1.494891195888e+00 1.494891195888e+00 1.494891195888e+00 1.494891195888e+00 1.494891195888e+00 1.494891195888e+00 1.494891195888e+00 1.494891195888e+00 1.494891195888e+00 1.494891195888e+00 1.494891195888e+00 1.494891195888e+00 1.494891195888e+00 1.494891195888e+00 1.494891195888e+00 1.494891195888e+00 1.494891195888e+00 1.494891195888e+00 1.494891195888e+00 1.494891195888e+00 1.494891195888e+00 1.494891195888e+00 1.494891195888e+00 1.494891195888e+00 1.494891195888e+00 1.494891195888e+00 1.494891195888e+00 1.494891195888e+00 1.494891195888e+00 1.494891195888e+00 1.494891195888e+00 1.494891195888e+00 1.494891195888e+00 1.494891195888e+00 1.494891195888e+00 1.494891195888e+00 1.494891195888e+00 1.494891195888e+00 1.494891195888e+00 1.494891195888e+00 1.494891195888e+00 1.494891195888e+00 1.494891195888e+00 1.494891195888e+00 1.494891195888e+00 1.494891195888e+00 1.494891195888e+00 1.494891195888e+00 1.494891195888e+00 1.494891195888e+00 1.494891195888e+00 1.494891195888e+00 1.494891195888e+00 1.494891195888e+00 1.494891195888e+00 1.494891195888e+00 1.494891195888e+00 1.494891195888e+00 1.494891195888e+00 1.494891195888e+00 1.494891195888e+00 1.494891195888e+00 1.494891195888e+00 1.494891195888e+00 1.494891195888e+00 1.494891195888e+00 1.494891195888e+00 1.494891195888e+00 1.494891195888e+00 1.494891195888e+00 1.494891195888e+00 1.494891195888e+00 1.494891195888e+00 1.494891195888e+00 1.494891195888e+00 1.494891195888e+00 1.494891195888e+00 1.494891195888e+00 1.494891195888e+00 1.494891195888e+00 1.494891195888e+00 1.494891195888e+00 1.494891195888e+00 1.494891195888e+00 1.494891195888e+00 1.494891195888e+00 1.494891195888e+00 1.494891195888e+00 1.494891195888e+00 1.494891195888e+00 1.494891195888e+00 1.494891195888e+00 1.494891195888e+00 1.494891195888e+00 1.494891195888e+00 1.494891195888e+00 1.494891195888e+00 1.494891195888e+00
1.305572750072e+00 1.305572750072e+00 1.305572750072e+00 1.305572750072e+00 1.305572750072e+00 1.305572750072e+00 1.305572750072e+00 1.305572750072e+00 1.305572750072e+00 1.305572750072e+00 1.305572750072e+00 1.305572750072e+00 1.305572750072e+00 1.305572750072e+00 1.305572750072e+00 1.305572750072e+00 1.305572750072e+00 1.305572750072e+00 1.305572750072e+00 1.305572750072e+00 1.305572750072e+00 1.305572750072e+00 1.305572750072e+00 1.305572750072e+00 1.305572750072e+00 1.305572750072e+00 1.305572750072e+00 1.305572750072e+00 1.305572750072e+00 1.305572750072e+00 1.305572750072e+00 1.305572750072e+00 1.305572750072e+00 1.305572750072e+00 1.305572750072e+00 1.305572750072e+00 1.305572750072e+00 1.305572750072e+00 1.305572750072e+00 1.305572750072e+00 1.305572750072e+00 1.305572750072e+00 1.305572750072e+00 1.305572750072e+00 1.305572750072e+00 1.305572750072e+00 1.305572750072e+00 1.305572750072e+00 1.305572750072e+00 1.305572750072e+00 1.305572750072e+00 1.305572750072e+00 1.305572750072e+00 1.305572750072e+00 1.305572750072e+00 1.305572750072e+00 1.305572750072e+00 1.305572750072e+00 1.305572750072e+00 1.305572750072e+00 1.305572750072e+00 1.305572750072e+00 1.305572750072e+00 1.305572750072e+00 1.305572750072e+00 1.305572750072e+00 1.305572750072e+00 1.305572750072e+00 1.305572750072e+00 1.305572750072e+00 1.305572750072e+00 1.305572750072e+00 1.305572750072e+00 1.305572750072e+00 1.305572750072e+00 1.305572750072e+00 1.305572750072e+00 1.305572750072e+00 1.305572750072e+00 1.305572750072e+00 1.305572750072e+00 1.305572750072e+00 1.305572750072e+00 1.305572750072e+00 1.305572750072e+00 1.305572750072e+00 1.305572750072e+00 1.305572750072e+00 1.305572750072e+00 1.305572750072e+00 1.305572750072e+00 1.305572750072e+00 1.305572750072e+00 1.305572750072e+00 1.305572750072e+00 1.305572750072e+00 1.305572750072e+00 1.305572750072e+00 1.305572750072e+00 1.305572750072e+00 1.305572750072e+00 1.305572750072e+00 1.305572750072e+00 1.305572750072e+00
1.140230279246e+00 1.140230279246e+00 1.140230279246e+00 1.140230279246e+00 1.140230279246e+00 1.140230279246e+00 1.140230279246e+00 1.140230279246e+00 1.140230279246e+00 1.140230279246e+00 1.140230279246e+00 1.140230279246e+00 1.140230279246e+00 1.140230279246e+00 1.140230279246e+00 1.140230279246e+00 1.140230279246e+00 1.140230279246e+00 1.140230279246e+00 1.140230279246e+00 1.140230279246e+00 1.140230279246e+00 1.140230279246e+00 1.140230279246e+00 1.140230279246e+00 1.140230279246e+00 1.140230279246e+00 1.140230279246e+00 1.140230279246e+00 1.140230279246e+00 1.140230279246e+00 1.140230279246e+00 1.140230279246e+00 1.140230279246e+00 1.140230279246e+00 1.140230279246e+00 1.140230279246e+00 1.140230279246e+00 1.140230279246e+00 1.140230279246e+00 1.140230279246e+00 1.140230279246e+00 1.140230279246e+00 1.140230279246e+00 1.140230279246e+00 1.140230279246e+00 1.140230279246e+00 1.140230279246e+00 1.140230279246e+00 1.140230279246e+00 1.140230279246e+00 1.140230279246e+00 1.140230279246e+00 1.140230279246e+00 1.140230279246e+00 1.140230279246e+00 1.140230279246e+00 1.140230279246e+00 1.140230279246e+00 1.140230279246e+00 1.140230279246e+00 1.140230279246e+00 1.140230279246e+00 1.140230279246e+00 1.140230279246e+00 1.140230279246e+00 1.140230279246e+00 1.140230279246e+00 1.140230279246e+00 1.140230279246e+00 1.140230279246e+00 1.140230279246e+00 1.140230279246e+00 1.140230279246e+00 1.140230279246e+00 1.140230279246e+00 1.140230279246e+00 1.140230279246e+00 1.140230279246e+00 1.140230279246e+00 1.140230279246e+00 1.140230279246e+00 1.140230279246e+00 1.140230279246e+00 1.140230279246e+00 1.140230279246e+00 1.140230279246e+00 1.140230279246e+00 1.140230279246e+00 1.140230279246e+00 1.140230279246e+00 1.140230279246e+00 1.140230279246e+00 1.140230279246e+00 1.140230279246e+00 1.140230279246e+00 1.140230279246e+00 1.140230279246e+00 1.140230279246e+00 1.140230279246e+00 1.140230279246e+00 1.140230279246e+00 1.140230279246e+00 1.140230279246e+00
9.958273789327e-01 9.958273789327e-01 9.958273789327e-01 9.958273789327e-01 9.958273789327e-01 9.958273789327e-01 9.958273789327e-01 9.958273789327e-01 9.958273789327e-01 9.958273789327e-01 9.958273789327e-01 9.958273789327e-01 9.958273789327e-01 9.958273789327e-01 9.958273789327e-01 9.958273789327e-01 9.958273789327e-01 9.958273789327e-01 9.958273789327e-01 9.958273789327e-01 9.958273789327e-01 9.958273789327e-01 9.958273789327e-01 9.958273789327e-01 9.958273789327e-01 9.958273789327e-01 9.958273789327e-01 9.958273789327e-01 9.958273789327e-01 9.958273789327e-01 9.958273789327e-01 9.958273789327e-01 9.958273789327e-01 9.958273789327e-01 9.958273789327e-01 9.958273789327e-01 9.958273789327e-01 9.958273789327e-01 9.958273789327e-01 9.958273789327e-01 9.958273789327e-01 9.958273789327e-01 9.958273789327e-01 9.958273789327e-01 9.958273789327e-01 9.958273789327e-01 9.958273789327e-01 9.958273789327e-01 9.958273789327e-01 9.958273789327e-01 9.958273789327e-01 9.958273789327e-01 9.958273789327e-01 9.958273789327e-01 9.958273789327e-01 9.958273789327e-01 9.958273789327e-01 9.958273789327e-01 9.958273789327e-01 9.958273789327e-01 9.958273789327e-01 9.958273789327e-01 9.958273789327e-01 9.958273789327e-01 9.958273789327e-01 9.958273789327e-01 9.958273789327e-01 9.958273789327e-01 9.958273789327e-01 9.958273789327e-01 9.958273789327e-01 9.958273789327e-01 9.958273789327e-01 9.958273789327e-01 9.958273789327e-01 9.958273789327e-01 9.958273789327e-01 9.958273789327e-01 9.958273789327e-01 9.958273789327e-01 9.958273789327e-01 9.958273789327e-01 9.958273789327e-01 9.958273789327e-01 9.958273789327e-01 9.958273789327e-01 9.958273789327e-01 9.958273789327e-01 9.958273789327e-01 9.958273789327e-01 9.958273789327e-01 9.958273789327e-01 9.958273789327e-01 9.958273789327e-01 9.958273789327e-01 9.958273789327e-01 9.958273789327e-01 9.958273789327e-01 9.958273789327e-01 9.958273789327e-01 9.958273789327e-01 9.958273789327e-01 9.958273789327e-01 9.958273789327e-01
8.697121859345e-01 8.697121859345e-01 8.697121859345e-01 8.697121859345e-01 8.697121859345e-01 8.697121859345e-01 8.697121859345e-01 8.697121859345e-01 8.697121859345e-01 8.697121859345e-01 8.697121859345e-01 8.697121859345e-01 8.697121859345e-01 8.697121859345e-01 8.697121859345e-01 8.697121859345e-01 8.697121859345e-01 8.697121859345e-01 8.697121859345e-01 8.697121859345e-01 8.697121859345e-01 8.697121859345e-01 8.697121859345e-01 8.697121859345e-01 8.697121859345e-01 8.697121859345e-01 8.697121859345e-01 8.697121859345e-01 8.697121859345e-01 8.697121859345e-01 8.697121859345e-01 8.697121859345e-01 8.697121859345e-01 8.697121859345e-01 8.697121859345e-01 8.697121859345e-01 8.697121859345e-01 8.697121859345e-01 8.697121859345e-01 8.697121859345e-01 8.697121859345e-01 8.697121859345e-01 8.697121859345e-01 8.697121859345e-01 8.697121859345e-01 8.697121859345e-01 8.697121859345e-01 8.697121859345e-01 8.697121859345e-01 8.697121859345e-01 8.697121859345e-01 8.697121859345e-01 8.697121859345e-01 8.697121859345e-01 8.697121859345e-01 8.697121859345e-01 8.697121859345e-01 8.697121859345e-01 8.697121859345e-01 8.697121859345e-01 8.697121859345e-01 8.697121859345e-01 8.697121859345e-01 8.697121859345e-01 8.697121859345e-01 8.697121859345e-01 8.697121859345e-01 8.697121859345e-01 8.697121859345e-01 8.697121859345e-01 8.697121859345e-01 8.697121859345e-01 8.697121859345e-01 8.697121859345e-01 8.697121859345e-01 8.697121859345e-01 8.697121859345e-01 8.697121859345e-01 8.697121859345e-01 8.697121859345e-01 8.697121859345e-01 8.697121859345e-01 8.697121859345e-01 8.697121859345e-01 8.697121859345e-01 8.697121859345e-01 8.697121859345e-01 8.697121859345e-01 8.697121859345e-01 8.697121859345e-01 8.697121859345e-01 8.697121859345e-01 8.697121859345e-01 8.697121859345e-01 8.697121859345e-01 8.697121859345e-01 8.697121859345e-01 8.697121859345e-01 8.697121859345e-01 8.697121859345e-01 8.697121859345e-01 8.697121859345e-01 8.697121859345e-01 8.697121859345e-01
7.595686786335e-01 7.595686786335e-01 7.595686786335e-01 7.595686786335e-01 7.595686786335e-01 7.595686786335e-01 7.595686786335e-01 7.595686786335e-01 7.595686786335e-01 7.595686786335e-01 7.595686786335e-01 7.595686786335e-01 7.595686786335e-01 7.595686786335e-01 7.595686786335e-01 7.595686786335e-01 7.595686786335e-01 7.595686786335e-01 7.595686786335e-01 7.595686786335e-01 7.595686786335e-01 7.595686786335e-01 7.595686786335e-01 7.595686786335e-01 7.595686786335e-01 7.595686786335e-01 7.595686786335e-01 7.595686786335e-01 7.595686786335e-01 7.595686786335e-01 7.595686786335e-01 7.595686786335e-01 7.595686786335e-01 7.595686786335e-01 7.595686786335e-01 7.595686786335e-01 7.595686786335e-01 7.595686786335e-01 7.595686786335e-01 7.595686786335e-01 7.595686786335e-01 7.595686786335e-01 7.595686786335e-01 7.595686786335e-01 7.595686786335e-01 7.595686786335e-01 7.595686786335e-01 7.595686786335e-01 7.595686786335e-01 7.595686786335e-01 7.595686786335e-01 7.595686786335e-01 7.595686786335e-01 7.595686786335e-01 7.595686786335e-01 7.595686786335e-01 7.595686786335e-01 7.595686786335e-01 7.595686786335e-01 7.595686786335e-01 7.595686786335e-01 7.595686786335e-01 7.595686786335e-01 7.595686786335e-01 7.595686786335e-01 7.595686786335e-01 7.595686786335e-01 7.595686786335e-01 7.595686786335e-01 7.595686786335e-01 7.595686786335e-01 7.595686786335e-01 7.595686786335e-01 7.595686786335e-01 7.595686786335e-01 7.595686786335e-01 7.595686786335e-01 7.595686786335e-01 7.595686786335e-01 7.595686786335e-01 7.595686786335e-01 7.595686786335e-01 7.595686786335e-01 7.595686786335e-01 7.595686786335e-01 7.595686786335e-01 7.595686786335e-01 7.595686786335e-01 7.595686786335e-01 7.595686786335e-01 7.595686786335e-01 7.595686786335e-01 7.595686786335e-01 7.595686786335e-01 7.595686786335e-01 7.595686786335e-01 7.595686786335e-01 7.595686786335e-01 7.595686786335e-01 7.595686786335e-01 7.595686786335e-01 7.595686786335e-01 7.595686786335e-01 7.595686786335e-01
6.633741447938e-01 6.633741447938e-01 6.633741447938e-01 6.633741447938e-01 6.633741447938e-01 6.633741447938e-01 6.633741447938e-01 6.633741447938e-01 6.633741447938e-01 6.633741447938e-01 6.633741447938e-01 6.633741447938e-01 6.633741447938e-01 6.633741447938e-01 6.633741447938e-01 6.633741447938e-01 6.633741447938e-01 6.633741447938e-01 6.633741447938e-01 6.633741447938e-01 6.633741447938e-01 6.633741447938e-01 6.633741447938e-01 6.633741447938e-01 6.633741447938e-01 6.633741447938e-01 6.633741447938e-01 6.633741447938e-01 6.633741447938e-01 6.633741447938e-01 6.633741447938e-01 6.633741447938e-01 6.633741447938e-01 6.633741447938e-01 6.633741447938e-01 6.633741447938e-01 6.633741447938e-01 6.633741447938e-01 6.633741447938e-01 6.633741447938e-01 6.633741447938e-01 6.633741447938e-01 6.633741447938e-01 6.633741447938e-01 6.633741447938e-01 6.633741447938e-01 6.633741447938e-01 6.633741447938e-01 6.633741447938e-01 6.633741447938e-01 6.633741447938e-01 6.633741447938e-01 6.633741447938e-01 6.633741447938e-01 6.633741447938e-01 6.633741447938e-01 6.633741447938e-01 6.633741447938e-01 6.633741447938e-01 6.633741447938e-01 6.633741447938e-01 6.633741447938e-01 6.633741447938e-01 6.633741447938e-01 6.633741447938e-01 6.633741447938e-01 6.633741447938e-01 6.633741447938e-01 6.633741447938e-01 6.633741447938e-01 6.633741447938e-01 6.633741447938e-01 6.633741447938e-01 6.633741447938e-01 6.633741447938e-01 6.633741447938e-01 6.633741447938e-01 6.633741447938e-01 6.633741447938e-01 6.633741447938e-01 6.633741447938e-01 6.633741447938e-01 6.633741447938e-01 6.633741447938e-01 6.633741447938e-01 6.633741447938e-01 6.633741447938e-01 6.633741447938e-01 6.633741447938e-01 6.633741447938e-01 6.633741447938e-01 6.633741447938e-01 6.633741447938e-01 6.633741447938e-01 6.633741447938e-01 6.633741447938e-01 6.633741447938e-01 6.633741447938e-01 6.633741447938e-01 6.633741447938e-01 6.633741447938e-01 6.633741447938e-01 6.633741447938e-01 6.633741447938e-01
5.793620357972e-01 5.793620357972e-01 5.793620357972e-01 5.793620357972e-01 5.793620357972e-01 5.793620357972e-01 5.793620357972e-01 5.793620357972e-01 5.793620357972e-01 5.793620357972e-01 5.793620357972e-01 5.793620357972e-01 5.793620357972e-01 5.793620357972e-01 5.793620357972e-01 5.793620357972e-01 5.793620357972e-01 5.793620357972e-01 5.793620357972e-01 5.793620357972e-01 5.793620357972e-01 5.793620357972e-01 5.793620357972e-01 5.793620357972e-01 5.793620357972e-01 5.793620357972e-01 5.793620357972e-01 5.793620357972e-01 5.793620357972e-01 5.793620357972e-01 5.793620357972e-01 5.793620357972e-01 5.793620357972e-01 5.793620357972e-01 5.793620357972e-01 5.793620357972e-01 5.793620357972e-01 5.793620357972e-01 5.793620357972e-01 5.793620357972e-01 5.793620357972e-01 5.793620357972e-01 5.793620357972e-01 5.793620357972e-01 5.793620357972e-01 5.793620357972e-01 5.793620357972e-01 5.793620357972e-01 5.793620357972e-01 5.793620357972e-01 5.793620357972e-01 5.793620357972e-01 5.793620357972e-01 5.793620357972e-01 5.793620357972e-01 5.793620357972e-01 5.793620357972e-01 5.793620357972e-01 5.793620357972e-01 5.793620357972e-01 5.793620357972e-01 5.793620357972e-01 5.793620357972e-01 5.793620357972e-01 5.793620357972e-01 5.793620357972e-01 5.793620357972e-01 5.793620357972e-01 5.793620357972e-01 5.793620357972e-01 5.793620357972e-01 5.793620357972e-01 5.793620357972e-01 5.793620357972e-01 5.793620357972e-01 5.793620357972e-01 5.793620357972e-01 5.793620357972e-01 5.793620357972e-01 5.793620357972e-01 5.793620357972e-01 5.793620357972e-01 5.793620357972e-01 5.793620357972e-01 5.793620357972e-01 5.793620357972e-01 5.793620357972e-01 5.793620357972e-01 5.793620357972e-01 5.793620357972e-01 5.793620357972e-01 5.793620357972e-01 5.793620357972e-01 5.793620357972e-01 5.793620357972e-01 5.793620357972e-01 5.793620357972e-01 5.793620357972e-01 5.793620357972e-01 5.793620357972e-01 5.793620357972e-01 5.793620357972e-01 5.793620357972e-01 5.793620357972e-01
5.059895251531e-01 5.059895251531e-01 5.059895251531e-01 5.059895251531e-01 5.059895251531e-01 5.059895251531e-01 5.059895251531e-01 5.059895251531e-01 5.059895251531e-01 5.059895251531e-01 5.059895251531e-01 5.059895251531e-01 5.059895251531e-01 5.059895251531e-01 5.059895251531e-01 5.059895251531e-01 5.059895251531e-01 5.059895251531e-01 5.059895251531e-01 5.059895251531e-01 5.059895251531e-01 5.059895251531e-01 5.059895251531e-01 5.059895251531e-01 5.059895251531e-01 5.059895251531e-01 5.059895251531e-01 5.059895251531e-01 5.059895251531e-01 5.059895251531e-01 5.059895251531e-01 5.059895251531e-01 5.059895251531e-01 5.059895251531e-01 5.059895251531e-01 5.059895251531e-01 5.059895251531e-01 5.059895251531e-01 5.059895251531e-01 5.059895251531e-01 5.059895251531e-01 5.059895251531e-01 5.059895251531e-01 5.059895251531e-01 5.059895251531e-01 5.059895251531e-01 5.059895251531e-01 5.059895251531e-01 5.059895251531e-01 5.059895251531e-01 5.059895251531e-01 5.059895251531e-01 5.059895251531e-01 5.059895251531e-01 5.059895251531e-01 5.059895251531e-01 5.059895251531e-01 5.059895251531e-01 5.059895251531e-01 5.059895251531e-01 5.059895251531e-01 5.059895251531e-01 5.059895251531e-01 5.059895251531e-01 5.059895251531e-01 5.059895251531e-01 5.059895251531e-01 5.059895251531e-01 5.059895251531e-01 5.059895251531e-01 5.059895251531e-01 5.059895251531e-01 5.059895251531e-01 5.059895251531e-01 5.059895251531e-01 5.059895251531e-01 5.059895251531e-01 5.059895251531e-01 5.059895251531e-01 5.059895251531e-01 5.059895251531e-01 5.059895251531e-01 5.059895251531e-01 5.059895251531e-01 5.059895251531e-01 5.059895251531e-01 5.059895251531e-01 5.059895251531e-01 5.059895251531e-01 5.059895251531e-01 5.059895251531e-01 5.059895251531e-01 5.059895251531e-01 5.059895251531e-01 5.059895251531e-01 5.059895251531e-01 5.059895251531e-01 5.059895251531e-01 5.059895251531e-01 5.059895251531e-01 5.059895251531e-01 5.059895251531e-01 5.059895251531e-01 5.059895251531e-01
4.419091755164e-01 4.419091755164e-01 4.419091755164e-01 4.419091755164e-01 4.419091755164e-01 4.419091755164e-01 4.419091755164e-01 4.419091755164e-01 4.419091755164e-01 4.419091755164e-01 4.419091755164e-01 4.419091755164e-01 4.419091755164e-01 4.419091755164e-01 4.419091755164e-01 4.419091755164e-01 4.419091755164e-01 4.419091755164e-01 4.419091755164e-01 4.419091755164e-01 4.419091755164e-01 4.419091755164e-01 4.419091755164e-01 4.419091755164e-01 4.419091755164e-01 4.419091755164e-01 4.419091755164e-01 4.419091755164e-01 4.419091755164e-01 4.419091755164e-01 4.419091755164e-01 4.419091755164e-01 4.419091755164e-01 4.419091755164e-01 4.419091755164e-01 4.419091755164e-01 4.419091755164e-01 4.419091755164e-01 4.419091755164e-01 4.419091755164e-01 4.419091755164e-01 4.419091755164e-01 4.419091755164e-01 4.419091755164e-01 4.419091755164e-01 4.419091755164e-01 4.419091755164e-01 4.419091755164e-01 4.419091755164e-01 4.419091755164e-01 4.419091755164e-01 4.419091755164e-01 4.419091755164e-01 4.419091755164e-01 4.419091755164e-01 4.419091755164e-01 4.419091755164e-01 4.419091755164e-01 4.419091755164e-01 4.419091755164e-01 4.419091755164e-01 4.419091755164e-01 4.419091755164e-01 4.419091755164e-01 4.419091755164e-01 4.419091755164e-01 4.419091755164e-01 4.419091755164e-01 4.419091755164e-01 4.419091755164e-01 4.419091755164e-01 4.419091755164e-01 4.419091755164e-01 4.419091755164e-01 4.419091755164e-01 4.419091755164e-01 4.419091755164e-01 4.419091755164e-01 4.419091755164e-01 4.419091755164e-01 4.419091755164e-01 4.419091755164e-01 4.419091755164e-01 4.419091755164e-01 4.419091755164e-01 4.419091755164e-01 4.419091755164e-01 4.419091755164e-01 4.419091755164e-01 4.419091755164e-01 4.419091755164e-01 4.419091755164e-01 4.419091755164e-01 4.419091755164e-01 4.419091755164e-01 4.419091755164e-01 4.419091755164e-01 4.419091755164e-01 4.419091755164e-01 4.419091755164e-01 4.419091755164e-01 4.419091755164e-01 4.419091755164e-01 4.419091755164e-01
3.178707290729e-01 3.178707290729e-01 3.178707290729e-01 3.178707290729e-01 3.178707290729e-01 3.178707290729e-01 3.178707290729e-01 3.178707290729e-01 3.178707290729e-01 3.178707290729e-01 3.178707290729e-01 3.178707290729e-01 3.178707290729e-01 3.178707290729e-01 3.178707290729e-01 3.178707290729e-01 3.178707290729e-01 3.178707290729e-01 3.178707290729e-01 3.178707290729e-01 3.178707290729e-01 3.178707290729e-01 3.178707290729e-01 3.178707290729e-01 3.178707290729e-01 3.178707290729e-01 3.178707290729e-01 3.178707290729e-01 3.178707290729e-01 3.178707290729e-01 3.178707290729e-01 3.178707290729e-01 3.178707290729e-01 3.178707290729e-01 3.178707290729e-01 3.178707290729e-01 3.178707290729e-01 3.178707290729e-01 3.178707290729e-01 3.178707290729e-01 3.178707290729e-01 3.178707290729e-01 3.178707290729e-01 3.178707290729e-01 3.178707290729e-01 3.178707290729e-01 3.178707290729e-01 3.178707290729e-01 3.178707290729e-01 3.178707290729e-01 3.178707290729e-01 3.178707290729e-01 3.178707290729e-01 3.178707290729e-01 3.178707290729e-01 3.178707290729e-01 3.178707290729e-01 3.178707290729e-01 3.178707290729e-01 3.178707290729e-01 3.178707290729e-01 3.178707290729e-01 3.178707290729e-01 3.178707290729e-01 3.178707290729e-01 3.178707290729e-01 3.178707290729e-01 3.178707290729e-01 3.178707290729e-01 3.178707290729e-01 3.178707290729e-01 3.178707290729e-01 3.178707290729e-01 3.178707290729e-01 3.178707290729e-01 3.178707290729e-01 3.178707290729e-01 3.178707290729e-01 3.178707290729e-01 3.178707290729e-01 3.178707290729e-01 3.178707290729e-01 3.178707290729e-01 3.178707290729e-01 3.178707290729e-01 3.178707290729e-01 3.178707290729e-01 3.178707290729e-01 3.178707290729e-01 3.178707290729e-01 3.178707290729e-01 3.178707290729e-01 3.178707290729e-01 3.178707290729e-01 3.178707290729e-01 3.178707290729e-01 3.178707290729e-01 3.178707290729e-01 3.178707290729e-01 3.178707290729e-01 3.178707290729e-01 3.178707290729e-01 3.178707290729e-01 3.178707290729e-01
1.866144702400e-01 1.866144702400e-01 1.866144702400e-01 1.866144702400e-01 1.866144702400e-01 1.866144702400e-01 1.866144702400e-01 1.866144702400e-01 1.866144702400e-01 1.866144702400e-01 1.866144702400e-01 1.866144702400e-01 1.866144702400e-01 1.866144702400e-01 1.866144702400e-01 1.866144702400e-01 1.866144702400e-01 1.866144702400e-01 1.866144702400e-01 1.866144702400e-01 1.866144702400e-01 1.866144702400e-01 1.866144702400e-01 1.866144702400e-01 1.866144702400e-01 1.866144702400e-01 1.866144702400e-01 1.866144702400e-01 1.866144702400e-01 1.866144702400e-01 1.866144702400e-01 1.866144702400e-01 1.866144702400e-01 1.866144702400e-01 1.866144702400e-01 1.866144702400e-01 1.866144702400e-01 1.866144702400e-01 1.866144702400e-01 1.866144702400e-01 1.866144702400e-01 1.866144702400e-01 1.866144702400e-01 1.866144702400e-01 1.866144702400e-01 1.866144702400e-01 1.866144702400e-01 1.866144702400e-01 1.866144702400e-01 1.866144702400e-01 1.866144702400e-01 1.866144702400e-01 1.866144702400e-01 1.866144702400e-01 1.866144702400e-01 1.866144702400e-01 1.866144702400e-01 1.866144702400e-01 1.866144702400e-01 1.866144702400e-01 1.866144702400e-01 1.866144702400e-01 1.866144702400e-01 1.866144702400e-01 1.866144702400e-01 1.866144702400e-01 1.866144702400e-01 1.866144702400e-01 1.866144702400e-01 1.866144702400e-01 1.866144702400e-01 1.866144702400e-01 1.866144702400e-01 1.866144702400e-01 1.866144702400e-01 1.866144702400e-01 1.866144702400e-01 1.866144702400e-01 1.866144702400e-01 1.866144702400e-01 1.866144702400e-01 1.866144702400e-01 1.866144702400e-01 1.866144702400e-01 1.866144702400e-01 1.866144702400e-01 1.866144702400e-01 1.866144702400e-01 1.866144702400e-01 1.866144702400e-01 1.866144702400e-01 1.866144702400e-01 1.866144702400e-01 1.866144702400e-01 1.866144702400e-01 1.866144702400e-01 1.866144702400e-01 1.866144702400e-01 1.866144702400e-01 1.866144702400e-01 1.866144702400e-01 1.866144702400e-01 1.866144702400e-01 1.866144702400e-01
1.440405409759e-01 1.440405409759e-01 1.440405409759e-01 1.440405409759e-01 1.440405409759e-01 1.440405409759e-01 1.440405409759e-01 1.440405409759e-01 1.440405409759e-01 1.440405409759e-01 1.440405409759e-01 1.440405409759e-01 1.440405409759e-01 1.440405409759e-01 1.440405409759e-01 1.440405409759e-01 1.440405409759e-01 1.440405409759e-01 1.440405409759e-01 1.440405409759e-01 1.440405409759e-01 1.440405409759e-01 1.440405409759e-01 1.440405409759e-01 1.440405409759e-01 1.440405409759e-01 1.440405409759e-01 1.440405409759e-01 1.440405409759e-01 1.440405409759e-01 1.440405409759e-01 1.440405409759e-01 1.440405409759e-01 1.440405409759e-01 1.440405409759e-01 1.440405409759e-01 1.440405409759e-01 1.440405409759e-01 1.440405409759e-01 1.440405409759e-01 1.440405409759e-01 1.440405409759e-01 1.440405409759e-01 1.440405409759e-01 1.440405409759e-01 1.440405409759e-01 1.440405409759e-01 1.440405409759e-01 1.440405409759e-01 1.440405409759e-01 1.440405409759e-01 1.440405409759e-01 1.440405409759e-01 1.440405409759e-01 1.440405409759e-01 1.440405409759e-01 1.440405409759e-01 1.440405409759e-01 1.440405409759e-01 1.440405409759e-01 1.440405409759e-01 1.440405409759e-01 1.440405409759e-01 1.440405409759e-01 1.440405409759e-01 1.440405409759e-01 1.440405409759e-01 1.440405409759e-01 1.440405409759e-01 1.440405409759e-01 1.440405409759e-01 1.440405409759e-01 1.440405409759e-01 1.440405409759e-01 1.440405409759e-01 1.440405409759e-01 1.440405409759e-01 1.440405409759e-01 1.440405409759e-01 1.440405409759e-01 1.440405409759e-01 1.440405409759e-01 1.440405409759e-01 1.440405409759e-01 1.440405409759e-01 1.440405409759e-01 1.440405409759e-01 1.440405409759e-01 1.440405409759e-01 1.440405409759e-01 1.440405409759e-01 1.440405409759e-01 1.440405409759e-01 1.440405409759e-01 1.440405409759e-01 1.440405409759e-01 1.440405409759e-01 1.440405409759e-01 1.440405409759e-01 1.440405409759e-01 1.440405409759e-01 1.440405409759e-01 1.440405409759e-01 1.440405409759e-01
2.289110880522e-01 2.289110880522e-01 2.289110880522e-01 2.289110880522e-01 2.289110880522e-01 2.289110880522e-01 2.289110880522e-01 2.289110880522e-01 2.289110880522e-01 2.289110880522e-01 2.289110880522e-01 2.289110880522e-01 2.289110880522e-01 2.289110880522e-01 2.289110880522e-01 2.289110880522e-01 2.289110880522e-01 2.289110880522e-01 2.289110880522e-01 2.289110880522e-01 2.289110880522e-01 2.289110880522e-01 2.289110880522e-01 2.289110880522e-01 2.289110880522e-01 2.289110880522e-01 2.289110880522e-01 2.289110880522e-01 2.289110880522e-01 2.289110880522e-01 2.289110880522e-01 2.289110880522e-01 2.289110880522e-01 2.289110880522e-01 2.289110880522e-01 2.289110880522e-01 2.289110880522e-01 2.289110880522e-01 2.289110880522e-01 2.289110880522e-01 2.289110880522e-01 2.289110880522e-01 2.289110880522e-01 2.289110880522e-01 2.289110880522e-01 2.289110880522e-01 2.289110880522e-01 2.289110880522e-01 2.289110880522e-01 2.289110880522e-01 2.289110880522e-01 2.289110880522e-01 2.289110880522e-01 2.289110880522e-01 2.289110880522e-01 2.289110880522e-01 2.289110880522e-01 2.289110880522e-01 2.289110880522e-01 2.289110880522e-01 2.289110880522e-01 2.289110880522e-01 2.289110880522e-01 2.289110880522e-01 2.289110880522e-01 2.289110880522e-01 2.289110880522e-01 2.289110880522e-01 2.289110880522e-01 2.289110880522e-01 2.289110880522e-01 2.289110880522e-01 2.289110880522e-01 2.289110880522e-01 2.289110880522e-01 2.289110880522e-01 2.289110880522e-01 2.289110880522e-01 2.289110880522e-01 2.289110880522e-01 2.289110880522e-01 2.289110880522e-01 2.289110880522e-01 2.289110880522e-01 2.289110880522e-01 2.289110880522e-01 2.289110880522e-01 2.289110880522e-01 2.289110880522e-01 2.289110880522e-01 2.289110880522e-01 2.289110880522e-01 2.289110880522e-01 2.289110880522e-01 2.289110880522e-01 2.289110880522e-01 2.289110880522e-01 2.289110880522e-01 2.289110880522e-01 2.289110880522e-01 2.289110880522e-01 2.289110880522e-01 2.289110880522e-01 2.289110880522e-01
2.744014972030e-01 2.744014972030e-01 2.744014972030e-01 2.744014972030e-01 2.744014972030e-01 2.744014972030e-01 2.744014972030e-01 2.744014972030e-01 2.744014972030e-01 2.744014972030e-01 2.744014972030e-01 2.744014972030e-01 2.744014972030e-01 2.744014972030e-01 2.744014972030e-01 2.744014972030e-01 2.744014972030e-01 2.744014972030e-01 2.744014972030e-01 2.744014972030e-01 2.744014972030e-01 2.744014972030e-01 2.744014972030e-01 2.744014972030e-01 2.744014972030e-01 2.744014972030e-01 2.744014972030e-01 2.744014972030e-01 2.744014972030e-01 2.744014972030e-01 2.744014972030e-01 2.744014972030e-01 2.744014972030e-01 2.744014972030e-01 2.744014972030e-01 2.744014972030e-01 2.744014972030e-01 2.744014972030e-01 2.744014972030e-01 2.744014972030e-01 2.744014972030e-01 2.744014972030e-01 2.744014972030e-01 2.744014972030e-01 2.744014972030e-01 2.744014972030e-01 2.744014972030e-01 2.744014972030e-01 2.744014972030e-01 2.744014972030e-01 2.744014972030e-01 2.744014972030e-01 2.744014972030e-01 2.744014972030e-01 2.744014972030e-01 2.744014972030e-01 2.744014972030e-01 2.744014972030e-01 2.744014972030e-01 2.744014972030e-01 2.744014972030e-01 2.744014972030e-01 2.744014972030e-01 2.744014972030e-01 2.744014972030e-01 2.744014972030e-01 2.744014972030e-01 2.744014972030e-01 2.744014972030e-01 2.744014972030e-01 2.744014972030e-01 2.744014972030e-01 2.744014972030e-01 2.744014972030e-01 2.744014972030e-01 2.744014972030e-01 2.744014972030e-01 2.744014972030e-01 2.744014972030e-01 2.744014972030e-01 2.744014972030e-01 2.744014972030e-01 2.744014972030e-01 2.744014972030e-01 2.744014972030e-01 2.744014972030e-01 2.744014972030e-01 2.744014972030e-01 2.744014972030e-01 2.744014972030e-01 2.744014972030e-01 2.744014972030e-01 2.744014972030e-01 2.744014972030e-01 2.744014972030e-01 2.744014972030e-01 2.744014972030e-01 2.744014972030e-01 2.744014972030e-01 2.744014972030e-01 2.744014972030e-01 2.744014972030e-01 2.744014972030e-01 2.744014972030e-01
2.825328891995e-01 2.825328891995e-01 2.825328891995e-01 2.825328891995e-01 2.825328891995e-01 2.825328891995e-01 2.825328891995e-01 2.825328891995e-01 2.825328891995e-01 2.825328891995e-01 2.825328891995e-01 2.825328891995e-01 2.825328891995e-01 2.825328891995e-01 2.825328891995e-01 2.825328891995e-01 2.825328891995e-01 2.825328891995e-01 2.825328891995e-01 2.825328891995e-01 2.825328891995e-01 2.825328891995e-01 2.825328891995e-01 2.825328891995e-01 2.825328891995e-01 2.825328891995e-01 2.825328891995e-01 2.825328891995e-01 2.825328891995e-01 2.825328891995e-01 2.825328891995e-01 2.825328891995e-01 2.825328891995e-01 2.825328891995e-01 2.825328891995e-01 2.825328891995e-01 2.825328891995e-01 2.825328891995e-01 2.825328891995e-01 2.825328891995e-01 2.825328891995e-01 2.825328891995e-01 2.825328891995e-01 2.825328891995e-01 2.825328891995e-01 2.825328891995e-01 2.825328891995e-01 2.825328891995e-01 2.825328891995e-01 2.825328891995e-01 2.825328891995e-01 2.825328891995e-01 2.825328891995e-01 2.825328891995e-01 2.825328891995e-01 2.825328891995e-01 2.825328891995e-01 2.825328891995e-01 2.825328891995e-01 2.825328891995e-01 2.825328891995e-01 2.825328891995e-01 2.825328891995e-01 2.825328891995e-01 2.825328891995e-01 2.825328891995e-01 2.825328891995e-01 2.825328891995e-01 2.825328891995e-01 2.825328891995e-01 2.825328891995e-01 2.825328891995e-01 2.825328891995e-01 2.825328891995e-01 2.825328891995e-01 2.825328891995e-01 2.825328891995e-01 2.825328891995e-01 2.825328891995e-01 2.825328891995e-01 2.825328891995e-01 2.825328891995e-01 2.825328891995e-01 2.825328891995e-01 2.825328891995e-01 2.825328891995e-01 2.825328891995e-01 2.825328891995e-01 2.825328891995e-01 2.825328891995e-01 2.825328891995e-01 2.825328891995e-01 2.825328891995e-01 2.825328891995e-01 2.825328891995e-01 2.825328891995e-01 2.825328891995e-01 2.825328891995e-01 2.825328891995e-01 2.825328891995e-01 2.825328891995e-01 2.825328891995e-01 2.825328891995e-01 2.825328891995e-01
2.918897854615e-01 2.918897854615e-01 2.918897854615e-01 2.918897854615e-01 2.918897854615e-01 2.918897854615e-01 2.918897854615e-01 2.918897854615e-01 2.918897854615e-01 2.918897854615e-01 2.918897854615e-01 2.918897854615e-01 2.918897854615e-01 2.918897854615e-01 2.918897854615e-01 2.918897854615e-01 2.918897854615e-01 2.918897854615e-01 2.918897854615e-01 2.918897854615e-01 2.918897854615e-01 2.918897854615e-01 2.918897854615e-01 2.918897854615e-01 2.918897854615e-01 2.918897854615e-01 2.918897854615e-01 2.918897854615e-01 2.918897854615e-01 2.918897854615e-01 2.918897854615e-01 2.918897854615e-01 2.918897854615e-01 2.918897854615e-01 2.918897854615e-01 2.918897854615e-01 2.918897854615e-01 2.918897854615e-01 2.918897854615e-01 2.918897854615e-01 2.918897854615e-01 2.918897854615e-01 2.918897854615e-01 2.918897854615e-01 2.918897854615e-01 2.918897854615e-01 2.918897854615e-01 2.918897854615e-01 2.918897854615e-01 2.918897854615e-01 2.918897854615e-01 2.918897854615e-01 2.918897854615e-01 2.918897854615e-01 2.918897854615e-01 2.918897854615e-01 2.918897854615e-01 2.918897854615e-01 2.918897854615e-01 2.918897854615e-01 2.918897854615e-01 2.918897854615e-01 2.918897854615e-01 2.918897854615e-01 2.918897854615e-01 2.918897854615e-01 2.918897854615e-01 2.918897854615e-01 2.918897854615e-01 2.918897854615e-01 2.918897854615e-01 2.918897854615e-01 2.918897854615e-01 2.918897854615e-01 2.918897854615e-01 2.918897854615e-01 2.918897854615e-01 2.918897854615e-01 2.918897854615e-01 2.918897854615e-01 2.918897854615e-01 2.918897854615e-01 2.918897854615e-01 2.918897854615e-01 2.918897854615e-01 2.918897854615e-01 2.918897854615e-01 2.918897854615e-01 2.918897854615e-01 2.918897854615e-01 2.918897854615e-01 2.918897854615e-01 2.918897854615e-01 2.918897854615e-01 2.918897854615e-01 2.918897854615e-01 2.918897854615e-01 2.918897854615e-01 2.918897854615e-01 2.918897854615e-01 2.918897854615e-01 2.918897854615e-01 2.918897854615e-01 2.918897854615e-01
2.952037565103e-01 2.952037565103e-01 2.952037565103e-01 2.952037565103e-01 2.952037565103e-01 2.952037565103e-01 2.952037565103e-01 2.952037565103e-01 2.952037565103e-01 2.952037565103e-01 2.952037565103e-01 2.952037565103e-01 2.952037565103e-01 2.952037565103e-01 2.952037565103e-01 2.952037565103e-01 2.952037565103e-01 2.952037565103e-01 2.952037565103e-01 2.952037565103e-01 2.952037565103e-01 2.952037565103e-01 2.952037565103e-01 2.952037565103e-01 2.952037565103e-01 2.952037565103e-01 2.952037565103e-01 2.952037565103e-01 2.952037565103e-01 2.952037565103e-01 2.952037565103e-01 2.952037565103e-01 2.952037565103e-01 2.952037565103e-01 2.952037565103e-01 2.952037565103e-01 2.952037565103e-01 2.952037565103e-01 2.952037565103e-01 2.952037565103e-01 2.952037565103e-01 2.952037565103e-01 2.952037565103e-01 2.952037565103e-01 2.952037565103e-01 2.952037565103e-01 2.952037565103e-01 2.952037565103e-01 2.952037565103e-01 2.952037565103e-01 2.952037565103e-01 2.952037565103e-01 2.952037565103e-01 2.952037565103e-01 2.952037565103e-01 2.952037565103e-01 2.952037565103e-01 2.952037565103e-01 2.952037565103e-01 2.952037565103e-01 2.952037565103e-01 2.952037565103e-01 2.952037565103e-01 2.952037565103e-01 2.952037565103e-01 2.952037565103e-01 2.952037565103e-01 2.952037565103e-01 2.952037565103e-01 2.952037565103e-01 2.952037565103e-01 2.952037565103e-01 2.952037565103e-01 2.952037565103e-01 2.952037565103e-01 2.952037565103e-01 2.952037565103e-01 2.952037565103e-01 2.952037565103e-01 2.952037565103e-01 2.952037565103e-01 2.952037565103e-01 2.952037565103e-01 2.952037565103e-01 2.952037565103e-01 2.952037565103e-01 2.952037565103e-01 2.952037565103e-01 2.952037565103e-01 2.952037565103e-01 2.952037565103e-01 2.952037565103e-01 2.952037565103e-01 2.952037565103e-01 2.952037565103e-01 2.952037565103e-01 2.952037565103e-01 2.952037565103e-01 2.952037565103e-01 2.952037565103e-01 2.952037565103e-01 2.952037565103e-01 2.952037565103e-01 2.952037565103e-01
2.977477787619e-01 2.977477787619e-01 2.977477787619e-01 2.977477787619e-01 2.977477787619e-01 2.977477787619e-01 2.977477787619e-01 2.977477787619e-01 2.977477787619e-01 2.977477787619e-01 2.977477787619e-01 2.977477787619e-01 2.977477787619e-01 2.977477787619e-01 2.977477787619e-01 2.977477787619e-01 2.977477787619e-01 2.977477787619e-01 2.977477787619e-01 2.977477787619e-01 2.977477787619e-01 2.977477787619e-01 2.977477787619e-01 2.977477787619e-01 2.977477787619e-01 2.977477787619e-01 2.977477787619e-01 2.977477787619e-01 2.977477787619e-01 2.977477787619e-01 2.977477787619e-01 2.977477787619e-01 2.977477787619e-01 2.977477787619e-01 2.977477787619e-01 2.977477787619e-01 2.977477787619e-01 2.977477787619e-01 2.977477787619e-01 2.977477787619e-01 2.977477787619e-01 2.977477787619e-01 2.977477787619e-01 2.977477787619e-01 2.977477787619e-01 2.977477787619e-01 2.977477787619e-01 2.977477787619e-01 2.977477787619e-01 2.977477787619e-01 2.977477787619e-01 2.977477787619e-01 2.977477787619e-01 2.977477787619e-01 2.977477787619e-01 2.977477787619e-01 2.977477787619e-01 2.977477787619e-01 2.977477787619e-01 2.977477787619e-01 2.977477787619e-01 2.977477787619e-01 2.977477787619e-01 2.977477787619e-01 2.977477787619e-01 2.977477787619e-01 2.977477787619e-01 2.977477787619e-01 2.977477787619e-01 2.977477787619e-01 2.977477787619e-01 2.977477787619e-01 2.977477787619e-01 2.977477787619e-01 2.977477787619e-01 2.977477787619e-01 2.977477787619e-01 2.977477787619e-01 2.977477787619e-01 2.977477787619e-01 2.977477787619e-01 2.977477787619e-01 2.977477787619e-01 2.977477787619e-01 2.977477787619e-01 2.977477787619e-01 2.977477787619e-01 2.977477787619e-01 2.977477787619e-01 2.977477787619e-01 2.977477787619e-01 2.977477787619e-01 2.977477787619e-01 2.977477787619e-01 2.977477787619e-01 2.977477787619e-01 2.977477787619e-01 2.977477787619e-01 2.977477787619e-01 2.977477787619e-01 2.977477787619e-01 2.977477787619e-01 2.977477787619e-01 2.977477787619e-01
2.990116945465e-01 2.990116945465e-01 2.990116945465e-01 2.990116945465e-01 2.990116945465e-01 2.990116945465e-01 2.990116945465e-01 2.990116945465e-01 2.990116945465e-01 2.990116945465e-01 2.990116945465e-01 2.990116945465e-01 2.990116945465e-01 2.990116945465e-01 2.990116945465e-01 2.990116945465e-01 2.990116945465e-01 2.990116945465e-01 2.990116945465e-01 2.990116945465e-01 2.990116945465e-01 2.990116945465e-01 2.990116945465e-01 2.990116945465e-01 2.990116945465e-01 2.990116945465e-01 2.990116945465e-01 2.990116945465e-01 2.990116945465e-01 2.990116945465e-01 2.990116945465e-01 2.990116945465e-01 2.990116945465e-01 2.990116945465e-01 2.990116945465e-01 2.990116945465e-01 2.990116945465e-01 2.990116945465e-01 2.990116945465e-01 2.990116945465e-01 2.990116945465e-01 2.990116945465e-01 2.990116945465e-01 2.990116945465e-01 2.990116945465e-01 2.990116945465e-01 2.990116945465e-01 2.990116945465e-01 2.990116945465e-01 2.990116945465e-01 2.990116945465e-01 2.990116945465e-01 2.990116945465e-01 2.990116945465e-01 2.990116945465e-01 2.990116945465e-01 2.990116945465e-01 2.990116945465e-01 2.990116945465e-01 2.990116945465e-01 2.990116945465e-01 2.990116945465e-01 2.990116945465e-01 2.990116945465e-01 2.990116945465e-01 2.990116945465e-01 2.990116945465e-01 2.990116945465e-01 2.990116945465e-01 2.990116945465e-01 2.990116945465e-01 2.990116945465e-01 2.990116945465e-01 2.990116945465e-01 2.990116945465e-01 2.990116945465e-01 2.990116945465e-01 2.990116945465e-01 2.990116945465e-01 2.990116945465e-01 2.990116945465e-01 2.990116945465e-01 2.990116945465e-01 2.990116945465e-01 2.990116945465e-01 2.990116945465e-01 2.990116945465e-01 2.990116945465e-01 2.990116945465e-01 2.990116945465e-01 2.990116945465e-01 2.990116945465e-01 2.990116945465e-01 2.990116945465e-01 2.990116945465e-01 2.990116945465e-01 2.990116945465e-01 2.990116945465e-01 2.990116945465e-01 2.990116945465e-01 2.990116945465e-01 2.990116945465e-01 2.990116945465e-01 2.990116945465e-01
2.998497439462e-01 2.998497439462e-01 2.998497439462e-01 2.998497439462e-01 2.998497439462e-01 2.998497439462e-01 2.998497439462e-01 2.998497439462e-01 2.998497439462e-01 2.998497439462e-01 2.998497439462e-01 2.998497439462e-01 2.998497439462e-01 2.998497439462e-01 2.998497439462e-01 2.998497439462e-01 2.998497439462e-01 2.998497439462e-01 2.998497439462e-01 2.998497439462e-01 2.998497439462e-01 2.998497439462e-01 2.998497439462e-01 2.998497439462e-01 2.998497439462e-01 2.998497439462e-01 2.998497439462e-01 2.998497439462e-01 2.998497439462e-01 2.998497439462e-01 2.998497439462e-01 2.998497439462e-01 2.998497439462e-01 2.998497439462e-01 2.998497439462e-01 2.998497439462e-01 2.998497439462e-01 2.998497439462e-01 2.998497439462e-01 2.998497439462e-01 2.998497439462e-01 2.998497439462e-01 2.998497439462e-01 2.998497439462e-01 2.998497439462e-01 2.998497439462e-01 2.998497439462e-01 2.998497439462e-01 2.998497439462e-01 2.998497439462e-01 2.998497439462e-01 2.998497439462e-01 2.998497439462e-01 2.998497439462e-01 2.998497439462e-01 2.998497439462e-01 2.998497439462e-01 2.998497439462e-01 2.998497439462e-01 2.998497439462e-01 2.998497439462e-01 2.998497439462e-01 2.998497439462e-01 2.998497439462e-01 2.998497439462e-01 2.998497439462e-01 2.998497439462e-01 2.998497439462e-01 2.998497439462e-01 2.998497439462e-01 2.998497439462e-01 2.998497439462e-01 2.998497439462e-01 2.998497439462e-01 2.998497439462e-01 2.998497439462e-01 2.998497439462e-01 2.998497439462e-01 2.998497439462e-01 2.998497439462e-01 2.998497439462e-01 2.998497439462e-01 2.998497439462e-01 2.998497439462e-01 2.998497439462e-01 2.998497439462e-01 2.998497439462e-01 2.998497439462e-01 2.998497439462e-01 2.998497439462e-01 2.998497439462e-01 2.998497439462e-01 2.998497439462e-01 2.998497439462e-01 2.998497439462e-01 2.998497439462e-01 2.998497439462e-01 2.998497439462e-01 2.998497439462e-01 2.998497439462e-01 2.998497439462e-01 2.998497439462e-01 2.998497439462e-01 2.998497439462e-01
3.003163225004e-01 3.003163225004e-01 3.003163225004e-01 3.003163225004e-01 3.003163225004e-01 3.003163225004e-01 3.003163225004e-01 3.003163225004e-01 3.003163225004e-01 3.003163225004e-01 3.003163225004e-01 3.003163225004e-01 3.003163225004e-01 3.003163225004e-01 3.003163225004e-01 3.003163225004e-01 3.003163225004e-01 3.003163225004e-01 3.003163225004e-01 3.003163225004e-01 3.003163225004e-01 3.003163225004e-01 3.003163225004e-01 3.003163225004e-01 3.003163225004e-01 3.003163225004e-01 3.003163225004e-01 3.003163225004e-01 3.003163225004e-01 3.003163225004e-01 3.003163225004e-01 3.003163225004e-01 3.003163225004e-01 3.003163225004e-01 3.003163225004e-01 3.003163225004e-01 3.003163225004e-01 3.003163225004e-01 3.003163225004e-01 3.003163225004e-01 3.003163225004e-01 3.003163225004e-01 3.003163225004e-01 3.003163225004e-01 3.003163225004e-01 3.003163225004e-01 3.003163225004e-01 3.003163225004e-01 3.003163225004e-01 3.003163225004e-01 3.003163225004e-01 3.003163225004e-01 3.003163225004e-01 3.003163225004e-01 3.003163225004e-01 3.003163225004e-01 3.003163225004e-01 3.003163225004e-01 3.003163225004e-01 3.003163225004e-01 3.003163225004e-01 3.003163225004e-01 3.003163225004e-01 3.003163225004e-01 3.003163225004e-01 3.003163225004e-01 3.003163225004e-01 3.003163225004e-01 3.003163225004e-01 3.003163225004e-01 3.003163225004e-01 3.003163225004e-01 3.003163225004e-01 3.003163225004e-01 3.003163225004e-01 3.003163225004e-01 3.003163225004e-01 3.003163225004e-01 3.003163225004e-01 3.003163225004e-01 3.003163225004e-01 3.003163225004e-01 3.003163225004e-01 3.003163225004e-01 3.003163225004e-01 3.003163225004e-01 3.003163225004e-01 3.003163225004e-01 3.003163225004e-01 3.003163225004e-01 3.003163225004e-01 3.003163225004e-01 3.003163225004e-01 3.003163225004e-01 3.003163225004e-01 3.003163225004e-01 3.003163225004e-01 3.003163225004e-01 3.003163225004e-01 3.003163225004e-01 3.003163225004e-01 3.003163225004e-01 3.003163225004e-01 3.003163225004e-01
3.006063966377e-01 3.006063966377e-01 3.006063966377e-01 3.006063966377e-01 3.006063966377e-01 3.006063966377e-01 3.006063966377e-01 3.006063966377e-01 3.006063966377e-01 3.006063966377e-01 3.006063966377e-01 3.006063966377e-01 3.006063966377e-01 3.006063966377e-01 3.006063966377e-01 3.006063966377e-01 3.006063966377e-01 3.006063966377e-01 3.006063966377e-01 3.006063966377e-01 3.006063966377e-01 3.006063966377e-01 3.006063966377e-01 3.006063966377e-01 3.006063966377e-01 3.006063966377e-01 3.006063966377e-01 3.006063966377e-01 3.006063966377e-01 3.006063966377e-01 3.006063966377e-01 3.006063966377e-01 3.006063966377e-01 3.006063966377e-01 3.006063966377e-01 3.006063966377e-01 3.006063966377e-01 3.006063966377e-01 3.006063966377e-01 3.006063966377e-01 3.006063966377e-01 3.006063966377e-01 3.006063966377e-01 3.006063966377e-01 3.006063966377e-01 3.006063966377e-01 3.006063966377e-01 3.006063966377e-01 3.006063966377e-01 3.006063966377e-01 3.006063966377e-01 3.006063966377e-01 3.006063966377e-01 3.006063966377e-01 3.006063966377e-01 3.006063966377e-01 3.006063966377e-01 3.006063966377e-01 3.006063966377e-01 3.006063966377e-01 3.006063966377e-01 3.006063966377e-01 3.006063966377e-01 3.006063966377e-01 3.006063966377e-01 3.006063966377e-01 3.006063966377e-01 3.006063966377e-01 3.006063966377e-01 3.006063966377e-01 3.006063966377e-01 3.006063966377e-01 3.006063966377e-01 3.006063966377e-01 3.006063966377e-01 3.006063966377e-01 3.006063966377e-01 3.006063966377e-01 3.006063966377e-01 3.006063966377e-01 3.006063966377e-01 3.006063966377e-01 3.006063966377e-01 3.006063966377e-01 3.006063966377e-01 3.006063966377e-01 3.006063966377e-01 3.006063966377e-01 3.006063966377e-01 3.006063966377e-01 3.006063966377e-01 3.006063966377e-01 3.006063966377e-01 3.006063966377e-01 3.006063966377e-01 3.006063966377e-01 3.006063966377e-01 3.006063966377e-01 3.006063966377e-01 3.006063966377e-01 3.006063966377e-01 3.006063966377e-01 3.006063966377e-01 3.006063966377e-01
3.007879190224e-01 3.007879190224e-01 3.007879190224e-01 3.007879190224e-01 3.007879190224e-01 3.007879190224e-01 3.007879190224e-01 3.007879190224e-01 3.007879190224e-01 3.007879190224e-01 3.007879190224e-01 3.007879190224e-01 3.007879190224e-01 3.007879190224e-01 3.007879190224e-01 3.007879190224e-01 3.007879190224e-01 3.007879190224e-01 3.007879190224e-01 3.007879190224e-01 3.007879190224e-01 3.007879190224e-01 3.007879190224e-01 3.007879190224e-01 3.007879190224e-01 3.007879190224e-01 3.007879190224e-01 3.007879190224e-01 3.007879190224e-01 3.007879190224e-01 3.007879190224e-01 3.007879190224e-01 3.007879190224e-01 3.007879190224e-01 3.007879190224e-01 3.007879190224e-01 3.007879190224e-01 3.007879190224e-01 3.007879190224e-01 3.007879190224e-01 3.007879190224e-01 3.007879190224e-01 3.007879190224e-01 3.007879190224e-01 3.007879190224e-01 3.007879190224e-01 3.007879190224e-01 3.007879190224e-01 3.007879190224e-01 3.007879190224e-01 3.007879190224e-01 3.007879190224e-01 3.007879190224e-01 3.007879190224e-01 3.007879190224e-01 3.007879190224e-01 3.007879190224e-01 3.007879190224e-01 3.007879190224e-01 3.007879190224e-01 3.007879190224e-01 3.007879190224e-01 3.007879190224e-01 3.007879190224e-01 3.007879190224e-01 3.007879190224e-01 3.007879190224e-01 3.007879190224e-01 3.007879190224e-01 3.007879190224e-01 3.007879190224e-01 3.007879190224e-01 3.007879190224e-01 3.007879190224e-01 3.007879190224e-01 3.007879190224e-01 3.007879190224e-01 3.007879190224e-01 3.007879190224e-01 3.007879190224e-01 3.007879190224e-01 3.007879190224e-01 3.007879190224e-01 3.007879190224e-01 3.007879190224e-01 3.007879190224e-01 3.007879190224e-01 3.007879190224e-01 3.007879190224e-01 3.007879190224e-01 3.007879190224e-01 3.007879190224e-01 3.007879190224e-01 3.007879190224e-01 3.007879190224e-01 3.007879190224e-01 3.007879190224e-01 3.007879190224e-01 3.007879190224e-01 3.007879190224e-01 3.007879190224e-01 3.007879190224e-01 3.007879190224e-01 3.007879190224e-01
3.008849699789e-01 3.008849699789e-01 3.008849699789e-01 3.008849699789e-01 3.008849699789e-01 3.008849699789e-01 3.008849699789e-01 3.008849699789e-01 3.008849699789e-01 3.008849699789e-01 3.008849699789e-01 3.008849699789e-01 3.008849699789e-01 3.008849699789e-01 3.008849699789e-01 3.008849699789e-01 3.008849699789e-01 3.008849699789e-01 3.008849699789e-01 3.008849699789e-01 3.008849699789e-01 3.008849699789e-01 3.008849699789e-01 3.008849699789e-01 3.008849699789e-01 3.008849699789e-01 3.008849699789e-01 3.008849699789e-01 3.008849699789e-01 3.008849699789e-01 3.008849699789e-01 3.008849699789e-01 3.008849699789e-01 3.008849699789e-01 3.008849699789e-01 3.008849699789e-01 3.008849699789e-01 3.008849699789e-01 3.008849699789e-01 3.008849699789e-01 3.008849699789e-01 3.008849699789e-01 3.008849699789e-01 3.008849699789e-01 3.008849699789e-01 3.008849699789e-01 3.008849699789e-01 3.008849699789e-01 3.008849699789e-01 3.008849699789e-01 3.008849699789e-01 3.008849699789e-01 3.008849699789e-01 3.008849699789e-01 3.008849699789e-01 3.008849699789e-01 3.008849699789e-01 3.008849699789e-01 3.008849699789e-01 3.008849699789e-01 3.008849699789e-01 3.008849699789e-01 3.008849699789e-01 3.008849699789e-01 3.008849699789e-01 3.008849699789e-01 3.008849699789e-01 3.008849699789e-01 3.008849699789e-01 3.008849699789e-01 3.008849699789e-01 3.008849699789e-01 3.008849699789e-01 3.008849699789e-01 3.008849699789e-01 3.008849699789e-01 3.008849699789e-01 3.008849699789e-01 3.008849699789e-01 3.008849699789e-01 3.008849699789e-01 3.008849699789e-01 3.008849699789e-01 3.008849699789e-01 3.008849699789e-01 3.008849699789e-01 3.008849699789e-01 3.008849699789e-01 3.008849699789e-01 3.008849699789e-01 3.008849699789e-01 3.008849699789e-01 3.008849699789e-01 3.008849699789e-01 3.008849699789e-01 3.008849699789e-01 3.008849699789e-01 3.008849699789e-01 3.008849699789e-01 3.008849699789e-01 3.008849699789e-01 3.008849699789e-01 3.008849699789e-01 3.008849699789e-01
3.009574464889e-01 3.009574464889e-01 3.009574464889e-01 3.009574464889e-01 3.009574464889e-01 3.009574464889e-01 3.009574464889e-01 3.009574464889e-01 3.009574464889e-01 3.009574464889e-01 3.009574464889e-01 3.009574464889e-01 3.009574464889e-01 3.009574464889e-01 3.009574464889e-01 3.009574464889e-01 3.009574464889e-01 3.009574464889e-01 3.009574464889e-01 3.009574464889e-01 3.009574464889e-01 3.009574464889e-01 3.009574464889e-01 3.009574464889e-01 3.009574464889e-01 3.009574464889e-01 3.009574464889e-01 3.009574464889e-01 3.009574464889e-01 3.009574464889e-01 3.009574464889e-01 3.009574464889e-01 3.009574464889e-01 3.009574464889e-01 3.009574464889e-01 3.009574464889e-01 3.009574464889e-01 3.009574464889e-01 3.009574464889e-01 3.009574464889e-01 3.009574464889e-01 3.009574464889e-01 3.009574464889e-01 3.009574464889e-01 3.009574464889e-01 3.009574464889e-01 3.009574464889e-01 3.009574464889e-01 3.009574464889e-01 3.009574464889e-01 3.009574464889e-01 3.009574464889e-01 3.009574464889e-01 3.009574464889e-01 3.009574464889e-01 3.009574464889e-01 3.009574464889e-01 3.009574464889e-01 3.009574464889e-01 3.009574464889e-01 3.009574464889e-01 3.009574464889e-01 3.009574464889e-01 3.009574464889e-01 3.009574464889e-01 3.009574464889e-01 3.009574464889e-01 3.009574464889e-01 3.009574464889e-01 3.009574464889e-01 3.009574464889e-01 3.009574464889e-01 3.009574464889e-01 3.009574464889e-01 3.009574464889e-01 3.009574464889e-01 3.009574464889e-01 3.009574464889e-01 3.009574464889e-01 3.009574464889e-01 3.009574464889e-01 3.009574464889e-01 3.009574464889e-01 3.009574464889e-01 3.009574464889e-01 3.009574464889e-01 3.009574464889e-01 3.009574464889e-01 3.009574464889e-01 3.009574464889e-01 3.009574464889e-01 3.009574464889e-01 3.009574464889e-01 3.009574464889e-01 3.009574464889e-01 3.009574464889e-01 3.009574464889e-01 3.009574464889e-01 3.009574464889e-01 3.009574464889e-01 3.009574464889e-01 3.009574464889e-01 3.009574464889e-01 3.009574464889e-01
3.009874846805e-01 3.009874846805e-01 3.009874846805e-01 3.009874846805e-01 3.009874846805e-01 3.009874846805e-01 3.009874846805e-01 3.009874846805e-01 3.009874846805e-01 3.009874846805e-01 3.009874846805e-01 3.009874846805e-01 3.009874846805e-01 3.009874846805e-01 3.009874846805e-01 3.009874846805e-01 3.009874846805e-01 3.009874846805e-01 3.009874846805e-01 3.009874846805e-01 3.009874846805e-01 3.009874846805e-01 3.009874846805e-01 3.009874846805e-01 3.009874846805e-01 3.009874846805e-01 3.009874846805e-01 3.009874846805e-01 3.009874846805e-01 3.009874846805e-01 3.009874846805e-01 3.009874846805e-01 3.009874846805e-01 3.009874846805e-01 3.009874846805e-01 3.009874846805e-01 3.009874846805e-01 3.009874846805e-01 3.009874846805e-01 3.009874846805e-01 3.009874846805e-01 3.009874846805e-01 3.009874846805e-01 3.009874846805e-01 3.009874846805e-01 3.009874846805e-01 3.009874846805e-01 3.009874846805e-01 3.009874846805e-01 3.009874846805e-01 3.009874846805e-01 3.009874846805e-01 3.009874846805e-01 3.009874846805e-01 3.009874846805e-01 3.009874846805e-01 3.009874846805e-01 3.009874846805e-01 3.009874846805e-01 3.009874846805e-01 3.009874846805e-01 3.009874846805e-01 3.009874846805e-01 3.009874846805e-01 3.009874846805e-01 3.009874846805e-01 3.009874846805e-01 3.009874846805e-01 3.009874846805e-01 3.009874846805e-01 3.009874846805e-01 3.009874846805e-01 3.009874846805e-01 3.009874846805e-01 3.009874846805e-01 3.009874846805e-01 3.009874846805e-01 3.009874846805e-01 3.009874846805e-01 3.009874846805e-01 3.009874846805e-01 3.009874846805e-01 3.009874846805e-01 3.009874846805e-01 3.009874846805e-01 3.009874846805e-01 3.009874846805e-01 3.009874846805e-01 3.009874846805e-01 3.009874846805e-01 3.009874846805e-01 3.009874846805e-01 3.009874846805e-01 3.009874846805e-01 3.009874846805e-01 3.009874846805e-01 3.009874846805e-01 3.009874846805e-01 3.009874846805e-01 3.009874846805e-01 3.009874846805e-01 3.009874846805e-01 3.009874846805e-01 3.009874846805e-01
3.010196105062e-01 3.010196105062e-01 3.010196105062e-01 3.010196105062e-01 3.010196105062e-01 3.010196105062e-01 3.010196105062e-01 3.010196105062e-01 3.010196105062e-01 3.010196105062e-01 3.010196105062e-01 3.010196105062e-01 3.010196105062e-01 3.010196105062e-01 3.010196105062e-01 3.010196105062e-01 3.010196105062e-01 3.010196105062e-01 3.010196105062e-01 3.010196105062e-01 3.010196105062e-01 3.010196105062e-01 3.010196105062e-01 3.010196105062e-01 3.010196105062e-01 3.010196105062e-01 3.010196105062e-01 3.010196105062e-01 3.010196105062e-01 3.010196105062e-01 3.010196105062e-01 3.010196105062e-01 3.010196105062e-01 3.010196105062e-01 3.010196105062e-01 3.010196105062e-01 3.010196105062e-01 3.010196105062e-01 3.010196105062e-01 3.010196105062e-01 3.010196105062e-01 3.010196105062e-01 3.010196105062e-01 3.010196105062e-01 3.010196105062e-01 3.010196105062e-01 3.010196105062e-01 3.010196105062e-01 3.010196105062e-01 3.010196105062e-01 3.010196105062e-01 3.010196105062e-01 3.010196105062e-01 3.010196105062e-01 3.010196105062e-01 3.010196105062e-01 3.010196105062e-01 3.010196105062e-01 3.010196105062e-01 3.010196105062e-01 3.010196105062e-01 3.010196105062e-01 3.010196105062e-01 3.010196105062e-01 3.010196105062e-01 3.010196105062e-01 3.010196105062e-01 3.010196105062e-01 3.010196105062e-01 3.010196105062e-01 3.010196105062e-01 3.010196105062e-01 3.010196105062e-01 3.010196105062e-01 3.010196105062e-01 3.010196105062e-01 3.010196105062e-01 3.010196105062e-01 3.010196105062e-01 3.010196105062e-01 3.010196105062e-01 3.010196105062e-01 3.010196105062e-01 3.010196105062e-01 3.010196105062e-01 3.010196105062e-01 3.010196105062e-01 3.010196105062e-01 3.010196105062e-01 3.010196105062e-01 3.010196105062e-01 3.010196105062e-01 3.010196105062e-01 3.010196105062e-01 3.010196105062e-01 3.010196105062e-01 3.010196105062e-01 3.010196105062e-01 3.010196105062e-01 3.010196105062e-01 3.010196105062e-01 3.010196105062e-01 3.010196105062e-01 3.010196105062e-01
3.010249294898e-01 3.010249294898e-01 3.010249294898e-01 3.010249294898e-01 3.010249294898e-01 3.010249294898e-01 3.010249294898e-01 3.010249294898e-01 3.010249294898e-01 3.010249294898e-01 3.010249294898e-01 3.010249294898e-01 3.010249294898e-01 3.010249294898e-01 3.010249294898e-01 3.010249294898e-01 3.010249294898e-01 3.010249294898e-01 3.010249294898e-01 3.010249294898e-01 3.010249294898e-01 3.010249294898e-01 3.010249294898e-01 3.010249294898e-01 3.010249294898e-01 3.010249294898e-01 3.010249294898e-01 3.010249294898e-01 3.010249294898e-01 3.010249294898e-01 3.010249294898e-01 3.010249294898e-01 3.010249294898e-01 3.010249294898e-01 3.010249294898e-01 3.010249294898e-01 3.010249294898e-01 3.010249294898e-01 3.010249294898e-01 3.010249294898e-01 3.010249294898e-01 3.010249294898e-01 3.010249294898e-01 3.010249294898e-01 3.010249294898e-01 3.010249294898e-01 3.010249294898e-01 3.010249294898e-01 3.010249294898e-01 3.010249294898e-01 3.010249294898e-01 3.010249294898e-01 3.010249294898e-01 3.010249294898e-01 3.010249294898e-01 3.010249294898e-01 3.010249294898e-01 3.010249294898e-01 3.010249294898e-01 3.010249294898e-01 3.010249294898e-01 3.010249294898e-01 3.010249294898e-01 3.010249294898e-01 3.010249294898e-01 3.010249294898e-01 3.010249294898e-01 3.010249294898e-01 3.010249294898e-01 3.010249294898e-01 3.010249294898e-01 3.010249294898e-01 3.010249294898e-01 3.010249294898e-01 3.010249294898e-01 3.010249294898e-01 3.010249294898e-01 3.010249294898e-01 3.010249294898e-01 3.010249294898e-01 3.010249294898e-01 3.010249294898e-01 3.010249294898e-01 3.010249294898e-01 3.010249294898e-01 3.010249294898e-01 3.010249294898e-01 3.010249294898e-01 3.010249294898e-01 3.010249294898e-01 3.010249294898e-01 3.010249294898e-01 3.010249294898e-01 3.010249294898e-01 3.010249294898e-01 3.010249294898e-01 3.010249294898e-01 3.010249294898e-01 3.010249294898e-01 3.010249294898e-01 3.010249294898e-01 3.010249294898e-01 3.010249294898e-01 3.010249294898e-01
3.010423670624e-01 3.010423670624e-01 3.010423670624e-01 3.010423670624e-01 3.010423670624e-01 3.010423670624e-01 3.010423670624e-01 3.010423670624e-01 3.010423670624e-01 3.010423670624e-01 3.010423670624e-01 3.010423670624e-01 3.010423670624e-01 3.010423670624e-01 3.010423670624e-01 3.010423670624e-01 3.010423670624e-01 3.010423670624e-01 3.010423670624e-01 3.010423670624e-01 3.010423670624e-01 3.010423670624e-01 3.010423670624e-01 3.010423670624e-01 3.010423670624e-01 3.010423670624e-01 3.010423670624e-01 3.010423670624e-01 3.010423670624e-01 3.010423670624e-01 3.010423670624e-01 3.010423670624e-01 3.010423670624e-01 3.010423670624e-01 3.010423670624e-01 3.010423670624e-01 3.010423670624e-01 3.010423670624e-01 3.010423670624e-01 3.010423670624e-01 3.010423670624e-01 3.010423670624e-01 3.010423670624e-01 3.010423670624e-01 3.010423670624e-01 3.010423670624e-01 3.010423670624e-01 3.010423670624e-01 3.010423670624e-01 3.010423670624e-01 3.010423670624e-01 3.010423670624e-01 3.010423670624e-01 3.010423670624e-01 3.010423670624e-01 3.010423670624e-01 3.010423670624e-01 3.010423670624e-01 3.010423670624e-01 3.010423670624e-01 3.010423670624e-01 3.010423670624e-01 3.010423670624e-01 3.010423670624e-01 3.010423670624e-01 3.010423670624e-01 3.010423670624e-01 3.010423670624e-01 3.010423670624e-01 3.010423670624e-01 3.010423670624e-01 3.010423670624e-01 3.010423670624e-01 3.010423670624e-01 3.010423670624e-01 3.010423670624e-01 3.010423670624e-01 3.010423670624e-01 3.010423670624e-01 3.010423670624e-01 3.010423670624e-01 3.010423670624e-01 3.010423670624e-01 3.010423670624e-01 3.010423670624e-01 3.010423670624e-01 3.010423670624e-01 3.010423670624e-01 3.010423670624e-01 3.010423670624e-01 3.010423670624e-01 3.010423670624e-01 3.010423670624e-01 3.010423670624e-01 3.010423670624e-01 3.010423670624e-01 3.010423670624e-01 3.010423670624e-01 3.010423670624e-01 3.010423670624e-01 3.010423670624e-01 3.010423670624e-01 3.010423670624e-01 3.010423670624e-01
3.010385705060e-01 3.010385705060e-01 3.010385705060e-01 3.010385705060e-01 3.010385705060e-01 3.010385705060e-01 3.010385705060e-01 3.010385705060e-01 3.010385705060e-01 3.010385705060e-01 3.010385705060e-01 3.010385705060e-01 3.010385705060e-01 3.010385705060e-01 3.010385705060e-01 3.010385705060e-01 3.010385705060e-01 3.010385705060e-01 3.010385705060e-01 3.010385705060e-01 3.010385705060e-01 3.010385705060e-01 3.010385705060e-01 3.010385705060e-01 3.010385705060e-01 3.010385705060e-01 3.010385705060e-01 3.010385705060e-01 3.010385705060e-01 3.010385705060e-01 3.010385705060e-01 3.010385705060e-01 3.010385705060e-01 3.010385705060e-01 3.010385705060e-01 3.010385705060e-01 3.010385705060e-01 3.010385705060e-01 3.010385705060e-01 3.010385705060e-01 3.010385705060e-01 3.010385705060e-01 3.010385705060e-01 3.010385705060e-01 3.010385705060e-01 3.010385705060e-01 3.010385705060e-01 3.010385705060e-01 3.010385705060e-01 3.010385705060e-01 3.010385705060e-01 3.010385705060e-01 3.010385705060e-01 3.010385705060e-01 3.010385705060e-01 3.010385705060e-01 3.010385705060e-01 3.010385705060e-01 3.010385705060e-01 3.010385705060e-01 3.010385705060e-01 3.010385705060e-01 3.010385705060e-01 3.010385705060e-01 3.010385705060e-01 3.010385705060e-01 3.010385705060e-01 3.010385705060e-01 3.010385705060e-01 3.010385705060e-01 3.010385705060e-01 3.010385705060e-01 3.010385705060e-01 3.010385705060e-01 3.010385705060e-01 3.010385705060e-01 3.010385705060e-01 3.010385705060e-01 3.010385705060e-01 3.010385705060e-01 3.010385705060e-01 3.010385705060e-01 3.010385705060e-01 3.010385705060e-01 3.010385705060e-01 3.010385705060e-01 3.010385705060e-01 3.010385705060e-01 3.010385705060e-01 3.010385705060e-01 3.010385705060e-01 3.010385705060e-01 3.010385705060e-01 3.010385705060e-01 3.010385705060e-01 3.010385705060e-01 3.010385705060e-01 3.010385705060e-01 3.010385705060e-01 3.010385705060e-01 3.010385705060e-01 3.010385705060e-01 3.010385705060e-01 3.010385705060e-01
3.010505174313e-01 3.010505174313e-01 3.010505174313e-01 3.010505174313e-01 3.010505174313e-01 3.010505174313e-01 3.010505174313e-01 3.010505174313e-01 3.010505174313e-01 3.010505174313e-01 3.010505174313e-01 3.010505174313e-01 3.010505174313e-01 3.010505174313e-01 3.010505174313e-01 3.010505174313e-01 3.010505174313e-01 3.010505174313e-01 3.010505174313e-01 3.010505174313e-01 3.010505174313e-01 3.010505174313e-01 3.010505174313e-01 3.010505174313e-01 3.010505174313e-01 3.010505174313e-01 3.010505174313e-01 3.010505174313e-01 3.010505174313e-01 3.010505174313e-01 3.010505174313e-01 3.010505174313e-01 3.010505174313e-01 3.010505174313e-01 3.010505174313e-01 3.010505174313e-01 3.010505174313e-01 3.010505174313e-01 3.010505174313e-01 3.010505174313e-01 3.010505174313e-01 3.010505174313e-01 3.010505174313e-01 3.010505174313e-01 3.010505174313e-01 3.010505174313e-01 3.010505174313e-01 3.010505174313e-01 3.010505174313e-01 3.010505174313e-01 3.010505174313e-01 3.010505174313e-01 3.010505174313e-01 3.010505174313e-01 3.010505174313e-01 3.010505174313e-01 3.010505174313e-01 3.010505174313e-01 3.010505174313e-01 3.010505174313e-01 3.010505174313e-01 3.010505174313e-01 3.010505174313e-01 3.010505174313e-01 3.010505174313e-01 3.010505174313e-01 3.010505174313e-01 3.010505174313e-01 3.010505174313e-01 3.010505174313e-01 3.010505174313e-01 3.010505174313e-01 3.010505174313e-01 3.010505174313e-01 3.010505174313e-01 3.010505174313e-01 3.010505174313e-01 3.010505174313e-01 3.010505174313e-01 3.010505174313e-01 3.010505174313e-01 3.010505174313e-01 3.010505174313e-01 3.010505174313e-01 3.010505174313e-01 3.010505174313e-01 3.010505174313e-01 3.010505174313e-01 3.010505174313e-01 3.010505174313e-01 3.010505174313e-01 3.010505174313e-01 3.010505174313e-01 3.010505174313e-01 3.010505174313e-01 3.010505174313e-01 3.010505174313e-01 3.010505174313e-01 3.010505174313e-01 3.010505174313e-01 3.010505174313e-01 3.010505174313e-01 3.010505174313e-01 3.010505174313e-01
3.010438050935e-01 3.010438050935e-01 3.010438050935e-01 3.010438050935e-01 3.010438050935e-01 3.010438050935e-01 3.010438050935e-01 3.010438050935e-01 3.010438050935e-01 3.010438050935e-01 3.010438050935e-01 3.010438050935e-01 3.010438050935e-01 3.010438050935e-01 3.010438050935e-01 3.010438050935e-01 3.010438050935e-01 3.010438050935e-01 3.010438050935e-01 3.010438050935e-01 3.010438050935e-01 3.010438050935e-01 3.010438050935e-01 3.010438050935e-01 3.010438050935e-01 3.010438050935e-01 3.010438050935e-01 3.010438050935e-01 3.010438050935e-01 3.010438050935e-01 3.010438050935e-01 3.010438050935e-01 3.010438050935e-01 3.010438050935e-01 3.010438050935e-01 3.010438050935e-01 3.010438050935e-01 3.010438050935e-01 3.010438050935e-01 3.010438050935e-01 3.010438050935e-01 3.010438050935e-01 3.010438050935e-01 3.010438050935e-01 3.010438050935e-01 3.010438050935e-01 3.010438050935e-01 3.010438050935e-01 3.010438050935e-01 3.010438050935e-01 3.010438050935e-01 3.010438050935e-01 3.010438050935e-01 3.010438050935e-01 3.010438050935e-01 3.010438050935e-01 3.010438050935e-01 3.010438050935e-01 3.010438050935e-01 3.010438050935e-01 3.010438050935e-01 3.010438050935e-01 3.010438050935e-01 3.010438050935e-01 3.010438050935e-01 3.010438050935e-01 3.010438050935e-01 3.010438050935e-01 3.010438050935e-01 3.010438050935e-01 3.010438050935e-01 3.010438050935e-01 3.010438050935e-01 3.010438050935e-01 3.010438050935e-01 3.010438050935e-01 3.010438050935e-01 3.010438050935e-01 3.010438050935e-01 3.010438050935e-01 3.010438050935e-01 3.010438050935e-01 3.010438050935e-01 3.010438050935e-01 3.010438050935e-01 3.010438050935e-01 3.010438050935e-01 3.010438050935e-01 3.010438050935e-01 3.010438050935e-01 3.010438050935e-01 3.010438050935e-01 3.010438050935e-01 3.010438050935e-01 3.010438050935e-01 3.010438050935e-01 3.010438050935e-01 3.010438050935e-01 3.010438050935e-01 3.010438050935e-01 3.010438050935e-01 3.010438050935e-01 3.010438050935e-01 3.010438050935e-01
3.010527093631e-01 3.010527093631e-01 3.010527093631e-01 3.010527093631e-01 3.010527093631e-01 3.010527093631e-01 3.010527093631e-01 3.010527093631e-01 3.010527093631e-01 3.010527093631e-01 3.010527093631e-01 3.010527093631e-01 3.010527093631e-01 3.010527093631e-01 3.010527093631e-01 3.010527093631e-01 3.010527093631e-01 3.010527093631e-01 3.010527093631e-01 3.010527093631e-01 3.010527093631e-01 3.010527093631e-01 3.010527093631e-01 3.010527093631e-01 3.010527093631e-01 3.010527093631e-01 3.010527093631e-01 3.010527093631e-01 3.010527093631e-01 3.010527093631e-01 3.010527093631e-01 3.010527093631e-01 3.010527093631e-01 3.010527093631e-01 3.010527093631e-01 3.010527093631e-01 3.010527093631e-01 3.010527093631e-01 3.010527093631e-01 3.010527093631e-01 3.010527093631e-01 3.010527093631e-01 3.010527093631e-01 3.010527093631e-01 3.010527093631e-01 3.010527093631e-01 3.010527093631e-01 3.010527093631e-01 3.010527093631e-01 3.010527093631e-01 3.010527093631e-01 3.010527093631e-01 3.010527093631e-01 3.010527093631e-01 3.010527093631e-01 3.010527093631e-01 3.010527093631e-01 3.010527093631e-01 3.010527093631e-01 3.010527093631e-01 3.010527093631e-01 3.010527093631e-01 3.010527093631e-01 3.010527093631e-01 3.010527093631e-01 3.010527093631e-01 3.010527093631e-01 3.010527093631e-01 3.010527093631e-01 3.010527093631e-01 3.010527093631e-01 3.010527093631e-01 3.010527093631e-01 3.010527093631e-01 3.010527093631e-01 3.010527093631e-01 3.010527093631e-01 3.010527093631e-01 3.010527093631e-01 3.010527093631e-01 3.010527093631e-01 3.010527093631e-01 3.010527093631e-01 3.010527093631e-01 3.010527093631e-01 3.010527093631e-01 3.010527093631e-01 3.010527093631e-01 3.010527093631e-01 3.010527093631e-01 3.010527093631e-01 3.010527093631e-01 3.010527093631e-01 3.010527093631e-01 3.010527093631e-01 3.010527093631e-01 3.010527093631e-01 3.010527093631e-01 3.010527093631e-01 3.010527093631e-01 3.010527093631e-01 3.010527093631e-01 3.010527093631e-01 3.010527093631e-01
3.010471549921e-01 3.010471549921e-01 3.010471549921e-01 3.010471549921e-01 3.010471549921e-01 3.010471549921e-01 3.010471549921e-01 3.010471549921e-01 3.010471549921e-01 3.010471549921e-01 3.010471549921e-01 3.010471549921e-01 3.010471549921e-01 3.010471549921e-01 3.010471549921e-01 3.010471549921e-01 3.010471549921e-01 3.010471549921e-01 3.010471549921e-01 3.010471549921e-01 3.010471549921e-01 3.010471549921e-01 3.010471549921e-01 3.010471549921e-01 3.010471549921e-01 3.010471549921e-01 3.010471549921e-01 3.010471549921e-01 3.010471549921e-01 3.010471549921e-01 3.010471549921e-01 3.010471549921e-01 3.010471549921e-01 3.010471549921e-01 3.010471549921e-01 3.010471549921e-01 3.010471549921e-01 3.010471549921e-01 3.010471549921e-01 3.010471549921e-01 3.010471549921e-01 3.010471549921e-01 3.010471549921e-01 3.010471549921e-01 3.010471549921e-01 3.010471549921e-01 3.010471549921e-01 3.010471549921e-01 3.010471549921e-01 3.010471549921e-01 3.010471549921e-01 3.010471549921e-01 3.010471549921e-01 3.010471549921e-01 3.010471549921e-01 3.010471549921e-01 3.010471549921e-01 3.010471549921e-01 3.010471549921e-01 3.010471549921e-01 3.010471549921e-01 3.010471549921e-01 3.010471549921e-01 3.010471549921e-01 3.010471549921e-01 3.010471549921e-01 3.010471549921e-01 3.010471549921e-01 3.010471549921e-01 3.010471549921e-01 3.010471549921e-01 3.010471549921e-01 3.010471549921e-01 3.010471549921e-01 3.010471549921e-01 3.010471549921e-01 3.010471549921e-01 3.010471549921e-01 3.010471549921e-01 3.010471549921e-01 3.010471549921e-01 3.010471549921e-01 3.010471549921e-01 3.010471549921e-01 3.010471549921e-01 3.010471549921e-01 3.010471549921e-01 3.010471549921e-01 3.010471549921e-01 3.010471549921e-01 3.010471549921e-01 3.010471549921e-01 3.010471549921e-01 3.010471549921e-01 3.010471549921e-01 3.010471549921e-01 3.010471549921e-01 3.010471549921e-01 3.010471549921e-01 3.010471549921e-01 3.010471549921e-01 3.010471549921e-01 3.010471549921e-01 3.010471549921e-01
3.010504756765e-01 3.010504756765e-01 3.010504756765e-01 3.010504756765e-01 3.010504756765e-01 3.010504756765e-01 3.010504756765e-01 3.010504756765e-01 3.010504756765e-01 3.010504756765e-01 3.010504756765e-01 3.010504756765e-01 3.010504756765e-01 3.010504756765e-01 3.010504756765e-01 3.010504756765e-01 3.010504756765e-01 3.010504756765e-01 3.010504756765e-01 3.010504756765e-01 3.010504756765e-01 3.010504756765e-01 3.010504756765e-01 3.010504756765e-01 3.010504756765e-01 3.010504756765e-01 3.010504756765e-01 3.010504756765e-01 3.010504756765e-01 3.010504756765e-01 3.010504756765e-01 3.010504756765e-01 3.010504756765e-01 3.010504756765e-01 3.010504756765e-01 3.010504756765e-01 3.010504756765e-01 3.010504756765e-01 3.010504756765e-01 3.010504756765e-01 3.010504756765e-01 3.010504756765e-01 3.010504756765e-01 3.010504756765e-01 3.010504756765e-01 3.010504756765e-01 3.010504756765e-01 3.010504756765e-01 3.010504756765e-01 3.010504756765e-01 3.010504756765e-01 3.010504756765e-01 3.010504756765e-01 3.010504756765e-01 3.010504756765e-01 3.010504756765e-01 3.010504756765e-01 3.010504756765e-01 3.010504756765e-01 3.010504756765e-01 3.010504756765e-01 3.010504756765e-01 3.010504756765e-01 3.010504756765e-01 3.010504756765e-01 3.010504756765e-01 3.010504756765e-01 3.010504756765e-01 3.010504756765e-01 3.010504756765e-01 3.010504756765e-01 3.010504756765e-01 3.010504756765e-01 3.010504756765e-01 3.010504756765e-01 3.010504756765e-01 3.010504756765e-01 3.010504756765e-01 3.010504756765e-01 3.010504756765e-01 3.010504756765e-01 3.010504756765e-01 3.010504756765e-01 3.010504756765e-01 3.010504756765e-01 3.010504756765e-01 3.010504756765e-01 3.010504756765e-01 3.010504756765e-01 3.010504756765e-01 3.010504756765e-01 3.010504756765e-01 3.010504756765e-01 3.010504756765e-01 3.010504756765e-01 3.010504756765e-01 3.010504756765e-01 3.010504756765e-01 3.010504756765e-01 3.010504756765e-01 3.010504756765e-01 3.010504756765e-01 3.010504756765e-01 3.010504756765e-01
3.010516060092e-01 3.010516060092e-01 3.010516060092e-01 3.010516060092e-01 3.010516060092e-01 3.010516060092e-01 3.010516060092e-01 3.010516060092e-01 3.010516060092e-01 3.010516060092e-01 3.010516060092e-01 3.010516060092e-01 3.010516060092e-01 3.010516060092e-01 3.010516060092e-01 3.010516060092e-01 3.010516060092e-01 3.010516060092e-01 3.010516060092e-01 3.010516060092e-01 3.010516060092e-01 3.010516060092e-01 3.010516060092e-01 3.010516060092e-01 3.010516060092e-01 3.010516060092e-01 3.010516060092e-01 3.010516060092e-01 3.010516060092e-01 3.010516060092e-01 3.010516060092e-01 3.010516060092e-01 3.010516060092e-01 3.010516060092e-01 3.010516060092e-01 3.010516060092e-01 3.010516060092e-01 3.010516060092e-01 3.010516060092e-01 3.010516060092e-01 3.010516060092e-01 3.010516060092e-01 3.010516060092e-01 3.010516060092e-01 3.010516060092e-01 3.010516060092e-01 3.010516060092e-01 3.010516060092e-01 3.010516060092e-01 3.010516060092e-01 3.010516060092e-01 3.010516060092e-01 3.010516060092e-01 3.010516060092e-01 3.010516060092e-01 3.010516060092e-01 3.010516060092e-01 3.010516060092e-01 3.010516060092e-01 3.010516060092e-01 3.010516060092e-01 3.010516060092e-01 3.010516060092e-01 3.010516060092e-01 3.010516060092e-01 3.010516060092e-01 3.010516060092e-01 3.010516060092e-01 3.010516060092e-01 3.010516060092e-01 3.010516060092e-01 3.010516060092e-01 3.010516060092e-01 3.010516060092e-01 3.010516060092e-01 3.010516060092e-01 3.010516060092e-01 3.010516060092e-01 3.010516060092e-01 3.010516060092e-01 3.010516060092e-01 3.010516060092e-01 3.010516060092e-01 3.010516060092e-01 3.010516060092e-01 3.010516060092e-01 3.010516060092e-01 3.010516060092e-01 3.010516060092e-01 3.010516060092e-01 3.010516060092e-01 3.010516060092e-01 3.010516060092e-01 3.010516060092e-01 3.010516060092e-01 3.010516060092e-01 3.010516060092e-01 3.010516060092e-01 3.010516060092e-01 3.010516060092e-01 3.010516060092e-01 3.010516060092e-01 3.010516060092e-01 3.010516060092e-01
3.010464252934e-01 3.010464252934e-01 3.010464252934e-01 3.010464252934e-01 3.010464252934e-01 3.010464252934e-01 3.010464252934e-01 3.010464252934e-01 3.010464252934e-01 3.010464252934e-01 3.010464252934e-01 3.010464252934e-01 3.010464252934e-01 3.010464252934e-01 3.010464252934e-01 3.010464252934e-01 3.010464252934e-01 3.010464252934e-01 3.010464252934e-01 3.010464252934e-01 3.010464252934e-01 3.010464252934e-01 3.010464252934e-01 3.010464252934e-01 3.010464252934e-01 3.010464252934e-01 3.010464252934e-01 3.010464252934e-01 3.010464252934e-01 3.010464252934e-01 3.010464252934e-01 3.010464252934e-01 3.010464252934e-01 3.010464252934e-01 3.010464252934e-01 3.010464252934e-01 3.010464252934e-01 3.010464252934e-01 3.010464252934e-01 3.010464252934e-01 3.010464252934e-01 3.010464252934e-01 3.010464252934e-01 3.010464252934e-01 3.010464252934e-01 3.010464252934e-01 3.010464252934e-01 3.010464252934e-01 3.010464252934e-01 3.010464252934e-01 3.010464252934e-01 3.010464252934e-01 3.010464252934e-01 3.010464252934e-01 3.010464252934e-01 3.010464252934e-01 3.010464252934e-01 3.010464252934e-01 3.010464252934e-01 3.010464252934e-01 3.010464252934e-01 3.010464252934e-01 3.010464252934e-01 3.010464252934e-01 3.010464252934e-01 3.010464252934e-01 3.010464252934e-01 3.010464252934e-01 3.010464252934e-01 3.010464252934e-01 3.010464252934e-01 3.010464252934e-01 3.010464252934e-01 3.010464252934e-01 3.010464252934e-01 3.010464252934e-01 3.010464252934e-01 3.010464252934e-01 3.010464252934e-01 3.010464252934e-01 3.010464252934e-01 3.010464252934e-01 3.010464252934e-01 3.010464252934e-01 3.010464252934e-01 3.010464252934e-01 3.010464252934e-01 3.010464252934e-01 3.010464252934e-01 3.010464252934e-01 3.010464252934e-01 3.010464252934e-01 3.010464252934e-01 3.010464252934e-01 3.010464252934e-01 3.010464252934e-01 3.010464252934e-01 3.010464252934e-01 3.010464252934e-01 3.010464252934e-01 3.010464252934e-01 3.010464252934e-01 3.010464252934e-01 3.010464252934e-01
3.010550388511e-01 3.010550388511e-01 3.010550388511e-01 3.010550388511e-01 3.010550388511e-01 3.010550388511e-01 3.010550388511e-01 3.010550388511e-01 3.010550388511e-01 3.010550388511e-01 3.010550388511e-01 3.010550388511e-01 3.010550388511e-01 3.010550388511e-01 3.010550388511e-01 3.010550388511e-01 3.010550388511e-01 3.010550388511e-01 3.010550388511e-01 3.010550388511e-01 3.010550388511e-01 3.010550388511e-01 3.010550388511e-01 3.010550388511e-01 3.010550388511e-01 3.010550388511e-01 3.010550388511e-01 3.010550388511e-01 3.010550388511e-01 3.010550388511e-01 3.010550388511e-01 3.010550388511e-01 3.010550388511e-01 3.010550388511e-01 3.010550388511e-01 3.010550388511e-01 3.010550388511e-01 3.010550388511e-01 3.010550388511e-01 3.010550388511e-01 3.010550388511e-01 3.010550388511e-01 3.010550388511e-01 3.010550388511e-01 3.010550388511e-01 3.010550388511e-01 3.010550388511e-01 3.010550388511e-01 3.010550388511e-01 3.010550388511e-01 3.010550388511e-01 3.010550388511e-01 3.010550388511e-01 3.010550388511e-01 3.010550388511e-01 3.010550388511e-01 3.010550388511e-01 3.010550388511e-01 3.010550388511e-01 3.010550388511e-01 3.010550388511e-01 3.010550388511e-01 3.010550388511e-01 3.010550388511e-01 3.010550388511e-01 3.010550388511e-01 3.010550388511e-01 3.010550388511e-01 3.010550388511e-01 3.010550388511e-01 3.010550388511e-01 3.010550388511e-01 3.010550388511e-01 3.010550388511e-01 3.010550388511e-01 3.010550388511e-01 3.010550388511e-01 3.010550388511e-01 3.010550388511e-01 3.010550388511e-01 3.010550388511e-01 3.010550388511e-01 3.010550388511e-01 3.010550388511e-01 3.010550388511e-01 3.010550388511e-01 3.010550388511e-01 3.010550388511e-01 3.010550388511e-01 3.010550388511e-01 3.010550388511e-01 3.010550388511e-01 3.010550388511e-01 3.010550388511e-01 3.010550388511e-01 3.010550388511e-01 3.010550388511e-01 3.010550388511e-01 3.010550388511e-01 3.010550388511e-01 3.010550388511e-01 3.010550388511e-01 3.010550388511e-01 3.010550388511e-01
3.010461434701e-01 3.010461434701e-01 3.010461434701e-01 3.010461434701e-01 3.010461434701e-01 3.010461434701e-01 3.010461434701e-01 3.010461434701e-01 3.010461434701e-01 3.010461434701e-01 3.010461434701e-01 3.010461434701e-01 3.010461434701e-01 3.010461434701e-01 3.010461434701e-01 3.010461434701e-01 3.010461434701e-01 3.010461434701e-01 3.010461434701e-01 3.010461434701e-01 3.010461434701e-01 3.010461434701e-01 3.010461434701e-01 3.010461434701e-01 3.010461434701e-01 3.010461434701e-01 3.010461434701e-01 3.010461434701e-01 3.010461434701e-01 3.010461434701e-01 3.010461434701e-01 3.010461434701e-01 3.010461434701e-01 3.010461434701e-01 3.010461434701e-01 3.010461434701e-01 3.010461434701e-01 3.010461434701e-01 3.010461434701e-01 3.010461434701e-01 3.010461434701e-01 3.010461434701e-01 3.010461434701e-01 3.010461434701e-01 3.010461434701e-01 3.010461434701e-01 3.010461434701e-01 3.010461434701e-01 3.010461434701e-01 3.010461434701e-01 3.010461434701e-01 3.010461434701e-01 3.010461434701e-01 3.010461434701e-01 3.010461434701e-01 3.010461434701e-01 3.010461434701e-01 3.010461434701e-01 3.010461434701e-01 3.010461434701e-01 3.010461434701e-01 3.010461434701e-01 3.010461434701e-01 3.010461434701e-01 3.010461434701e-01 3.010461434701e-01 3.010461434701e-01 3.010461434701e-01 3.010461434701e-01 3.010461434701e-01 3.010461434701e-01 3.010461434701e-01 3.010461434701e-01 3.010461434701e-01 3.010461434701e-01 3.010461434701e-01 3.010461434701e-01 3.010461434701e-01 3.010461434701e-01 3.010461434701e-01 3.010461434701e-01 3.010461434701e-01 3.010461434701e-01 3.010461434701e-01 3.010461434701e-01 3.010461434701e-01 3.010461434701e-01 3.010461434701e-01 3.010461434701e-01 3.010461434701e-01 3.010461434701e-01 3.010461434701e-01 3.010461434701e-01 3.010461434701e-01 3.010461434701e-01 3.010461434701e-01 3.010461434701e-01 3.010461434701e-01 3.010461434701e-01 3.010461434701e-01 3.010461434701e-01 3.010461434701e-01 3.010461434701e-01 3.010461434701e-01
3.010549029784e-01 3.010549029784e-01 3.010549029784e-01 3.010549029784e-01 3.010549029784e-01 3.010549029784e-01 3.010549029784e-01 3.010549029784e-01 3.010549029784e-01 3.010549029784e-01 3.010549029784e-01 3.010549029784e-01 3.010549029784e-01 3.010549029784e-01 3.010549029784e-01 3.010549029784e-01 3.010549029784e-01 3.010549029784e-01 3.010549029784e-01 3.010549029784e-01 3.010549029784e-01 3.010549029784e-01 3.010549029784e-01 3.010549029784e-01 3.010549029784e-01 3.010549029784e-01 3.010549029784e-01 3.010549029784e-01 3.010549029784e-01 3.010549029784e-01 3.010549029784e-01 3.010549029784e-01 3.010549029784e-01 3.010549029784e-01 3.010549029784e-01 3.010549029784e-01 3.010549029784e-01 3.010549029784e-01 3.010549029784e-01 3.010549029784e-01 3.010549029784e-01 3.010549029784e-01 3.010549029784e-01 3.010549029784e-01 3.010549029784e-01 3.010549029784e-01 3.010549029784e-01 3.010549029784e-01 3.010549029784e-01 3.010549029784e-01 3.010549029784e-01 3.010549029784e-01 3.010549029784e-01 3.010549029784e-01 3.010549029784e-01 3.010549029784e-01 3.010549029784e-01 3.010549029784e-01 3.010549029784e-01 3.010549029784e-01 3.010549029784e-01 3.010549029784e-01 3.010549029784e-01 3.010549029784e-01 3.010549029784e-01 3.010549029784e-01 3.010549029784e-01 3.010549029784e-01 3.010549029784e-01 3.010549029784e-01 3.010549029784e-01 3.010549029784e-01 3.010549029784e-01 3.010549029784e-01 3.010549029784e-01 3.010549029784e-01 3.010549029784e-01 3.010549029784e-01 3.010549029784e-01 3.010549029784e-01 3.010549029784e-01 3.010549029784e-01 3.010549029784e-01 3.010549029784e-01 3.010549029784e-01 3.010549029784e-01 3.010549029784e-01 3.010549029784e-01 3.010549029784e-01 3.010549029784e-01 3.010549029784e-01 3.010549029784e-01 3.010549029784e-01 3.010549029784e-01 3.010549029784e-01 3.010549029784e-01 3.010549029784e-01 3.010549029784e-01 3.010549029784e-01 3.010549029784e-01 3.010549029784e-01 3.010549029784e-01 3.010549029784e-01 3.010549029784e-01
3.010462034597e-01 3.010462034597e-01 3.010462034597e-01 3.010462034597e-01 3.010462034597e-01 3.010462034597e-01 3.010462034597e-01 3.010462034597e-01 3.010462034597e-01 3.010462034597e-01 3.010462034597e-01 3.010462034597e-01 3.010462034597e-01 3.010462034597e-01 3.010462034597e-01 3.010462034597e-01 3.010462034597e-01 3.010462034597e-01 3.010462034597e-01 3.010462034597e-01 3.010462034597e-01 3.010462034597e-01 3.010462034597e-01 3.010462034597e-01 3.010462034597e-01 3.010462034597e-01 3.010462034597e-01 3.010462034597e-01 3.010462034597e-01 3.010462034597e-01 3.010462034597e-01 3.010462034597e-01 3.010462034597e-01 3.010462034597e-01 3.010462034597e-01 3.010462034597e-01 3.010462034597e-01 3.010462034597e-01 3.010462034597e-01 3.010462034597e-01 3.010462034597e-01 3.010462034597e-01 3.010462034597e-01 3.010462034597e-01 3.010462034597e-01 3.010462034597e-01 3.010462034597e-01 3.010462034597e-01 3.010462034597e-01 3.010462034597e-01 3.010462034597e-01 3.010462034597e-01 3.010462034597e-01 3.010462034597e-01 3.010462034597e-01 3.010462034597e-01 3.010462034597e-01 3.010462034597e-01 3.010462034597e-01 3.010462034597e-01 3.010462034597e-01 3.010462034597e-01 3.010462034597e-01 3.010462034597e-01 3.010462034597e-01 3.010462034597e-01 3.010462034597e-01 3.010462034597e-01 3.010462034597e-01 3.010462034597e-01 3.010462034597e-01 3.010462034597e-01 3.010462034597e-01 3.010462034597e-01 3.010462034597e-01 3.010462034597e-01 3.010462034597e-01 3.010462034597e-01 3.010462034597e-01 3.010462034597e-01 3.010462034597e-01 3.010462034597e-01 3.010462034597e-01 3.010462034597e-01 3.010462034597e-01 3.010462034597e-01 3.010462034597e-01 3.010462034597e-01 3.010462034597e-01 3.010462034597e-01 3.010462034597e-01 3.010462034597e-01 3.010462034597e-01 3.010462034597e-01 3.010462034597e-01 3.010462034597e-01 3.010462034597e-01 3.010462034597e-01 3.010462034597e-01 3.010462034597e-01 3.010462034597e-01 3.010462034597e-01 3.010462034597e-01 3.010462034597e-01
3.010549901313e-01 3.010549901313e-01 3.010549901313e-01 3.010549901313e-01 3.010549901313e-01 3.010549901313e-01 3.010549901313e-01 3.010549901313e-01 3.010549901313e-01 3.010549901313e-01 3.010549901313e-01 3.010549901313e-01 3.010549901313e-01 3.010549901313e-01 3.010549901313e-01 3.010549901313e-01 3.010549901313e-01 3.010549901313e-01 3.010549901313e-01 3.010549901313e-01 3.010549901313e-01 3.010549901313e-01 3.010549901313e-01 3.010549901313e-01 3.010549901313e-01 3.010549901313e-01 3.010549901313e-01 3.010549901313e-01 3.010549901313e-01 3.010549901313e-01 3.010549901313e-01 3.010549901313e-01 3.010549901313e-01 3.010549901313e-01 3.010549901313e-01 3.010549901313e-01 3.010549901313e-01 3.010549901313e-01 3.010549901313e-01 3.010549901313e-01 3.010549901313e-01 3.010549901313e-01 3.010549901313e-01 3.010549901313e-01 3.010549901313e-01 3.010549901313e-01 3.010549901313e-01 3.010549901313e-01 3.010549901313e-01 3.010549901313e-01 3.010549901313e-01 3.010549901313e-01 3.010549901313e-01 3.010549901313e-01 3.010549901313e-01 3.010549901313e-01 3.010549901313e-01 3.010549901313e-01 3.010549901313e-01 3.010549901313e-01 3.010549901313e-01 3.010549901313e-01 3.010549901313e-01 3.010549901313e-01 3.010549901313e-01 3.010549901313e-01 3.010549901313e-01 3.010549901313e-01 3.010549901313e-01 3.010549901313e-01 3.010549901313e-01 3.010549901313e-01 3.010549901313e-01 3.010549901313e-01 3.010549901313e-01 3.010549901313e-01 3.010549901313e-01 3.010549901313e-01 3.010549901313e-01 3.010549901313e-01 3.010549901313e-01 3.010549901313e-01 3.010549901313e-01 3.010549901313e-01 3.010549901313e-01 3.010549901313e-01 3.010549901313e-01 3.010549901313e-01 3.010549901313e-01 3.010549901313e-01 3.010549901313e-01 3.010549901313e-01 3.010549901313e-01 3.010549901313e-01 3.010549901313e-01 3.010549901313e-01 3.010549901313e-01 3.010549901313e-01 3.010549901313e-01 3.010549901313e-01 3.010549901313e-01 3.010549901313e-01 3.010549901313e-01 3.010549901313e-01
3.010461646248e-01 3.010461646248e-01 3.010461646248e-01 3.010461646248e-01 3.010461646248e-01 3.010461646248e-01 3.010461646248e-01 3.010461646248e-01 3.010461646248e-01 3.010461646248e-01 3.010461646248e-01 3.010461646248e-01 3.010461646248e-01 3.010461646248e-01 3.010461646248e-01 3.010461646248e-01 3.010461646248e-01 3.010461646248e-01 3.010461646248e-01 3.010461646248e-01 3.010461646248e-01 3.010461646248e-01 3.010461646248e-01 3.010461646248e-01 3.010461646248e-01 3.010461646248e-01 3.010461646248e-01 3.010461646248e-01 3.010461646248e-01 3.010461646248e-01 3.010461646248e-01 3.010461646248e-01 3.010461646248e-01 3.010461646248e-01 3.010461646248e-01 3.010461646248e-01 3.010461646248e-01 3.010461646248e-01 3.010461646248e-01 3.010461646248e-01 3.010461646248e-01 3.010461646248e-01 3.010461646248e-01 3.010461646248e-01 3.010461646248e-01 3.010461646248e-01 3.010461646248e-01 3.010461646248e-01 3.010461646248e-01 3.010461646248e-01 3.010461646248e-01 3.010461646248e-01 3.010461646248e-01 3.010461646248e-01 3.010461646248e-01 3.010461646248e-01 3.010461646248e-01 3.010461646248e-01 3.010461646248e-01 3.010461646248e-01 3.010461646248e-01 3.010461646248e-01 3.010461646248e-01 3.010461646248e-01 3.010461646248e-01 3.010461646248e-01 3.010461646248e-01 3.010461646248e-01 3.010461646248e-01 3.010461646248e-01 3.010461646248e-01 3.010461646248e-01 3.010461646248e-01 3.010461646248e-01 3.010461646248e-01 3.010461646248e-01 3.010461646248e-01 3.010461646248e-01 3.010461646248e-01 3.010461646248e-01 3.010461646248e-01 3.010461646248e-01 3.010461646248e-01 3.010461646248e-01 3.010461646248e-01 3.010461646248e-01 3.010461646248e-01 3.010461646248e-01 3.010461646248e-01 3.010461646248e-01 3.010461646248e-01 3.010461646248e-01 3.010461646248e-01 3.010461646248e-01 3.010461646248e-01 3.010461646248e-01 3.010461646248e-01 3.010461646248e-01 3.010461646248e-01 3.010461646248e-01 3.010461646248e-01 3.010461646248e-01 3.010461646248e-01 3.010461646248e-01
3.010550261581e-01 3.010550261581e-01 3.010550261581e-01 3.010550261581e-01 3.010550261581e-01 3.010550261581e-01 3.010550261581e-01 3.010550261581e-01 3.010550261581e-01 3.010550261581e-01 3.010550261581e-01 3.010550261581e-01 3.010550261581e-01 3.010550261581e-01 3.010550261581e-01 3.010550261581e-01 3.010550261581e-01 3.010550261581e-01 3.010550261581e-01 3.010550261581e-01 3.010550261581e-01 3.010550261581e-01 3.010550261581e-01 3.010550261581e-01 3.010550261581e-01 3.010550261581e-01 3.010550261581e-01 3.010550261581e-01 3.010550261581e-01 3.010550261581e-01 3.010550261581e-01 3.010550261581e-01 3.010550261581e-01 3.010550261581e-01 3.010550261581e-01 3.010550261581e-01 3.010550261581e-01 3.010550261581e-01 3.010550261581e-01 3.010550261581e-01 3.010550261581e-01 3.010550261581e-01 3.010550261581e-01 3.010550261581e-01 3.010550261581e-01 3.010550261581e-01 3.010550261581e-01 3.010550261581e-01 3.010550261581e-01 3.010550261581e-01 3.010550261581e-01 3.010550261581e-01 3.010550261581e-01 3.010550261581e-01 3.010550261581e-01 3.010550261581e-01 3.010550261581e-01 3.010550261581e-01 3.010550261581e-01 3.010550261581e-01 3.010550261581e-01 3.010550261581e-01 3.010550261581e-01 3.010550261581e-01 3.010550261581e-01 3.010550261581e-01 3.010550261581e-01 3.010550261581e-01 3.010550261581e-01 3.010550261581e-01 3.010550261581e-01 3.010550261581e-01 3.010550261581e-01 3.010550261581e-01 3.010550261581e-01 3.010550261581e-01 3.010550261581e-01 3.010550261581e-01 3.010550261581e-01 3.010550261581e-01 3.010550261581e-01 3.010550261581e-01 3.010550261581e-01 3.010550261581e-01 3.010550261581e-01 3.010550261581e-01 3.010550261581e-01 3.010550261581e-01 3.010550261581e-01 3.010550261581e-01 3.010550261581e-01 3.010550261581e-01 3.010550261581e-01 3.010550261581e-01 3.010550261581e-01 3.010550261581e-01 3.010550261581e-01 3.010550261581e-01 3.010550261581e-01 3.010550261581e-01 3.010550261581e-01 3.010550261581e-01 3.010550261581e-01 3.010550261581e-01
3.010463016674e-01 3.010463016674e-01 3.010463016674e-01 3.010463016674e-01 3.010463016674e-01 3.010463016674e-01 3.010463016674e-01 3.010463016674e-01 3.010463016674e-01 3.010463016674e-01 3.010463016674e-01 3.010463016674e-01 3.010463016674e-01 3.010463016674e-01 3.010463016674e-01 3.010463016674e-01 3.010463016674e-01 3.010463016674e-01 3.010463016674e-01 3.010463016674e-01 3.010463016674e-01 3.010463016674e-01 3.010463016674e-01 3.010463016674e-01 3.010463016674e-01 3.010463016674e-01 3.010463016674e-01 3.010463016674e-01 3.010463016674e-01 3.010463016674e-01 3.010463016674e-01 3.010463016674e-01 3.010463016674e-01 3.010463016674e-01 3.010463016674e-01 3.010463016674e-01 3.010463016674e-01 3.010463016674e-01 3.010463016674e-01 3.010463016674e-01 3.010463016674e-01 3.010463016674e-01 3.010463016674e-01 3.010463016674e-01 3.010463016674e-01 3.010463016674e-01 3.010463016674e-01 3.010463016674e-01 3.010463016674e-01 3.010463016674e-01 3.010463016674e-01 3.010463016674e-01 3.010463016674e-01 3.010463016674e-01 3.010463016674e-01 3.010463016674e-01 3.010463016674e-01 3.010463016674e-01 3.010463016674e-01 3.010463016674e-01 3.010463016674e-01 3.010463016674e-01 3.010463016674e-01 3.010463016674e-01 3.010463016674e-01 3.010463016674e-01 3.010463016674e-01 3.010463016674e-01 3.010463016674e-01 3.010463016674e-01 3.010463016674e-01 3.010463016674e-01 3.010463016674e-01 3.010463016674e-01 3.010463016674e-01 3.010463016674e-01 3.010463016674e-01 3.010463016674e-01 3.010463016674e-01 3.010463016674e-01 3.010463016674e-01 3.010463016674e-01 3.010463016674e-01 3.010463016674e-01 3.010463016674e-01 3.010463016674e-01 3.010463016674e-01 3.010463016674e-01 3.010463016674e-01 3.010463016674e-01 3.010463016674e-01 3.010463016674e-01 3.010463016674e-01 3.010463016674e-01 3.010463016674e-01 3.010463016674e-01 3.010463016674e-01 3.010463016674e-01 3.010463016674e-01 3.010463016674e-01 3.010463016674e-01 3.010463016674e-01 3.010463016674e-01 3.010463016674e-01
3.010546403615e-01 3.010546403615e-01 3.010546403615e-01 3.010546403615e-01 3.010546403615e-01 3.010546403615e-01 3.010546403615e-01 3.010546403615e-01 3.010546403615e-01 3.010546403615e-01 3.010546403615e-01 3.010546403615e-01 3.010546403615e-01 3.010546403615e-01 3.010546403615e-01 3.010546403615e-01 3.010546403615e-01 3.010546403615e-01 3.010546403615e-01 3.010546403615e-01 3.010546403615e-01 3.010546403615e-01 3.010546403615e-01 3.010546403615e-01 3.010546403615e-01 3.010546403615e-01 3.010546403615e-01 3.010546403615e-01 3.010546403615e-01 3.010546403615e-01 3.010546403615e-01 3.010546403615e-01 3.010546403615e-01 3.010546403615e-01 3.010546403615e-01 3.010546403615e-01 3.010546403615e-01 3.010546403615e-01 3.010546403615e-01 3.010546403615e-01 3.010546403615e-01 3.010546403615e-01 3.010546403615e-01 3.010546403615e-01 3.010546403615e-01 3.010546403615e-01 3.010546403615e-01 3.010546403615e-01 3.010546403615e-01 3.010546403615e-01 3.010546403615e-01 3.010546403615e-01 3.010546403615e-01 3.010546403615e-01 3.010546403615e-01 3.010546403615e-01 3.010546403615e-01 3.010546403615e-01 3.010546403615e-01 3.010546403615e-01 3.010546403615e-01 3.010546403615e-01 3.010546403615e-01 3.010546403615e-01 3.010546403615e-01 3.010546403615e-01 3.010546403615e-01 3.010546403615e-01 3.010546403615e-01 3.010546403615e-01 3.010546403615e-01 3.010546403615e-01 3.010546403615e-01 3.010546403615e-01 3.010546403615e-01 3.010546403615e-01 3.010546403615e-01 3.010546403615e-01 3.010546403615e-01 3.010546403615e-01 3.010546403615e-01 3.010546403615e-01 3.010546403615e-01 3.010546403615e-01 3.010546403615e-01 3.010546403615e-01 3.010546403615e-01 3.010546403615e-01 3.010546403615e-01 3.010546403615e-01 3.010546403615e-01 3.010546403615e-01 3.010546403615e-01 3.010546403615e-01 3.010546403615e-01 3.010546403615e-01 3.010546403615e-01 3.010546403615e-01 3.010546403615e-01 3.010546403615e-01 3.010546403615e-01 3.010546403615e-01 3.010546403615e-01 3.010546403615e-01
3.010472567798e-01 3.010472567798e-01 3.010472567798e-01 3.010472567798e-01 3.010472567798e-01 3.010472567798e-01 3.010472567798e-01 3.010472567798e-01 3.010472567798e-01 3.010472567798e-01 3.010472567798e-01 3.010472567798e-01 3.010472567798e-01 3.010472567798e-01 3.010472567798e-01 3.010472567798e-01 3.010472567798e-01 3.010472567798e-01 3.010472567798e-01 3.010472567798e-01 3.010472567798e-01 3.010472567798e-01 3.010472567798e-01 3.010472567798e-01 3.010472567798e-01 3.010472567798e-01 3.010472567798e-01 3.010472567798e-01 3.010472567798e-01 3.010472567798e-01 3.010472567798e-01 3.010472567798e-01 3.010472567798e-01 3.010472567798e-01 3.010472567798e-01 3.010472567798e-01 3.010472567798e-01 3.010472567798e-01 3.010472567798e-01 3.010472567798e-01 3.010472567798e-01 3.010472567798e-01 3.010472567798e-01 3.010472567798e-01 3.010472567798e-01 3.010472567798e-01 3.010472567798e-01 3.010472567798e-01 3.010472567798e-01 3.010472567798e-01 3.010472567798e-01 3.010472567798e-01 3.010472567798e-01 3.010472567798e-01 3.010472567798e-01 3.010472567798e-01 3.010472567798e-01 3.010472567798e-01 3.010472567798e-01 3.010472567798e-01 3.010472567798e-01 3.010472567798e-01 3.010472567798e-01 3.010472567798e-01 3.010472567798e-01 3.010472567798e-01 3.010472567798e-01 3.010472567798e-01 3.010472567798e-01 3.010472567798e-01 3.010472567798e-01 3.010472567798e-01 3.010472567798e-01 3.010472567798e-01 3.010472567798e-01 3.010472567798e-01 3.010472567798e-01 3.010472567798e-01 3.010472567798e-01 3.010472567798e-01 3.010472567798e-01 3.010472567798e-01 3.010472567798e-01 3.010472567798e-01 3.010472567798e-01 3.010472567798e-01 3.010472567798e-01 3.010472567798e-01 3.010472567798e-01 3.010472567798e-01 3.010472567798e-01 3.010472567798e-01 3.010472567798e-01 3.010472567798e-01 3.010472567798e-01 3.010472567798e-01 3.010472567798e-01 3.010472567798e-01 3.010472567798e-01 3.010472567798e-01 3.010472567798e-01 3.010472567798e-01 3.010472567798e-01 3.010472567798e-01
3.010525971185e-01 3.010525971185e-01 3.010525971185e-01 3.010525971185e-01 3.010525971185e-01 3.010525971185e-01 3.010525971185e-01 3.010525971185e-01 3.010525971185e-01 3.010525971185e-01 3.010525971185e-01 3.010525971185e-01 3.010525971185e-01 3.010525971185e-01 3.010525971185e-01 3.010525971185e-01 3.010525971185e-01 3.010525971185e-01 3.010525971185e-01 3.010525971185e-01 3.010525971185e-01 3.010525971185e-01 3.010525971185e-01 3.010525971185e-01 3.010525971185e-01 3.010525971185e-01 3.010525971185e-01 3.010525971185e-01 3.010525971185e-01 3.010525971185e-01 3.010525971185e-01 3.010525971185e-01 3.010525971185e-01 3.010525971185e-01 3.010525971185e-01 3.010525971185e-01 3.010525971185e-01 3.010525971185e-01 3.010525971185e-01 3.010525971185e-01 3.010525971185e-01 3.010525971185e-01 3.010525971185e-01 3.010525971185e-01 3.010525971185e-01 3.010525971185e-01 3.010525971185e-01 3.010525971185e-01 3.010525971185e-01 3.010525971185e-01 3.010525971185e-01 3.010525971185e-01 3.010525971185e-01 3.010525971185e-01 3.010525971185e-01 3.010525971185e-01 3.010525971185e-01 3.010525971185e-01 3.010525971185e-01 3.010525971185e-01 3.010525971185e-01 3.010525971185e-01 3.010525971185e-01 3.010525971185e-01 3.010525971185e-01 3.010525971185e-01 3.010525971185e-01 3.010525971185e-01 3.010525971185e-01 3.010525971185e-01 3.010525971185e-01 3.010525971185e-01 3.010525971185e-01 3.010525971185e-01 3.010525971185e-01 3.010525971185e-01 3.010525971185e-01 3.010525971185e-01 3.010525971185e-01 3.010525971185e-01 3.010525971185e-01 3.010525971185e-01 3.010525971185e-01 3.010525971185e-01 3.010525971185e-01 3.010525971185e-01 3.010525971185e-01 3.010525971185e-01 3.010525971185e-01 3.010525971185e-01 3.010525971185e-01 3.010525971185e-01 3.010525971185e-01 3.010525971185e-01 3.010525971185e-01 3.010525971185e-01 3.010525971185e-01 3.010525971185e-01 3.010525971185e-01 3.010525971185e-01 3.010525971185e-01 3.010525971185e-01 3.010525971185e-01 3.010525971185e-01
3.010506425472e-01 3.010506425472e-01 3.010506425472e-01 3.010506425472e-01 3.010506425472e-01 3.010506425472e-01 3.010506425472e-01 3.010506425472e-01 3.010506425472e-01 3.010506425472e-01 3.010506425472e-01 3.010506425472e-01 3.010506425472e-01 3.010506425472e-01 3.010506425472e-01 3.010506425472e-01 3.010506425472e-01 3.010506425472e-01 3.010506425472e-01 3.010506425472e-01 3.010506425472e-01 3.010506425472e-01 3.010506425472e-01 3.010506425472e-01 3.010506425472e-01 3.010506425472e-01 3.010506425472e-01 3.010506425472e-01 3.010506425472e-01 3.010506425472e-01 3.010506425472e-01 3.010506425472e-01 3.010506425472e-01 3.010506425472e-01 3.010506425472e-01 3.010506425472e-01 3.010506425472e-01 3.010506425472e-01 3.010506425472e-01 3.010506425472e-01 3.010506425472e-01 3.010506425472e-01 3.010506425472e-01 3.010506425472e-01 3.010506425472e-01 3.010506425472e-01 3.010506425472e-01 3.010506425472e-01 3.010506425472e-01 3.010506425472e-01 3.010506425472e-01 3.010506425472e-01 3.010506425472e-01 3.010506425472e-01 3.010506425472e-01 3.010506425472e-01 3.010506425472e-01 3.010506425472e-01 3.010506425472e-01 3.010506425472e-01 3.010506425472e-01 3.010506425472e-01 3.010506425472e-01 3.010506425472e-01 3.010506425472e-01 3.010506425472e-01 3.010506425472e-01 3.010506425472e-01 3.010506425472e-01 3.010506425472e-01 3.010506425472e-01 3.010506425472e-01 3.010506425472e-01 3.010506425472e-01 3.010506425472e-01 3.010506425472e-01 3.010506425472e-01 3.010506425472e-01 3.010506425472e-01 3.010506425472e-01 3.010506425472e-01 3.010506425472e-01 3.010506425472e-01 3.010506425472e-01 3.010506425472e-01 3.010506425472e-01 3.010506425472e-01 3.010506425472e-01 3.010506425472e-01 3.010506425472e-01 3.010506425472e-01 3.010506425472e-01 3.010506425472e-01 3.010506425472e-01 3.010506425472e-01 3.010506425472e-01 3.010506425472e-01 3.010506425472e-01 3.010506425472e-01 3.010506425472e-01 3.010506425472e-01 3.010506425472e-01 3.010506425472e-01 3.010506425472e-01
3.010467164275e-01 3.010467164275e-01 3.010467164275e-01 3.010467164275e-01 3.010467164275e-01 3.010467164275e-01 3.010467164275e-01 3.010467164275e-01 3.010467164275e-01 3.010467164275e-01 3.010467164275e-01 3.010467164275e-01 3.010467164275e-01 3.010467164275e-01 3.010467164275e-01 3.010467164275e-01 3.010467164275e-01 3.010467164275e-01 3.010467164275e-01 3.010467164275e-01 3.010467164275e-01 3.010467164275e-01 3.010467164275e-01 3.010467164275e-01 3.010467164275e-01 3.010467164275e-01 3.010467164275e-01 3.010467164275e-01 3.010467164275e-01 3.010467164275e-01 3.010467164275e-01 3.010467164275e-01 3.010467164275e-01 3.010467164275e-01 3.010467164275e-01 3.010467164275e-01 3.010467164275e-01 3.010467164275e-01 3.010467164275e-01 3.010467164275e-01 3.010467164275e-01 3.010467164275e-01 3.010467164275e-01 3.010467164275e-01 3.010467164275e-01 3.010467164275e-01 3.010467164275e-01 3.010467164275e-01 3.010467164275e-01 3.010467164275e-01 3.010467164275e-01 3.010467164275e-01 3.010467164275e-01 3.010467164275e-01 3.010467164275e-01 3.010467164275e-01 3.010467164275e-01 3.010467164275e-01 3.010467164275e-01 3.010467164275e-01 3.010467164275e-01 3.010467164275e-01 3.010467164275e-01 3.010467164275e-01 3.010467164275e-01 3.010467164275e-01 3.010467164275e-01 3.010467164275e-01 3.010467164275e-01 3.010467164275e-01 3.010467164275e-01 3.010467164275e-01 3.010467164275e-01 3.010467164275e-01 3.010467164275e-01 3.010467164275e-01 3.010467164275e-01 3.010467164275e-01 3.010467164275e-01 3.010467164275e-01 3.010467164275e-01 3.010467164275e-01 3.010467164275e-01 3.010467164275e-01 3.010467164275e-01 3.010467164275e-01 3.010467164275e-01 3.010467164275e-01 3.010467164275e-01 3.010467164275e-01 3.010467164275e-01 3.010467164275e-01 3.010467164275e-01 3.010467164275e-01 3.010467164275e-01 3.010467164275e-01 3.010467164275e-01 3.010467164275e-01 3.010467164275e-01 3.010467164275e-01 3.010467164275e-01 3.010467164275e-01 3.010467164275e-01 3.010467164275e-01
3.010552269175e-01 3.010552269175e-01 3.010552269175e-01 3.010552269175e-01 3.010552269175e-01 3.010552269175e-01 3.010552269175e-01 3.010552269175e-01 3.010552269175e-01 3.010552269175e-01 3.010552269175e-01 3.010552269175e-01 3.010552269175e-01 3.010552269175e-01 3.010552269175e-01 3.010552269175e-01 3.010552269175e-01 3.010552269175e-01 3.010552269175e-01 3.010552269175e-01 3.010552269175e-01 3.010552269175e-01 3.010552269175e-01 3.010552269175e-01 3.010552269175e-01 3.010552269175e-01 3.010552269175e-01 3.010552269175e-01 3.010552269175e-01 3.010552269175e-01 3.010552269175e-01 3.010552269175e-01 3.010552269175e-01 3.010552269175e-01 3.010552269175e-01 3.010552269175e-01 3.010552269175e-01 3.010552269175e-01 3.010552269175e-01 3.010552269175e-01 3.010552269175e-01 3.010552269175e-01 3.010552269175e-01 3.010552269175e-01 3.010552269175e-01 3.010552269175e-01 3.010552269175e-01 3.010552269175e-01 3.010552269175e-01 3.010552269175e-01 3.010552269175e-01 3.010552269175e-01 3.010552269175e-01 3.010552269175e-01 3.010552269175e-01 3.010552269175e-01 3.010552269175e-01 3.010552269175e-01 3.010552269175e-01 3.010552269175e-01 3.010552269175e-01 3.010552269175e-01 3.010552269175e-01 3.010552269175e-01 3.010552269175e-01 3.010552269175e-01 3.010552269175e-01 3.010552269175e-01 3.010552269175e-01 3.010552269175e-01 3.010552269175e-01 3.010552269175e-01 3.010552269175e-01 3.010552269175e-01 3.010552269175e-01 3.010552269175e-01 3.010552269175e-01 3.010552269175e-01 3.010552269175e-01 3.010552269175e-01 3.010552269175e-01 3.010552269175e-01 3.010552269175e-01 3.010552269175e-01 3.010552269175e-01 3.010552269175e-01 3.010552269175e-01 3.010552269175e-01 3.010552269175e-01 3.010552269175e-01 3.010552269175e-01 3.010552269175e-01 3.010552269175e-01 3.010552269175e-01 3.010552269175e-01 3.010552269175e-01 3.010552269175e-01 3.010552269175e-01 3.010552269175e-01 3.010552269175e-01 3.010552269175e-01 3.010552269175e-01 3.010552269175e-01 3.010552269175e-01
3.010461794661e-01 3.010461794661e-01 3.010461794661e-01 3.010461794661e-01 3.010461794661e-01 3.010461794661e-01 3.010461794661e-01 3.010461794661e-01 3.010461794661e-01 3.010461794661e-01 3.010461794661e-01 3.010461794661e-01 3.010461794661e-01 3.010461794661e-01 3.010461794661e-01 3.010461794661e-01 3.010461794661e-01 3.010461794661e-01 3.010461794661e-01 3.010461794661e-01 3.010461794661e-01 3.010461794661e-01 3.010461794661e-01 3.010461794661e-01 3.010461794661e-01 3.010461794661e-01 3.010461794661e-01 3.010461794661e-01 3.010461794661e-01 3.010461794661e-01 3.010461794661e-01 3.010461794661e-01 3.010461794661e-01 3.010461794661e-01 3.010461794661e-01 3.010461794661e-01 3.010461794661e-01 3.010461794661e-01 3.010461794661e-01 3.010461794661e-01 3.010461794661e-01 3.010461794661e-01 3.010461794661e-01 3.010461794661e-01 3.010461794661e-01 3.010461794661e-01 3.010461794661e-01 3.010461794661e-01 3.010461794661e-01 3.010461794661e-01 3.010461794661e-01 3.010461794661e-01 3.010461794661e-01 3.010461794661e-01 3.010461794661e-01 3.010461794661e-01 3.010461794661e-01 3.010461794661e-01 3.010461794661e-01 3.010461794661e-01 3.010461794661e-01 3.010461794661e-01 3.010461794661e-01 3.010461794661e-01 3.010461794661e-01 3.010461794661e-01 3.010461794661e-01 3.010461794661e-01 3.010461794661e-01 3.010461794661e-01 3.010461794661e-01 3.010461794661e-01 3.010461794661e-01 3.010461794661e-01 3.010461794661e-01 3.010461794661e-01 3.010461794661e-01 3.010461794661e-01 3.010461794661e-01 3.010461794661e-01 3.010461794661e-01 3.010461794661e-01 3.010461794661e-01 3.010461794661e-01 3.010461794661e-01 3.010461794661e-01 3.010461794661e-01 3.010461794661e-01 3.010461794661e-01 3.010461794661e-01 3.010461794661e-01 3.010461794661e-01 3.010461794661e-01 3.010461794661e-01 3.010461794661e-01 3.010461794661e-01 3.010461794661e-01 3.010461794661e-01 3.010461794661e-01 3.010461794661e-01 3.010461794661e-01 3.010461794661e-01 3.010461794661e-01 3.010461794661e-01
3.010549029318e-01 3.010549029318e-01 3.010549029318e-01 3.010549029318e-01 3.010549029318e-01 3.010549029318e-01 3.010549029318e-01 3.010549029318e-01 3.010549029318e-01 3.010549029318e-01 3.010549029318e-01 3.010549029318e-01 3.010549029318e-01 3.010549029318e-01 3.010549029318e-01 3.010549029318e-01 3.010549029318e-01 3.010549029318e-01 3.010549029318e-01 3.010549029318e-01 3.010549029318e-01 3.010549029318e-01 3.010549029318e-01 3.010549029318e-01 3.010549029318e-01 3.010549029318e-01 3.010549029318e-01 3.010549029318e-01 3.010549029318e-01 3.010549029318e-01 3.010549029318e-01 3.010549029318e-01 3.010549029318e-01 3.010549029318e-01 3.010549029318e-01 3.010549029318e-01 3.010549029318e-01 3.010549029318e-01 3.010549029318e-01 3.010549029318e-01 3.010549029318e-01 3.010549029318e-01 3.010549029318e-01 3.010549029318e-01 3.010549029318e-01 3.010549029318e-01 3.010549029318e-01 3.010549029318e-01 3.010549029318e-01 3.010549029318e-01 3.010549029318e-01 3.010549029318e-01 3.010549029318e-01 3.010549029318e-01 3.010549029318e-01 3.010549029318e-01 3.010549029318e-01 3.010549029318e-01 3.010549029318e-01 3.010549029318e-01 3.010549029318e-01 3.010549029318e-01 3.010549029318e-01 3.010549029318e-01 3.010549029318e-01 3.010549029318e-01 3.010549029318e-01 3.010549029318e-01 3.010549029318e-01 3.010549029318e-01 3.010549029318e-01 3.010549029318e-01 3.010549029318e-01 3.010549029318e-01 3.010549029318e-01 3.010549029318e-01 3.010549029318e-01 3.010549029318e-01 3.010549029318e-01 3.010549029318e-01 3.010549029318e-01 3.010549029318e-01 3.010549029318e-01 3.010549029318e-01 3.010549029318e-01 3.010549029318e-01 3.010549029318e-01 3.010549029318e-01 3.010549029318e-01 3.010549029318e-01 3.010549029318e-01 3.010549029318e-01 3.010549029318e-01 3.010549029318e-01 3.010549029318e-01 3.010549029318e-01 3.010549029318e-01 3.010549029318e-01 3.010549029318e-01 3.010549029318e-01 3.010549029318e-01 3.010549029318e-01 3.010549029318e-01 3.010549029318e-01
3.010462524546e-01 3.010462524546e-01 3.010462524546e-01 3.010462524546e-01 3.010462524546e-01 3.010462524546e-01 3.010462524546e-01 3.010462524546e-01 3.010462524546e-01 3.010462524546e-01 3.010462524546e-01 3.010462524546e-01 3.010462524546e-01 3.010462524546e-01 3.010462524546e-01 3.010462524546e-01 3.010462524546e-01 3.010462524546e-01 3.010462524546e-01 3.010462524546e-01 3.010462524546e-01 3.010462524546e-01 3.010462524546e-01 3.010462524546e-01 3.010462524546e-01 3.010462524546e-01 3.010462524546e-01 3.010462524546e-01 3.010462524546e-01 3.010462524546e-01 3.010462524546e-01 3.010462524546e-01 3.010462524546e-01 3.010462524546e-01 3.010462524546e-01 3.010462524546e-01 3.010462524546e-01 3.010462524546e-01 3.010462524546e-01 3.010462524546e-01 3.010462524546e-01 3.010462524546e-01 3.010462524546e-01 3.010462524546e-01 3.010462524546e-01 3.010462524546e-01 3.010462524546e-01 3.010462524546e-01 3.010462524546e-01 3.010462524546e-01 3.010462524546e-01 3.010462524546e-01 3.010462524546e-01 3.010462524546e-01 3.010462524546e-01 3.010462524546e-01 3.010462524546e-01 3.010462524546e-01 3.010462524546e-01 3.010462524546e-01 3.010462524546e-01 3.010462524546e-01 3.010462524546e-01 3.010462524546e-01 3.010462524546e-01 3.010462524546e-01 3.010462524546e-01 3.010462524546e-01 3.010462524546e-01 3.010462524546e-01 3.010462524546e-01 3.010462524546e-01 3.010462524546e-01 3.010462524546e-01 3.010462524546e-01 3.010462524546e-01 3.010462524546e-01 3.010462524546e-01 3.010462524546e-01 3.010462524546e-01 3.010462524546e-01 3.010462524546e-01 3.010462524546e-01 3.010462524546e-01 3.010462524546e-01 3.010462524546e-01 3.010462524546e-01 3.010462524546e-01 3.010462524546e-01 3.010462524546e-01 3.010462524546e-01 3.010462524546e-01 3.010462524546e-01 3.010462524546e-01 3.010462524546e-01 3.010462524546e-01 3.010462524546e-01 3.010462524546e-01 3.010462524546e-01 3.010462524546e-01 3.010462524546e-01 3.010462524546e-01 3.010462524546e-01 3.010462524546e-01
3.010549541100e-01 3.010549541100e-01 3.010549541100e-01 3.010549541100e-01 3.010549541100e-01 3.010549541100e-01 3.010549541100e-01 3.010549541100e-01 3.010549541100e-01 3.010549541100e-01 3.010549541100e-01 3.010549541100e-01 3.010549541100e-01 3.010549541100e-01 3.010549541100e-01 3.010549541100e-01 3.010549541100e-01 3.010549541100e-01 3.010549541100e-01 3.010549541100e-01 3.010549541100e-01 3.010549541100e-01 3.010549541100e-01 3.010549541100e-01 3.010549541100e-01 3.010549541100e-01 3.010549541100e-01 3.010549541100e-01 3.010549541100e-01 3.010549541100e-01 3.010549541100e-01 3.010549541100e-01 3.010549541100e-01 3.010549541100e-01 3.010549541100e-01 3.010549541100e-01 3.010549541100e-01 3.010549541100e-01 3.010549541100e-01 3.010549541100e-01 3.010549541100e-01 3.010549541100e-01 3.010549541100e-01 3.010549541100e-01 3.010549541100e-01 3.010549541100e-01 3.010549541100e-01 3.010549541100e-01 3.010549541100e-01 3.010549541100e-01 3.010549541100e-01 3.010549541100e-01 3.010549541100e-01 3.010549541100e-01 3.010549541100e-01 3.010549541100e-01 3.010549541100e-01 3.010549541100e-01 3.010549541100e-01 3.010549541100e-01 3.010549541100e-01 3.010549541100e-01 3.010549541100e-01 3.010549541100e-01 3.010549541100e-01 3.010549541100e-01 3.010549541100e-01 3.010549541100e-01 3.010549541100e-01 3.010549541100e-01 3.010549541100e-01 3.010549541100e-01 3.010549541100e-01 3.010549541100e-01 3.010549541100e-01 3.010549541100e-01 3.010549541100e-01 3.010549541100e-01 3.010549541100e-01 3.010549541100e-01 3.010549541100e-01 3.010549541100e-01 3.010549541100e-01 3.010549541100e-01 3.010549541100e-01 3.010549541100e-01 3.010549541100e-01 3.010549541100e-01 3.010549541100e-01 3.010549541100e-01 3.010549541100e-01 3.010549541100e-01 3.010549541100e-01 3.010549541100e-01 3.010549541100e-01 3.010549541100e-01 3.010549541100e-01 3.010549541100e-01 3.010549541100e-01 3.010549541100e-01 3.010549541100e-01 3.010549541100e-01 3.010549541100e-01 3.010549541100e-01
3.010461940734e-01 3.010461940734e-01 3.010461940734e-01 3.010461940734e-01 3.010461940734e-01 3.010461940734e-01 3.010461940734e-01 3.010461940734e-01 3.010461940734e-01 3.010461940734e-01 3.010461940734e-01 3.010461940734e-01 3.010461940734e-01 3.010461940734e-01 3.010461940734e-01 3.010461940734e-01 3.010461940734e-01 3.010461940734e-01 3.010461940734e-01 3.010461940734e-01 3.010461940734e-01 3.010461940734e-01 3.010461940734e-01 3.010461940734e-01 3.010461940734e-01 3.010461940734e-01 3.010461940734e-01 3.010461940734e-01 3.010461940734e-01 3.010461940734e-01 3.010461940734e-01 3.010461940734e-01 3.010461940734e-01 3.010461940734e-01 3.010461940734e-01 3.010461940734e-01 3.010461940734e-01 3.010461940734e-01 3.010461940734e-01 3.010461940734e-01 3.010461940734e-01 3.010461940734e-01 3.010461940734e-01 3.010461940734e-01 3.010461940734e-01 3.010461940734e-01 3.010461940734e-01 3.010461940734e-01 3.010461940734e-01 3.010461940734e-01 3.010461940734e-01 3.010461940734e-01 3.010461940734e-01 3.010461940734e-01 3.010461940734e-01 3.010461940734e-01 3.010461940734e-01 3.010461940734e-01 3.010461940734e-01 3.010461940734e-01 3.010461940734e-01 3.010461940734e-01 3.010461940734e-01 3.010461940734e-01 3.010461940734e-01 3.010461940734e-01 3.010461940734e-01 3.010461940734e-01 3.010461940734e-01 3.010461940734e-01 3.010461940734e-01 3.010461940734e-01 3.010461940734e-01 3.010461940734e-01 3.010461940734e-01 3.010461940734e-01 3.010461940734e-01 3.010461940734e-01 3.010461940734e-01 3.010461940734e-01 3.010461940734e-01 3.010461940734e-01 3.010461940734e-01 3.010461940734e-01 3.010461940734e-01 3.010461940734e-01 3.010461940734e-01 3.010461940734e-01 3.010461940734e-01 3.010461940734e-01 3.010461940734e-01 3.010461940734e-01 3.010461940734e-01 3.010461940734e-01 3.010461940734e-01 3.010461940734e-01 3.010461940734e-01 3.010461940734e-01 3.010461940734e-01 3.010461940734e-01 3.010461940734e-01 3.010461940734e-01 3.010461940734e-01 3.010461940734e-01
3.010550183349e-01 3.010550183349e-01 3.010550183349e-01 3.010550183349e-01 3.010550183349e-01 3.010550183349e-01 3.010550183349e-01 3.010550183349e-01 3.010550183349e-01 3.010550183349e-01 3.010550183349e-01 3.010550183349e-01 3.010550183349e-01 3.010550183349e-01 3.010550183349e-01 3.010550183349e-01 3.010550183349e-01 3.010550183349e-01 3.010550183349e-01 3.010550183349e-01 3.010550183349e-01 3.010550183349e-01 3.010550183349e-01 3.010550183349e-01 3.010550183349e-01 3.010550183349e-01 3.010550183349e-01 3.010550183349e-01 3.010550183349e-01 3.010550183349e-01 3.010550183349e-01 3.010550183349e-01 3.010550183349e-01 3.010550183349e-01 3.010550183349e-01 3.010550183349e-01 3.010550183349e-01 3.010550183349e-01 3.010550183349e-01 3.010550183349e-01 3.010550183349e-01 3.010550183349e-01 3.010550183349e-01 3.010550183349e-01 3.010550183349e-01 3.010550183349e-01 3.010550183349e-01 3.010550183349e-01 3.010550183349e-01 3.010550183349e-01 3.010550183349e-01 3.010550183349e-01 3.010550183349e-01 3.010550183349e-01 3.010550183349e-01 3.010550183349e-01 3.010550183349e-01 3.010550183349e-01 3.010550183349e-01 3.010550183349e-01 3.010550183349e-01 3.010550183349e-01 3.010550183349e-01 3.010550183349e-01 3.010550183349e-01 3.010550183349e-01 3.010550183349e-01 3.010550183349e-01 3.010550183349e-01 3.010550183349e-01 3.010550183349e-01 3.010550183349e-01 3.010550183349e-01 3.010550183349e-01 3.010550183349e-01 3.010550183349e-01 3.010550183349e-01 3.010550183349e-01 3.010550183349e-01 3.010550183349e-01 3.010550183349e-01 3.010550183349e-01 3.010550183349e-01 3.010550183349e-01 3.010550183349e-01 3.010550183349e-01 3.010550183349e-01 3.010550183349e-01 3.010550183349e-01 3.010550183349e-01 3.010550183349e-01 3.010550183349e-01 3.010550183349e-01 3.010550183349e-01 3.010550183349e-01 3.010550183349e-01 3.010550183349e-01 3.010550183349e-01 3.010550183349e-01 3.010550183349e-01 3.010550183349e-01 3.010550183349e-01 3.010550183349e-01 3.010550183349e-01
3.010462622195e-01 3.010462622195e-01 3.010462622195e-01 3.010462622195e-01 3.010462622195e-01 3.010462622195e-01 3.010462622195e-01 3.010462622195e-01 3.010462622195e-01 3.010462622195e-01 3.010462622195e-01 3.010462622195e-01 3.010462622195e-01 3.010462622195e-01 3.010462622195e-01 3.010462622195e-01 3.010462622195e-01 3.010462622195e-01 3.010462622195e-01 3.010462622195e-01 3.010462622195e-01 3.010462622195e-01 3.010462622195e-01 3.010462622195e-01 3.010462622195e-01 3.010462622195e-01 3.010462622195e-01 3.010462622195e-01 3.010462622195e-01 3.010462622195e-01 3.010462622195e-01 3.010462622195e-01 3.010462622195e-01 3.010462622195e-01 3.010462622195e-01 3.010462622195e-01 3.010462622195e-01 3.010462622195e-01 3.010462622195e-01 3.010462622195e-01 3.010462622195e-01 3.010462622195e-01 3.010462622195e-01 3.010462622195e-01 3.010462622195e-01 3.010462622195e-01 3.010462622195e-01 3.010462622195e-01 3.010462622195e-01 3.010462622195e-01 3.010462622195e-01 3.010462622195e-01 3.010462622195e-01 3.010462622195e-01 3.010462622195e-01 3.010462622195e-01 3.010462622195e-01 3.010462622195e-01 3.010462622195e-01 3.010462622195e-01 3.010462622195e-01 3.010462622195e-01 3.010462622195e-01 3.010462622195e-01 3.010462622195e-01 3.010462622195e-01 3.010462622195e-01 3.010462622195e-01 3.010462622195e-01 3.010462622195e-01 3.010462622195e-01 3.010462622195e-01 3.010462622195e-01 3.010462622195e-01 3.010462622195e-01 3.010462622195e-01 3.010462622195e-01 3.010462622195e-01 3.010462622195e-01 3.010462622195e-01 3.010462622195e-01 3.010462622195e-01 3.010462622195e-01 3.010462622195e-01 3.010462622195e-01 3.010462622195e-01 3.010462622195e-01 3.010462622195e-01 3.010462622195e-01 3.010462622195e-01 3.010462622195e-01 3.010462622195e-01 3.010462622195e-01 3.010462622195e-01 3.010462622195e-01 3.010462622195e-01 3.010462622195e-01 3.010462622195e-01 3.010462622195e-01 3.010462622195e-01 3.010462622195e-01 3.010462622195e-01 3.010462622195e-01 3.010462622195e-01
3.010547638709e-01 3.010547638709e-01 3.010547638709e-01 3.010547638709e-01 3.010547638709e-01 3.010547638709e-01 3.010547638709e-01 3.010547638709e-01 3.010547638709e-01 3.010547638709e-01 3.010547638709e-01 3.010547638709e-01 3.010547638709e-01 3.010547638709e-01 3.010547638709e-01 3.010547638709e-01 3.010547638709e-01 3.010547638709e-01 3.010547638709e-01 3.010547638709e-01 3.010547638709e-01 3.010547638709e-01 3.010547638709e-01 3.010547638709e-01 3.010547638709e-01 3.010547638709e-01 3.010547638709e-01 3.010547638709e-01 3.010547638709e-01 3.010547638709e-01 3.010547638709e-01 3.010547638709e-01 3.010547638709e-01 3.010547638709e-01 3.010547638709e-01 3.010547638709e-01 3.010547638709e-01 3.010547638709e-01 3.010547638709e-01 3.010547638709e-01 3.010547638709e-01 3.010547638709e-01 3.010547638709e-01 3.010547638709e-01 3.010547638709e-01 3.010547638709e-01 3.010547638709e-01 3.010547638709e-01 3.010547638709e-01 3.010547638709e-01 3.010547638709e-01 3.010547638709e-01 3.010547638709e-01 3.010547638709e-01 3.010547638709e-01 3.010547638709e-01 3.010547638709e-01 3.010547638709e-01 3.010547638709e-01 3.010547638709e-01 3.010547638709e-01 3.010547638709e-01 3.010547638709e-01 3.010547638709e-01 3.010547638709e-01 3.010547638709e-01 3.010547638709e-01 3.010547638709e-01 3.010547638709e-01 3.010547638709e-01 3.010547638709e-01 3.010547638709e-01 3.010547638709e-01 3.010547638709e-01 3.010547638709e-01 3.010547638709e-01 3.010547638709e-01 3.010547638709e-01 3.010547638709e-01 3.010547638709e-01 3.010547638709e-01 3.010547638709e-01 3.010547638709e-01 3.010547638709e-01 3.010547638709e-01 3.010547638709e-01 3.010547638709e-01 3.010547638709e-01 3.010547638709e-01 3.010547638709e-01 3.010547638709e-01 3.010547638709e-01 3.010547638709e-01 3.010547638709e-01 3.010547638709e-01 3.010547638709e-01 3.010547638709e-01 3.010547638709e-01 3.010547638709e-01 3.010547638709e-01 3.010547638709e-01 3.010547638709e-01 3.010547638709e-01 3.010547638709e-01
3.010469933208e-01 3.010469933208e-01 3.010469933208e-01 3.010469933208e-01 3.010469933208e-01 3.010469933208e-01 3.010469933208e-01 3.010469933208e-01 3.010469933208e-01 3.010469933208e-01 3.010469933208e-01 3.010469933208e-01 3.010469933208e-01 3.010469933208e-01 3.010469933208e-01 3.010469933208e-01 3.010469933208e-01 3.010469933208e-01 3.010469933208e-01 3.010469933208e-01 3.010469933208e-01 3.010469933208e-01 3.010469933208e-01 3.010469933208e-01 3.010469933208e-01 3.010469933208e-01 3.010469933208e-01 3.010469933208e-01 3.010469933208e-01 3.010469933208e-01 3.010469933208e-01 3.010469933208e-01 3.010469933208e-01 3.010469933208e-01 3.010469933208e-01 3.010469933208e-01 3.010469933208e-01 3.010469933208e-01 3.010469933208e-01 3.010469933208e-01 3.010469933208e-01 3.010469933208e-01 3.010469933208e-01 3.010469933208e-01 3.010469933208e-01 3.010469933208e-01 3.010469933208e-01 3.010469933208e-01 3.010469933208e-01 3.010469933208e-01 3.010469933208e-01 3.010469933208e-01 3.010469933208e-01 3.010469933208e-01 3.010469933208e-01 3.010469933208e-01 3.010469933208e-01 3.010469933208e-01 3.010469933208e-01 3.010469933208e-01 3.010469933208e-01 3.010469933208e-01 3.010469933208e-01 3.010469933208e-01 3.010469933208e-01 3.010469933208e-01 3.010469933208e-01 3.010469933208e-01 3.010469933208e-01 3.010469933208e-01 3.010469933208e-01 3.010469933208e-01 3.010469933208e-01 3.010469933208e-01 3.010469933208e-01 3.010469933208e-01 3.010469933208e-01 3.010469933208e-01 3.010469933208e-01 3.010469933208e-01 3.010469933208e-01 3.010469933208e-01 3.010469933208e-01 3.010469933208e-01 3.010469933208e-01 3.010469933208e-01 3.010469933208e-01 3.010469933208e-01 3.010469933208e-01 3.010469933208e-01 3.010469933208e-01 3.010469933208e-01 3.010469933208e-01 3.010469933208e-01 3.010469933208e-01 3.010469933208e-01 3.010469933208e-01 3.010469933208e-01 3.010469933208e-01 3.010469933208e-01 3.010469933208e-01 3.010469933208e-01 3.010469933208e-01 3.010469933208e-01
3.010531207905e-01 3.010531207905e-01 3.010531207905e-01 3.010531207905e-01 3.010531207905e-01 3.010531207905e-01 3.010531207905e-01 3.010531207905e-01 3.010531207905e-01 3.010531207905e-01 3.010531207905e-01 3.010531207905e-01 3.010531207905e-01 3.010531207905e-01 3.010531207905e-01 3.010531207905e-01 3.010531207905e-01 3.010531207905e-01 3.010531207905e-01 3.010531207905e-01 3.010531207905e-01 3.010531207905e-01 3.010531207905e-01 3.010531207905e-01 3.010531207905e-01 3.010531207905e-01 3.010531207905e-01 3.010531207905e-01 3.010531207905e-01 3.010531207905e-01 3.010531207905e-01 3.010531207905e-01 3.010531207905e-01 3.010531207905e-01 3.010531207905e-01 3.010531207905e-01 3.010531207905e-01 3.010531207905e-01 3.010531207905e-01 3.010531207905e-01 3.010531207905e-01 3.010531207905e-01 3.010531207905e-01 3.010531207905e-01 3.010531207905e-01 3.010531207905e-01 3.010531207905e-01 3.010531207905e-01 3.010531207905e-01 3.010531207905e-01 3.010531207905e-01 3.010531207905e-01 3.010531207905e-01 3.010531207905e-01 3.010531207905e-01 3.010531207905e-01 3.010531207905e-01 3.010531207905e-01 3.010531207905e-01 3.010531207905e-01 3.010531207905e-01 3.010531207905e-01 3.010531207905e-01 3.010531207905e-01 3.010531207905e-01 3.010531207905e-01 3.010531207905e-01 3.010531207905e-01 3.010531207905e-01 3.010531207905e-01 3.010531207905e-01 3.010531207905e-01 3.010531207905e-01 3.010531207905e-01 3.010531207905e-01 3.010531207905e-01 3.010531207905e-01 3.010531207905e-01 3.010531207905e-01 3.010531207905e-01 3.010531207905e-01 3.010531207905e-01 3.010531207905e-01 3.010531207905e-01 3.010531207905e-01 3.010531207905e-01 3.010531207905e-01 3.010531207905e-01 3.010531207905e-01 3.010531207905e-01 3.010531207905e-01 3.010531207905e-01 3.010531207905e-01 3.010531207905e-01 3.010531207905e-01 3.010531207905e-01 3.010531207905e-01 3.010531207905e-01 3.010531207905e-01 3.010531207905e-01 3.010531207905e-01 3.010531207905e-01 3.010531207905e-01 3.010531207905e-01
3.010502393563e-01 3.010502393563e-01 3.010502393563e-01 3.010502393563e-01 3.010502393563e-01 3.010502393563e-01 3.010502393563e-01 3.010502393563e-01 3.010502393563e-01 3.010502393563e-01 3.010502393563e-01 3.010502393563e-01 3.010502393563e-01 3.010502393563e-01 3.010502393563e-01 3.010502393563e-01 3.010502393563e-01 3.010502393563e-01 3.010502393563e-01 3.010502393563e-01 3.010502393563e-01 3.010502393563e-01 3.010502393563e-01 3.010502393563e-01 3.010502393563e-01 3.010502393563e-01 3.010502393563e-01 3.010502393563e-01 3.010502393563e-01 3.010502393563e-01 3.010502393563e-01 3.010502393563e-01 3.010502393563e-01 3.010502393563e-01 3.010502393563e-01 3.010502393563e-01 3.010502393563e-01 3.010502393563e-01 3.010502393563e-01 3.010502393563e-01 3.010502393563e-01 3.010502393563e-01 3.010502393563e-01 3.010502393563e-01 3.010502393563e-01 3.010502393563e-01 3.010502393563e-01 3.010502393563e-01 3.010502393563e-01 3.010502393563e-01 3.010502393563e-01 3.010502393563e-01 3.010502393563e-01 3.010502393563e-01 3.010502393563e-01 3.010502393563e-01 3.010502393563e-01 3.010502393563e-01 3.010502393563e-01 3.010502393563e-01 3.010502393563e-01 3.010502393563e-01 3.010502393563e-01 3.010502393563e-01 3.010502393563e-01 3.010502393563e-01 3.010502393563e-01 3.010502393563e-01 3.010502393563e-01 3.010502393563e-01 3.010502393563e-01 3.010502393563e-01 3.010502393563e-01 3.010502393563e-01 3.010502393563e-01 3.010502393563e-01 3.010502393563e-01 3.010502393563e-01 3.010502393563e-01 3.010502393563e-01 3.010502393563e-01 3.010502393563e-01 3.010502393563e-01 3.010502393563e-01 3.010502393563e-01 3.010502393563e-01 3.010502393563e-01 3.010502393563e-01 3.010502393563e-01 3.010502393563e-01 3.010502393563e-01 3.010502393563e-01 3.010502393563e-01 3.010502393563e-01 3.010502393563e-01 3.010502393563e-01 3.010502393563e-01 3.010502393563e-01 3.010502393563e-01 3.010502393563e-01 3.010502393563e-01 3.010502393563e-01 3.010502393563e-01 3.010502393563e-01
3.010467364765e-01 3.010467364765e-01 3.010467364765e-01 3.010467364765e-01 3.010467364765e-01 3.010467364765e-01 3.010467364765e-01 3.010467364765e-01 3.010467364765e-01 3.010467364765e-01 3.010467364765e-01 3.010467364765e-01 3.010467364765e-01 3.010467364765e-01 3.010467364765e-01 3.010467364765e-01 3.010467364765e-01 3.010467364765e-01 3.010467364765e-01 3.010467364765e-01 3.010467364765e-01 3.010467364765e-01 3.010467364765e-01 3.010467364765e-01 3.010467364765e-01 3.010467364765e-01 3.010467364765e-01 3.010467364765e-01 3.010467364765e-01 3.010467364765e-01 3.010467364765e-01 3.010467364765e-01 3.010467364765e-01 3.010467364765e-01 3.010467364765e-01 3.010467364765e-01 3.010467364765e-01 3.010467364765e-01 3.010467364765e-01 3.010467364765e-01 3.010467364765e-01 3.010467364765e-01 3.010467364765e-01 3.010467364765e-01 3.010467364765e-01 3.010467364765e-01 3.010467364765e-01 3.010467364765e-01 3.010467364765e-01 3.010467364765e-01 3.010467364765e-01 3.010467364765e-01 3.010467364765e-01 3.010467364765e-01 3.010467364765e-01 3.010467364765e-01 3.010467364765e-01 3.010467364765e-01 3.010467364765e-01 3.010467364765e-01 3.010467364765e-01 3.010467364765e-01 3.010467364765e-01 3.010467364765e-01 3.010467364765e-01 3.010467364765e-01 3.010467364765e-01 3.010467364765e-01 3.010467364765e-01 3.010467364765e-01 3.010467364765e-01 3.010467364765e-01 3.010467364765e-01 3.010467364765e-01 3.010467364765e-01 3.010467364765e-01 3.010467364765e-01 3.010467364765e-01 3.010467364765e-01 3.010467364765e-01 3.010467364765e-01 3.010467364765e-01 3.010467364765e-01 3.010467364765e-01 3.010467364765e-01 3.010467364765e-01 3.010467364765e-01 3.010467364765e-01 3.010467364765e-01 3.010467364765e-01 3.010467364765e-01 3.010467364765e-01 3.010467364765e-01 3.010467364765e-01 3.010467364765e-01 3.010467364765e-01 3.010467364765e-01 3.010467364765e-01 3.010467364765e-01 3.010467364765e-01 3.010467364765e-01 3.010467364765e-01 3.010467364765e-01 3.010467364765e-01
3.010552540447e-01 3.010552540447e-01 3.010552540447e-01 3.010552540447e-01 3.010552540447e-01 3.010552540447e-01 3.010552540447e-01 3.010552540447e-01 3.010552540447e-01 3.010552540447e-01 3.010552540447e-01 3.010552540447e-01 3.010552540447e-01 3.010552540447e-01 3.010552540447e-01 3.010552540447e-01 3.010552540447e-01 3.010552540447e-01 3.010552540447e-01 3.010552540447e-01 3.010552540447e-01 3.010552540447e-01 3.010552540447e-01 3.010552540447e-01 3.010552540447e-01 3.010552540447e-01 3.010552540447e-01 3.010552540447e-01 3.010552540447e-01 3.010552540447e-01 3.010552540447e-01 3.010552540447e-01 3.010552540447e-01 3.010552540447e-01 3.010552540447e-01 3.010552540447e-01 3.010552540447e-01 3.010552540447e-01 3.010552540447e-01 3.010552540447e-01 3.010552540447e-01 3.010552540447e-01 3.010552540447e-01 3.010552540447e-01 3.010552540447e-01 3.010552540447e-01 3.010552540447e-01 3.010552540447e-01 3.010552540447e-01 3.010552540447e-01 3.010552540447e-01 3.010552540447e-01 3.010552540447e-01 3.010552540447e-01 3.010552540447e-01 3.010552540447e-01 3.010552540447e-01 3.010552540447e-01 3.010552540447e-01 3.010552540447e-01 3.010552540447e-01 3.010552540447e-01 3.010552540447e-01 3.010552540447e-01 3.010552540447e-01 3.010552540447e-01 3.010552540447e-01 3.010552540447e-01 3.010552540447e-01 3.010552540447e-01 3.010552540447e-01 3.010552540447e-01 3.010552540447e-01 3.010552540447e-01 3.010552540447e-01 3.010552540447e-01 3.010552540447e-01 3.010552540447e-01 3.010552540447e-01 3.010552540447e-01 3.010552540447e-01 3.010552540447e-01 3.010552540447e-01 3.010552540447e-01 3.010552540447e-01 3.010552540447e-01 3.010552540447e-01 3.010552540447e-01 3.010552540447e-01 3.010552540447e-01 3.010552540447e-01 3.010552540447e-01 3.010552540447e-01 3.010552540447e-01 3.010552540447e-01 3.010552540447e-01 3.010552540447e-01 3.010552540447e-01 3.010552540447e-01 3.010552540447e-01 3.010552540447e-01 3.010552540447e-01 3.010552540447e-01 3.010552540447e-01
3.010461944374e-01 3.010461944374e-01 3.010461944374e-01 3.010461944374e-01 3.010461944374e-01 3.010461944374e-01 3.010461944374e-01 3.010461944374e-01 3.010461944374e-01 3.010461944374e-01 3.010461944374e-01 3.010461944374e-01 3.010461944374e-01 3.010461944374e-01 3.010461944374e-01 3.010461944374e-01 3.010461944374e-01 3.010461944374e-01 3.010461944374e-01 3.010461944374e-01 3.010461944374e-01 3.010461944374e-01 3.010461944374e-01 3.010461944374e-01 3.010461944374e-01 3.010461944374e-01 3.010461944374e-01 3.010461944374e-01 3.010461944374e-01 3.010461944374e-01 3.010461944374e-01 3.010461944374e-01 3.010461944374e-01 3.010461944374e-01 3.010461944374e-01 3.010461944374e-01 3.010461944374e-01 3.010461944374e-01 3.010461944374e-01 3.010461944374e-01 3.010461944374e-01 3.010461944374e-01 3.010461944374e-01 3.010461944374e-01 3.010461944374e-01 3.010461944374e-01 3.010461944374e-01 3.010461944374e-01 3.010461944374e-01 3.010461944374e-01 3.010461944374e-01 3.010461944374e-01 3.010461944374e-01 3.010461944374e-01 3.010461944374e-01 3.010461944374e-01 3.010461944374e-01 3.010461944374e-01 3.010461944374e-01 3.010461944374e-01 3.010461944374e-01 3.010461944374e-01 3.010461944374e-01 3.010461944374e-01 3.010461944374e-01 3.010461944374e-01 3.010461944374e-01 3.010461944374e-01 3.010461944374e-01 3.010461944374e-01 3.010461944374e-01 3.010461944374e-01 3.010461944374e-01 3.010461944374e-01 3.010461944374e-01 3.010461944374e-01 3.010461944374e-01 3.010461944374e-01 3.010461944374e-01 3.010461944374e-01 3.010461944374e-01 3.010461944374e-01 3.010461944374e-01 3.010461944374e-01 3.010461944374e-01 3.010461944374e-01 3.010461944374e-01 3.010461944374e-01 3.010461944374e-01 3.010461944374e-01 3.010461944374e-01 3.010461944374e-01 3.010461944374e-01 3.010461944374e-01 3.010461944374e-01 3.010461944374e-01 3.010461944374e-01 3.010461944374e-01 3.010461944374e-01 3.010461944374e-01 3.010461944374e-01 3.010461944374e-01 3.010461944374e-01 3.010461944374e-01
3.010548630429e-01 3.010548630429e-01 3.010548630429e-01 3.010548630429e-01 3.010548630429e-01 3.010548630429e-01 3.010548630429e-01 3.010548630429e-01 3.010548630429e-01 3.010548630429e-01 3.010548630429e-01 3.010548630429e-01 3.010548630429e-01 3.010548630429e-01 3.010548630429e-01 3.010548630429e-01 3.010548630429e-01 3.010548630429e-01 3.010548630429e-01 3.010548630429e-01 3.010548630429e-01 3.010548630429e-01 3.010548630429e-01 3.010548630429e-01 3.010548630429e-01 3.010548630429e-01 3.010548630429e-01 3.010548630429e-01 3.010548630429e-01 3.010548630429e-01 3.010548630429e-01 3.010548630429e-01 3.010548630429e-01 3.010548630429e-01 3.010548630429e-01 3.010548630429e-01 3.010548630429e-01 3.010548630429e-01 3.010548630429e-01 3.010548630429e-01 3.010548630429e-01 3.010548630429e-01 3.010548630429e-01 3.010548630429e-01 3.010548630429e-01 3.010548630429e-01 3.010548630429e-01 3.010548630429e-01 3.010548630429e-01 3.010548630429e-01 3.010548630429e-01 3.010548630429e-01 3.010548630429e-01 3.010548630429e-01 3.010548630429e-01 3.010548630429e-01 3.010548630429e-01 3.010548630429e-01 3.010548630429e-01 3.010548630429e-01 3.010548630429e-01 3.010548630429e-01 3.010548630429e-01 3.010548630429e-01 3.010548630429e-01 3.010548630429e-01 3.010548630429e-01 3.010548630429e-01 3.010548630429e-01 3.010548630429e-01 3.010548630429e-01 3.010548630429e-01 3.010548630429e-01 3.010548630429e-01 3.010548630429e-01 3.010548630429e-01 3.010548630429e-01 3.010548630429e-01 3.010548630429e-01 3.010548630429e-01 3.010548630429e-01 3.010548630429e-01 3.010548630429e-01 3.010548630429e-01 3.010548630429e-01 3.010548630429e-01 3.010548630429e-01 3.010548630429e-01 3.010548630429e-01 3.010548630429e-01 3.010548630429e-01 3.010548630429e-01 3.010548630429e-01 3.010548630429e-01 3.010548630429e-01 3.010548630429e-01 3.010548630429e-01 3.010548630429e-01 3.010548630429e-01 3.010548630429e-01 3.010548630429e-01 3.010548630429e-01 3.010548630429e-01 3.010548630429e-01
3.010462913499e-01 3.010462913499e-01 3.010462913499e-01 3.010462913499e-01 3.010462913499e-01 3.010462913499e-01 3.010462913499e-01 3.010462913499e-01 3.010462913499e-01 3.010462913499e-01 3.010462913499e-01 3.010462913499e-01 3.010462913499e-01 3.010462913499e-01 3.010462913499e-01 3.010462913499e-01 3.010462913499e-01 3.010462913499e-01 3.010462913499e-01 3.010462913499e-01 3.010462913499e-01 3.010462913499e-01 3.010462913499e-01 3.010462913499e-01 3.010462913499e-01 3.010462913499e-01 3.010462913499e-01 3.010462913499e-01 3.010462913499e-01 3.010462913499e-01 3.010462913499e-01 3.010462913499e-01 3.010462913499e-01 3.010462913499e-01 3.010462913499e-01 3.010462913499e-01 3.010462913499e-01 3.010462913499e-01 3.010462913499e-01 3.010462913499e-01 3.010462913499e-01 3.010462913499e-01 3.010462913499e-01 3.010462913499e-01 3.010462913499e-01 3.010462913499e-01 3.010462913499e-01 3.010462913499e-01 3.010462913499e-01 3.010462913499e-01 3.010462913499e-01 3.010462913499e-01 3.010462913499e-01 3.010462913499e-01 3.010462913499e-01 3.010462913499e-01 3.010462913499e-01 3.010462913499e-01 3.010462913499e-01 3.010462913499e-01 3.010462913499e-01 3.010462913499e-01 3.010462913499e-01 3.010462913499e-01 3.010462913499e-01 3.010462913499e-01 3.010462913499e-01 3.010462913499e-01 3.010462913499e-01 3.010462913499e-01 3.010462913499e-01 3.010462913499e-01 3.010462913499e-01 3.010462913499e-01 3.010462913499e-01 3.010462913499e-01 3.010462913499e-01 3.010462913499e-01 3.010462913499e-01 3.010462913499e-01 3.010462913499e-01 3.010462913499e-01 3.010462913499e-01 3.010462913499e-01 3.010462913499e-01 3.010462913499e-01 3.010462913499e-01 3.010462913499e-01 3.010462913499e-01 3.010462913499e-01 3.010462913499e-01 3.010462913499e-01 3.010462913499e-01 3.010462913499e-01 3.010462913499e-01 3.010462913499e-01 3.010462913499e-01 3.010462913499e-01 3.010462913499e-01 3.010462913499e-01 3.010462913499e-01 3.010462913499e-01 3.010462913499e-01 3.010462913499e-01
3.010549106877e-01 3.010549106877e-01 3.010549106877e-01 3.010549106877e-01 3.010549106877e-01 3.010549106877e-01 3.010549106877e-01 3.010549106877e-01 3.010549106877e-01 3.010549106877e-01 3.010549106877e-01 3.010549106877e-01 3.010549106877e-01 3.010549106877e-01 3.010549106877e-01 3.010549106877e-01 3.010549106877e-01 3.010549106877e-01 3.010549106877e-01 3.010549106877e-01 3.010549106877e-01 3.010549106877e-01 3.010549106877e-01 3.010549106877e-01 3.010549106877e-01 3.010549106877e-01 3.010549106877e-01 3.010549106877e-01 3.010549106877e-01 3.010549106877e-01 3.010549106877e-01 3.010549106877e-01 3.010549106877e-01 3.010549106877e-01 3.010549106877e-01 3.010549106877e-01 3.010549106877e-01 3.010549106877e-01 3.010549106877e-01 3.010549106877e-01 3.010549106877e-01 3.010549106877e-01 3.010549106877e-01 3.010549106877e-01 3.010549106877e-01 3.010549106877e-01 3.010549106877e-01 3.010549106877e-01 3.010549106877e-01 3.010549106877e-01 3.010549106877e-01 3.010549106877e-01 3.010549106877e-01 3.010549106877e-01 3.010549106877e-01 3.010549106877e-01 3.010549106877e-01 3.010549106877e-01 3.010549106877e-01 3.010549106877e-01 3.010549106877e-01 3.010549106877e-01 3.010549106877e-01 3.010549106877e-01 3.010549106877e-01 3.010549106877e-01 3.010549106877e-01 3.010549106877e-01 3.010549106877e-01 3.010549106877e-01 3.010549106877e-01 3.010549106877e-01 3.010549106877e-01 3.010549106877e-01 3.010549106877e-01 3.010549106877e-01 3.010549106877e-01 3.010549106877e-01 3.010549106877e-01 3.010549106877e-01 3.010549106877e-01 3.010549106877e-01 3.010549106877e-01 3.010549106877e-01 3.010549106877e-01 3.010549106877e-01 3.010549106877e-01 3.010549106877e-01 3.010549106877e-01 3.010549106877e-01 3.010549106877e-01 3.010549106877e-01 3.010549106877e-01 3.010549106877e-01 3.010549106877e-01 3.010549106877e-01 3.010549106877e-01 3.010549106877e-01 3.010549106877e-01 3.010549106877e-01 3.010549106877e-01 3.010549106877e-01 3.010549106877e-01 3.010549106877e-01
3.010462167249e-01 3.010462167249e-01 3.010462167249e-01 3.010462167249e-01 3.010462167249e-01 3.010462167249e-01 3.010462167249e-01 3.010462167249e-01 3.010462167249e-01 3.010462167249e-01 3.010462167249e-01 3.010462167249e-01 3.010462167249e-01 3.010462167249e-01 3.010462167249e-01 3.010462167249e-01 3.010462167249e-01 3.010462167249e-01 3.010462167249e-01 3.010462167249e-01 3.010462167249e-01 3.010462167249e-01 3.010462167249e-01 3.010462167249e-01 3.010462167249e-01 3.010462167249e-01 3.010462167249e-01 3.010462167249e-01 3.010462167249e-01 3.010462167249e-01 3.010462167249e-01 3.010462167249e-01 3.010462167249e-01 3.010462167249e-01 3.010462167249e-01 3.010462167249e-01 3.010462167249e-01 3.010462167249e-01 3.010462167249e-01 3.010462167249e-01 3.010462167249e-01 3.010462167249e-01 3.010462167249e-01 3.010462167249e-01 3.010462167249e-01 3.010462167249e-01 3.010462167249e-01 3.010462167249e-01 3.010462167249e-01 3.010462167249e-01 3.010462167249e-01 3.010462167249e-01 3.010462167249e-01 3.010462167249e-01 3.010462167249e-01 3.010462167249e-01 3.010462167249e-01 3.010462167249e-01 3.010462167249e-01 3.010462167249e-01 3.010462167249e-01 3.010462167249e-01 3.010462167249e-01 3.010462167249e-01 3.010462167249e-01 3.010462167249e-01 3.010462167249e-01 3.010462167249e-01 3.010462167249e-01 3.010462167249e-01 3.010462167249e-01 3.010462167249e-01 3.010462167249e-01 3.010462167249e-01 3.010462167249e-01 3.010462167249e-01 3.010462167249e-01 3.010462167249e-01 3.010462167249e-01 3.010462167249e-01 3.010462167249e-01 3.010462167249e-01 3.010462167249e-01 3.010462167249e-01 3.010462167249e-01 3.010462167249e-01 3.010462167249e-01 3.010462167249e-01 3.010462167249e-01 3.010462167249e-01 3.010462167249e-01 3.010462167249e-01 3.010462167249e-01 3.010462167249e-01 3.010462167249e-01 3.010462167249e-01 3.010462167249e-01 3.010462167249e-01 3.010462167249e-01 3.010462167249e-01 3.010462167249e-01 3.010462167249e-01 3.010462167249e-01 3.010462167249e-01
3.010550152021e-01 3.010550152021e-01 3.010550152021e-01 3.010550152021e-01 3.010550152021e-01 3.010550152021e-01 3.010550152021e-01 3.010550152021e-01 3.010550152021e-01 3.010550152021e-01 3.010550152021e-01 3.010550152021e-01 3.010550152021e-01 3.010550152021e-01 3.010550152021e-01 3.010550152021e-01 3.010550152021e-01 3.010550152021e-01 3.010550152021e-01 3.010550152021e-01 3.010550152021e-01 3.010550152021e-01 3.010550152021e-01 3.010550152021e-01 3.010550152021e-01 3.010550152021e-01 3.010550152021e-01 3.010550152021e-01 3.010550152021e-01 3.010550152021e-01 3.010550152021e-01 3.010550152021e-01 3.010550152021e-01 3.010550152021e-01 3.010550152021e-01 3.010550152021e-01 3.010550152021e-01 3.010550152021e-01 3.010550152021e-01 3.010550152021e-01 3.010550152021e-01 3.010550152021e-01 3.010550152021e-01 3.010550152021e-01 3.010550152021e-01 3.010550152021e-01 3.010550152021e-01 3.010550152021e-01 3.010550152021e-01 3.010550152021e-01 3.010550152021e-01 3.010550152021e-01 3.010550152021e-01 3.010550152021e-01 3.010550152021e-01 3.010550152021e-01 3.010550152021e-01 3.010550152021e-01 3.010550152021e-01 3.010550152021e-01 3.010550152021e-01 3.010550152021e-01 3.010550152021e-01 3.010550152021e-01 3.010550152021e-01 3.010550152021e-01 3.010550152021e-01 3.010550152021e-01 3.010550152021e-01 3.010550152021e-01 3.010550152021e-01 3.010550152021e-01 3.010550152021e-01 3.010550152021e-01 3.010550152021e-01 3.010550152021e-01 3.010550152021e-01 3.010550152021e-01 3.010550152021e-01 3.010550152021e-01 3.010550152021e-01 3.010550152021e-01 3.010550152021e-01 3.010550152021e-01 3.010550152021e-01 3.010550152021e-01 3.010550152021e-01 3.010550152021e-01 3.010550152021e-01 3.010550152021e-01 3.010550152021e-01 3.010550152021e-01 3.010550152021e-01 3.010550152021e-01 3.010550152021e-01 3.010550152021e-01 3.010550152021e-01 3.010550152021e-01 3.010550152021e-01 3.010550152021e-01 3.010550152021e-01 3.010550152021e-01 3.010550152021e-01 3.010550152021e-01
3.010462002037e-01 3.010462002037e-01 3.010462002037e-01 3.010462002037e-01 3.010462002037e-01 3.010462002037e-01 3.010462002037e-01 3.010462002037e-01 3.010462002037e-01 3.010462002037e-01 3.010462002037e-01 3.010462002037e-01 3.010462002037e-01 3.010462002037e-01 3.010462002037e-01 3.010462002037e-01 3.010462002037e-01 3.010462002037e-01 3.010462002037e-01 3.010462002037e-01 3.010462002037e-01 3.010462002037e-01 3.010462002037e-01 3.010462002037e-01 3.010462002037e-01 3.010462002037e-01 3.010462002037e-01 3.010462002037e-01 3.010462002037e-01 3.010462002037e-01 3.010462002037e-01 3.010462002037e-01 3.010462002037e-01 3.010462002037e-01 3.010462002037e-01 3.010462002037e-01 3.010462002037e-01 3.010462002037e-01 3.010462002037e-01 3.010462002037e-01 3.010462002037e-01 3.010462002037e-01 3.010462002037e-01 3.010462002037e-01 3.010462002037e-01 3.010462002037e-01 3.010462002037e-01 3.010462002037e-01 3.010462002037e-01 3.010462002037e-01 3.010462002037e-01 3.010462002037e-01 3.010462002037e-01 3.010462002037e-01 3.010462002037e-01 3.010462002037e-01 3.010462002037e-01 3.010462002037e-01 3.010462002037e-01 3.010462002037e-01 3.010462002037e-01 3.010462002037e-01 3.010462002037e-01 3.010462002037e-01 3.010462002037e-01 3.010462002037e-01 3.010462002037e-01 3.010462002037e-01 3.010462002037e-01 3.010462002037e-01 3.010462002037e-01 3.010462002037e-01 3.010462002037e-01 3.010462002037e-01 3.010462002037e-01 3.010462002037e-01 3.010462002037e-01 3.010462002037e-01 3.010462002037e-01 3.010462002037e-01 3.010462002037e-01 3.010462002037e-01 3.010462002037e-01 3.010462002037e-01 3.010462002037e-01 3.010462002037e-01 3.010462002037e-01 3.010462002037e-01 3.010462002037e-01 3.010462002037e-01 3.010462002037e-01 3.010462002037e-01 3.010462002037e-01 3.010462002037e-01 3.010462002037e-01 3.010462002037e-01 3.010462002037e-01 3.010462002037e-01 3.010462002037e-01 3.010462002037e-01 3.010462002037e-01 3.010462002037e-01 3.010462002037e-01 3.010462002037e-01
3.010549388326e-01 3.010549388326e-01 3.010549388326e-01 3.010549388326e-01 3.010549388326e-01 3.010549388326e-01 3.010549388326e-01 3.010549388326e-01 3.010549388326e-01 3.010549388326e-01 3.010549388326e-01 3.010549388326e-01 3.010549388326e-01 3.010549388326e-01 3.010549388326e-01 3.010549388326e-01 3.010549388326e-01 3.010549388326e-01 3.010549388326e-01 3.010549388326e-01 3.010549388326e-01 3.010549388326e-01 3.010549388326e-01 3.010549388326e-01 3.010549388326e-01 3.010549388326e-01 3.010549388326e-01 3.010549388326e-01 3.010549388326e-01 3.010549388326e-01 3.010549388326e-01 3.010549388326e-01 3.010549388326e-01 3.010549388326e-01 3.010549388326e-01 3.010549388326e-01 3.010549388326e-01 3.010549388326e-01 3.010549388326e-01 3.010549388326e-01 3.010549388326e-01 3.010549388326e-01 3.010549388326e-01 3.010549388326e-01 3.010549388326e-01 3.010549388326e-01 3.010549388326e-01 3.010549388326e-01 3.010549388326e-01 3.010549388326e-01 3.010549388326e-01 3.010549388326e-01 3.010549388326e-01 3.010549388326e-01 3.010549388326e-01 3.010549388326e-01 3.010549388326e-01 3.010549388326e-01 3.010549388326e-01 3.010549388326e-01 3.010549388326e-01 3.010549388326e-01 3.010549388326e-01 3.010549388326e-01 3.010549388326e-01 3.010549388326e-01 3.010549388326e-01 3.010549388326e-01 3.010549388326e-01 3.010549388326e-01 3.010549388326e-01 3.010549388326e-01 3.010549388326e-01 3.010549388326e-01 3.010549388326e-01 3.010549388326e-01 3.010549388326e-01 3.010549388326e-01 3.010549388326e-01 3.010549388326e-01 3.010549388326e-01 3.010549388326e-01 3.010549388326e-01 3.010549388326e-01 3.010549388326e-01 3.010549388326e-01 3.010549388326e-01 3.010549388326e-01 3.010549388326e-01 3.010549388326e-01 3.010549388326e-01 3.010549388326e-01 3.010549388326e-01 3.010549388326e-01 3.010549388326e-01 3.010549388326e-01 3.010549388326e-01 3.010549388326e-01 3.010549388326e-01 3.010549388326e-01 3.010549388326e-01 3.010549388326e-01 3.010549388326e-01 3.010549388326e-01
3.010465718941e-01 3.010465718941e-01 3.010465718941e-01 3.010465718941e-01 3.010465718941e-01 3.010465718941e-01 3.010465718941e-01 3.010465718941e-01 3.010465718941e-01 3.010465718941e-01 3.010465718941e-01 3.010465718941e-01 3.010465718941e-01 3.010465718941e-01 3.010465718941e-01 3.010465718941e-01 3.010465718941e-01 3.010465718941e-01 3.010465718941e-01 3.010465718941e-01 3.010465718941e-01 3.010465718941e-01 3.010465718941e-01 3.010465718941e-01 3.010465718941e-01 3.010465718941e-01 3.010465718941e-01 3.010465718941e-01 3.010465718941e-01 3.010465718941e-01 3.010465718941e-01 3.010465718941e-01 3.010465718941e-01 3.010465718941e-01 3.010465718941e-01 3.010465718941e-01 3.010465718941e-01 3.010465718941e-01 3.010465718941e-01 3.010465718941e-01 3.010465718941e-01 3.010465718941e-01 3.010465718941e-01 3.010465718941e-01 3.010465718941e-01 3.010465718941e-01 3.010465718941e-01 3.010465718941e-01 3.010465718941e-01 3.010465718941e-01 3.010465718941e-01 3.010465718941e-01 3.010465718941e-01 3.010465718941e-01 3.010465718941e-01 3.010465718941e-01 3.010465718941e-01 3.010465718941e-01 3.010465718941e-01 3.010465718941e-01 3.010465718941e-01 3.010465718941e-01 3.010465718941e-01 3.010465718941e-01 3.010465718941e-01 3.010465718941e-01 3.010465718941e-01 3.010465718941e-01 3.010465718941e-01 3.010465718941e-01 3.010465718941e-01 3.010465718941e-01 3.010465718941e-01 3.010465718941e-01 3.010465718941e-01 3.010465718941e-01 3.010465718941e-01 3.010465718941e-01 3.010465718941e-01 3.010465718941e-01 3.010465718941e-01 3.010465718941e-01 3.010465718941e-01 3.010465718941e-01 3.010465718941e-01 3.010465718941e-01 3.010465718941e-01 3.010465718941e-01 3.010465718941e-01 3.010465718941e-01 3.010465718941e-01 3.010465718941e-01 3.010465718941e-01 3.010465718941e-01 3.010465718941e-01 3.010465718941e-01 3.010465718941e-01 3.010465718941e-01 3.010465718941e-01 3.010465718941e-01 3.010465718941e-01 3.010465718941e-01 3.010465718941e-01 3.010465718941e-01
3.010540470197e-01 3.010540470197e-01 3.010540470197e-01 3.010540470197e-01 3.010540470197e-01 3.010540470197e-01 3.010540470197e-01 3.010540470197e-01 3.010540470197e-01 3.010540470197e-01 3.010540470197e-01 3.010540470197e-01 3.010540470197e-01 3.010540470197e-01 3.010540470197e-01 3.010540470197e-01 3.010540470197e-01 3.010540470197e-01 3.010540470197e-01 3.010540470197e-01 3.010540470197e-01 3.010540470197e-01 3.010540470197e-01 3.010540470197e-01 3.010540470197e-01 3.010540470197e-01 3.010540470197e-01 3.010540470197e-01 3.010540470197e-01 3.010540470197e-01 3.010540470197e-01 3.010540470197e-01 3.010540470197e-01 3.010540470197e-01 3.010540470197e-01 3.010540470197e-01 3.010540470197e-01 3.010540470197e-01 3.010540470197e-01 3.010540470197e-01 3.010540470197e-01 3.010540470197e-01 3.010540470197e-01 3.010540470197e-01 3.010540470197e-01 3.010540470197e-01 3.010540470197e-01 3.010540470197e-01 3.010540470197e-01 3.010540470197e-01 3.010540470197e-01 3.010540470197e-01 3.010540470197e-01 3.010540470197e-01 3.010540470197e-01 3.010540470197e-01 3.010540470197e-01 3.010540470197e-01 3.010540470197e-01 3.010540470197e-01 3.010540470197e-01 3.010540470197e-01 3.010540470197e-01 3.010540470197e-01 3.010540470197e-01 3.010540470197e-01 3.010540470197e-01 3.010540470197e-01 3.010540470197e-01 3.010540470197e-01 3.010540470197e-01 3.010540470197e-01 3.010540470197e-01 3.010540470197e-01 3.010540470197e-01 3.010540470197e-01 3.010540470197e-01 3.010540470197e-01 3.010540470197e-01 3.010540470197e-01 3.010540470197e-01 3.010540470197e-01 3.010540470197e-01 3.010540470197e-01 3.010540470197e-01 3.010540470197e-01 3.010540470197e-01 3.010540470197e-01 3.010540470197e-01 3.010540470197e-01 3.010540470197e-01 3.010540470197e-01 3.010540470197e-01 3.010540470197e-01 3.010540470197e-01 3.010540470197e-01 3.010540470197e-01 3.010540470197e-01 3.010540470197e-01 3.010540470197e-01 3.010540470197e-01 3.010540470197e-01 3.010540470197e-01 3.010540470197e-01
3.010484732878e-01 3.010484732878e-01 3.010484732878e-01 3.010484732878e-01 3.010484732878e-01 3.010484732878e-01 3.010484732878e-01 3.010484732878e-01 3.010484732878e-01 3.010484732878e-01 3.010484732878e-01 3.010484732878e-01 3.010484732878e-01 3.010484732878e-01 3.010484732878e-01 3.010484732878e-01 3.010484732878e-01 3.010484732878e-01 3.010484732878e-01 3.010484732878e-01 3.010484732878e-01 3.010484732878e-01 3.010484732878e-01 3.010484732878e-01 3.010484732878e-01 3.010484732878e-01 3.010484732878e-01 3.010484732878e-01 3.010484732878e-01 3.010484732878e-01 3.010484732878e-01 3.010484732878e-01 3.010484732878e-01 3.010484732878e-01 3.010484732878e-01 3.010484732878e-01 3.010484732878e-01 3.010484732878e-01 3.010484732878e-01 3.010484732878e-01 3.010484732878e-01 3.010484732878e-01 3.010484732878e-01 3.010484732878e-01 3.010484732878e-01 3.010484732878e-01 3.010484732878e-01 3.010484732878e-01 3.010484732878e-01 3.010484732878e-01 3.010484732878e-01 3.010484732878e-01 3.010484732878e-01 3.010484732878e-01 3.010484732878e-01 3.010484732878e-01 3.010484732878e-01 3.010484732878e-01 3.010484732878e-01 3.010484732878e-01 3.010484732878e-01 3.010484732878e-01 3.010484732878e-01 3.010484732878e-01 3.010484732878e-01 3.010484732878e-01 3.010484732878e-01 3.010484732878e-01 3.010484732878e-01 3.010484732878e-01 3.010484732878e-01 3.010484732878e-01 3.010484732878e-01 3.010484732878e-01 3.010484732878e-01 3.010484732878e-01 3.010484732878e-01 3.010484732878e-01 3.010484732878e-01 3.010484732878e-01 3.010484732878e-01 3.010484732878e-01 3.010484732878e-01 3.010484732878e-01 3.010484732878e-01 3.010484732878e-01 3.010484732878e-01 3.010484732878e-01 3.010484732878e-01 3.010484732878e-01 3.010484732878e-01 3.010484732878e-01 3.010484732878e-01 3.010484732878e-01 3.010484732878e-01 3.010484732878e-01 3.010484732878e-01 3.010484732878e-01 3.010484732878e-01 3.010484732878e-01 3.010484732878e-01 3.010484732878e-01 3.010484732878e-01 3.010484732878e-01
3.010501792891e-01 3.010501792891e-01 3.010501792891e-01 3.010501792891e-01 3.010501792891e-01 3.010501792891e-01 3.010501792891e-01 3.010501792891e-01 3.010501792891e-01 3.010501792891e-01 3.010501792891e-01 3.010501792891e-01 3.010501792891e-01 3.010501792891e-01 3.010501792891e-01 3.010501792891e-01 3.010501792891e-01 3.010501792891e-01 3.010501792891e-01 3.010501792891e-01 3.010501792891e-01 3.010501792891e-01 3.010501792891e-01 3.010501792891e-01 3.010501792891e-01 3.010501792891e-01 3.010501792891e-01 3.010501792891e-01 3.010501792891e-01 3.010501792891e-01 3.010501792891e-01 3.010501792891e-01 3.010501792891e-01 3.010501792891e-01 3.010501792891e-01 3.010501792891e-01 3.010501792891e-01 3.010501792891e-01 3.010501792891e-01 3.010501792891e-01 3.010501792891e-01 3.010501792891e-01 3.010501792891e-01 3.010501792891e-01 3.010501792891e-01 3.010501792891e-01 3.010501792891e-01 3.010501792891e-01 3.010501792891e-01 3.010501792891e-01 3.010501792891e-01 3.010501792891e-01 3.010501792891e-01 3.010501792891e-01 3.010501792891e-01 3.010501792891e-01 3.010501792891e-01 3.010501792891e-01 3.010501792891e-01 3.010501792891e-01 3.010501792891e-01 3.010501792891e-01 3.010501792891e-01 3.010501792891e-01 3.010501792891e-01 3.010501792891e-01 3.010501792891e-01 3.010501792891e-01 3.010501792891e-01 3.010501792891e-01 3.010501792891e-01 3.010501792891e-01 3.010501792891e-01 3.010501792891e-01 3.010501792891e-01 3.010501792891e-01 3.010501792891e-01 3.010501792891e-01 3.010501792891e-01 3.010501792891e-01 3.010501792891e-01 3.010501792891e-01 3.010501792891e-01 3.010501792891e-01 3.010501792891e-01 3.010501792891e-01 3.010501792891e-01 3.010501792891e-01 3.010501792891e-01 3.010501792891e-01 3.010501792891e-01 3.010501792891e-01 3.010501792891e-01 3.010501792891e-01 3.010501792891e-01 3.010501792891e-01 3.010501792891e-01 3.010501792891e-01 3.010501792891e-01 3.010501792891e-01 3.010501792891e-01 3.010501792891e-01 3.010501792891e-01 3.010501792891e-01
3.010525422687e-01 3.010525422687e-01 3.010525422687e-01 3.010525422687e-01 3.010525422687e-01 3.010525422687e-01 3.010525422687e-01 3.010525422687e-01 3.010525422687e-01 3.010525422687e-01 3.010525422687e-01 3.010525422687e-01 3.010525422687e-01 3.010525422687e-01 3.010525422687e-01 3.010525422687e-01 3.010525422687e-01 3.010525422687e-01 3.010525422687e-01 3.010525422687e-01 3.010525422687e-01 3.010525422687e-01 3.010525422687e-01 3.010525422687e-01 3.010525422687e-01 3.010525422687e-01 3.010525422687e-01 3.010525422687e-01 3.010525422687e-01 3.010525422687e-01 3.010525422687e-01 3.010525422687e-01 3.010525422687e-01 3.010525422687e-01 3.010525422687e-01 3.010525422687e-01 3.010525422687e-01 3.010525422687e-01 3.010525422687e-01 3.010525422687e-01 3.010525422687e-01 3.010525422687e-01 3.010525422687e-01 3.010525422687e-01 3.010525422687e-01 3.010525422687e-01 3.010525422687e-01 3.010525422687e-01 3.010525422687e-01 3.010525422687e-01 3.010525422687e-01 3.010525422687e-01 3.010525422687e-01 3.010525422687e-01 3.010525422687e-01 3.010525422687e-01 3.010525422687e-01 3.010525422687e-01 3.010525422687e-01 3.010525422687e-01 3.010525422687e-01 3.010525422687e-01 3.010525422687e-01 3.010525422687e-01 3.010525422687e-01 3.010525422687e-01 3.010525422687e-01 3.010525422687e-01 3.010525422687e-01 3.010525422687e-01 3.010525422687e-01 3.010525422687e-01 3.010525422687e-01 3.010525422687e-01 3.010525422687e-01 3.010525422687e-01 3.010525422687e-01 3.010525422687e-01 3.010525422687e-01 3.010525422687e-01 3.010525422687e-01 3.010525422687e-01 3.010525422687e-01 3.010525422687e-01 3.010525422687e-01 3.010525422687e-01 3.010525422687e-01 3.010525422687e-01 3.010525422687e-01 3.010525422687e-01 3.010525422687e-01 3.010525422687e-01 3.010525422687e-01 3.010525422687e-01 3.010525422687e-01 3.010525422687e-01 3.010525422687e-01 3.010525422687e-01 3.010525422687e-01 3.010525422687e-01 3.010525422687e-01 3.010525422687e-01 3.010525422687e-01 3.010525422687e-01
3.010465289887e-01 3.010465289887e-01 3.010465289887e-01 3.010465289887e-01 3.010465289887e-01 3.010465289887e-01 3.010465289887e-01 3.010465289887e-01 3.010465289887e-01 3.010465289887e-01 3.010465289887e-01 3.010465289887e-01 3.010465289887e-01 3.010465289887e-01 3.010465289887e-01 3.010465289887e-01 3.010465289887e-01 3.010465289887e-01 3.010465289887e-01 3.010465289887e-01 3.010465289887e-01 3.010465289887e-01 3.010465289887e-01 3.010465289887e-01 3.010465289887e-01 3.010465289887e-01 3.010465289887e-01 3.010465289887e-01 3.010465289887e-01 3.010465289887e-01 3.010465289887e-01 3.010465289887e-01 3.010465289887e-01 3.010465289887e-01 3.010465289887e-01 3.010465289887e-01 3.010465289887e-01 3.010465289887e-01 3.010465289887e-01 3.010465289887e-01 3.010465289887e-01 3.010465289887e-01 3.010465289887e-01 3.010465289887e-01 3.010465289887e-01 3.010465289887e-01 3.010465289887e-01 3.010465289887e-01 3.010465289887e-01 3.010465289887e-01 3.010465289887e-01 3.010465289887e-01 3.010465289887e-01 3.010465289887e-01 3.010465289887e-01 3.010465289887e-01 3.010465289887e-01 3.010465289887e-01 3.010465289887e-01 3.010465289887e-01 3.010465289887e-01 3.010465289887e-01 3.010465289887e-01 3.010465289887e-01 3.010465289887e-01 3.010465289887e-01 3.010465289887e-01 3.010465289887e-01 3.010465289887e-01 3.010465289887e-01 3.010465289887e-01 3.010465289887e-01 3.010465289887e-01 3.010465289887e-01 3.010465289887e-01 3.010465289887e-01 3.010465289887e-01 3.010465289887e-01 3.010465289887e-01 3.010465289887e-01 3.010465289887e-01 3.010465289887e-01 3.010465289887e-01 3.010465289887e-01 3.010465289887e-01 3.010465289887e-01 3.010465289887e-01 3.010465289887e-01 3.010465289887e-01 3.010465289887e-01 3.010465289887e-01 3.010465289887e-01 3.010465289887e-01 3.010465289887e-01 3.010465289887e-01 3.010465289887e-01 3.010465289887e-01 3.010465289887e-01 3.010465289887e-01 3.010465289887e-01 3.010465289887e-01 3.010465289887e-01 3.010465289887e-01 3.010465289887e-01
3.010550717725e-01 3.010550717725e-01 3.010550717725e-01 3.010550717725e-01 3.010550717725e-01 3.010550717725e-01 3.010550717725e-01 3.010550717725e-01 3.010550717725e-01 3.010550717725e-01 3.010550717725e-01 3.010550717725e-01 3.010550717725e-01 3.010550717725e-01 3.010550717725e-01 3.010550717725e-01 3.010550717725e-01 3.010550717725e-01 3.010550717725e-01 3.010550717725e-01 3.010550717725e-01 3.010550717725e-01 3.010550717725e-01 3.010550717725e-01 3.010550717725e-01 3.010550717725e-01 3.010550717725e-01 3.010550717725e-01 3.010550717725e-01 3.010550717725e-01 3.010550717725e-01 3.010550717725e-01 3.010550717725e-01 3.010550717725e-01 3.010550717725e-01 3.010550717725e-01 3.010550717725e-01 3.010550717725e-01 3.010550717725e-01 3.010550717725e-01 3.010550717725e-01 3.010550717725e-01 3.010550717725e-01 3.010550717725e-01 3.010550717725e-01 3.010550717725e-01 3.010550717725e-01 3.010550717725e-01 3.010550717725e-01 3.010550717725e-01 3.010550717725e-01 3.010550717725e-01 3.010550717725e-01 3.010550717725e-01 3.010550717725e-01 3.010550717725e-01 3.010550717725e-01 3.010550717725e-01 3.010550717725e-01 3.010550717725e-01 3.010550717725e-01 3.010550717725e-01 3.010550717725e-01 3.010550717725e-01 3.010550717725e-01 3.010550717725e-01 3.010550717725e-01 3.010550717725e-01 3.010550717725e-01 3.010550717725e-01 3.010550717725e-01 3.010550717725e-01 3.010550717725e-01 3.010550717725e-01 3.010550717725e-01 3.010550717725e-01 3.010550717725e-01 3.010550717725e-01 3.010550717725e-01 3.010550717725e-01 3.010550717725e-01 3.010550717725e-01 3.010550717725e-01 3.010550717725e-01 3.010550717725e-01 3.010550717725e-01 3.010550717725e-01 3.010550717725e-01 3.010550717725e-01 3.010550717725e-01 3.010550717725e-01 3.010550717725e-01 3.010550717725e-01 3.010550717725e-01 3.010550717725e-01 3.010550717725e-01 3.010550717725e-01 3.010550717725e-01 3.010550717725e-01 3.010550717725e-01 3.010550717725e-01 3.010550717725e-01 3.010550717725e-01 3.010550717725e-01
3.010462248734e-01 3.010462248734e-01 3.010462248734e-01 3.010462248734e-01 3.010462248734e-01 3.010462248734e-01 3.010462248734e-01 3.010462248734e-01 3.010462248734e-01 3.010462248734e-01 3.010462248734e-01 3.010462248734e-01 3.010462248734e-01 3.010462248734e-01 3.010462248734e-01 3.010462248734e-01 3.010462248734e-01 3.010462248734e-01 3.010462248734e-01 3.010462248734e-01 3.010462248734e-01 3.010462248734e-01 3.010462248734e-01 3.010462248734e-01 3.010462248734e-01 3.010462248734e-01 3.010462248734e-01 3.010462248734e-01 3.010462248734e-01 3.010462248734e-01 3.010462248734e-01 3.010462248734e-01 3.010462248734e-01 3.010462248734e-01 3.010462248734e-01 3.010462248734e-01 3.010462248734e-01 3.010462248734e-01 3.010462248734e-01 3.010462248734e-01 3.010462248734e-01 3.010462248734e-01 3.010462248734e-01 3.010462248734e-01 3.010462248734e-01 3.010462248734e-01 3.010462248734e-01 3.010462248734e-01 3.010462248734e-01 3.010462248734e-01 3.010462248734e-01 3.010462248734e-01 3.010462248734e-01 3.010462248734e-01 3.010462248734e-01 3.010462248734e-01 3.010462248734e-01 3.010462248734e-01 3.010462248734e-01 3.010462248734e-01 3.010462248734e-01 3.010462248734e-01 3.010462248734e-01 3.010462248734e-01 3.010462248734e-01 3.010462248734e-01 3.010462248734e-01 3.010462248734e-01 3.010462248734e-01 3.010462248734e-01 3.010462248734e-01 3.010462248734e-01 3.010462248734e-01 3.010462248734e-01 3.010462248734e-01 3.010462248734e-01 3.010462248734e-01 3.010462248734e-01 3.010462248734e-01 3.010462248734e-01 3.010462248734e-01 3.010462248734e-01 3.010462248734e-01 3.010462248734e-01 3.010462248734e-01 3.010462248734e-01 3.010462248734e-01 3.010462248734e-01 3.010462248734e-01 3.010462248734e-01 3.010462248734e-01 3.010462248734e-01 3.010462248734e-01 3.010462248734e-01 3.010462248734e-01 3.010462248734e-01 3.010462248734e-01 3.010462248734e-01 3.010462248734e-01 3.010462248734e-01 3.010462248734e-01 3.010462248734e-01 3.010462248734e-01 3.010462248734e-01
3.010549195117e-01 3.010549195117e-01 3.010549195117e-01 3.010549195117e-01 3.010549195117e-01 3.010549195117e-01 3.010549195117e-01 3.010549195117e-01 3.010549195117e-01 3.010549195117e-01 3.010549195117e-01 3.010549195117e-01 3.010549195117e-01 3.010549195117e-01 3.010549195117e-01 3.010549195117e-01 3.010549195117e-01 3.010549195117e-01 3.010549195117e-01 3.010549195117e-01 3.010549195117e-01 3.010549195117e-01 3.010549195117e-01 3.010549195117e-01 3.010549195117e-01 3.010549195117e-01 3.010549195117e-01 3.010549195117e-01 3.010549195117e-01 3.010549195117e-01 3.010549195117e-01 3.010549195117e-01 3.010549195117e-01 3.010549195117e-01 3.010549195117e-01 3.010549195117e-01 3.010549195117e-01 3.010549195117e-01 3.010549195117e-01 3.010549195117e-01 3.010549195117e-01 3.010549195117e-01 3.010549195117e-01 3.010549195117e-01 3.010549195117e-01 3.010549195117e-01 3.010549195117e-01 3.010549195117e-01 3.010549195117e-01 3.010549195117e-01 3.010549195117e-01 3.010549195117e-01 3.010549195117e-01 3.010549195117e-01 3.010549195117e-01 3.010549195117e-01 3.010549195117e-01 3.010549195117e-01 3.010549195117e-01 3.010549195117e-01 3.010549195117e-01 3.010549195117e-01 3.010549195117e-01 3.010549195117e-01 3.010549195117e-01 3.010549195117e-01 3.010549195117e-01 3.010549195117e-01 3.010549195117e-01 3.010549195117e-01 3.010549195117e-01 3.010549195117e-01 3.010549195117e-01 3.010549195117e-01 3.010549195117e-01 3.010549195117e-01 3.010549195117e-01 3.010549195117e-01 3.010549195117e-01 3.010549195117e-01 3.010549195117e-01 3.010549195117e-01 3.010549195117e-01 3.010549195117e-01 3.010549195117e-01 3.010549195117e-01 3.010549195117e-01 3.010549195117e-01 3.010549195117e-01 3.010549195117e-01 3.010549195117e-01 3.010549195117e-01 3.010549195117e-01 3.010549195117e-01 3.010549195117e-01 3.010549195117e-01 3.010549195117e-01 3.010549195117e-01 3.010549195117e-01 3.010549195117e-01 3.010549195117e-01 3.010549195117e-01 3.010549195117e-01 3.010549195117e-01
3.010462328154e-01 3.010462328154e-01 3.010462328154e-01 3.010462328154e-01 3.010462328154e-01 3.010462328154e-01 3.010462328154e-01 3.010462328154e-01 3.010462328154e-01 3.010462328154e-01 3.010462328154e-01 3.010462328154e-01 3.010462328154e-01 3.010462328154e-01 3.010462328154e-01 3.010462328154e-01 3.010462328154e-01 3.010462328154e-01 3.010462328154e-01 3.010462328154e-01 3.010462328154e-01 3.010462328154e-01 3.010462328154e-01 3.010462328154e-01 3.010462328154e-01 3.010462328154e-01 3.010462328154e-01 3.010462328154e-01 3.010462328154e-01 3.010462328154e-01 3.010462328154e-01 3.010462328154e-01 3.010462328154e-01 3.010462328154e-01 3.010462328154e-01 3.010462328154e-01 3.010462328154e-01 3.010462328154e-01 3.010462328154e-01 3.010462328154e-01 3.010462328154e-01 3.010462328154e-01 3.010462328154e-01 3.010462328154e-01 3.010462328154e-01 3.010462328154e-01 3.010462328154e-01 3.010462328154e-01 3.010462328154e-01 3.010462328154e-01 3.010462328154e-01 3.010462328154e-01 3.010462328154e-01 3.010462328154e-01 3.010462328154e-01 3.010462328154e-01 3.010462328154e-01 3.010462328154e-01 3.010462328154e-01 3.010462328154e-01 3.010462328154e-01 3.010462328154e-01 3.010462328154e-01 3.010462328154e-01 3.010462328154e-01 3.010462328154e-01 3.010462328154e-01 3.010462328154e-01 3.010462328154e-01 3.010462328154e-01 3.010462328154e-01 3.010462328154e-01 3.010462328154e-01 3.010462328154e-01 3.010462328154e-01 3.010462328154e-01 3.010462328154e-01 3.010462328154e-01 3.010462328154e-01 3.010462328154e-01 3.010462328154e-01 3.010462328154e-01 3.010462328154e-01 3.010462328154e-01 3.010462328154e-01 3.010462328154e-01 3.010462328154e-01 3.010462328154e-01 3.010462328154e-01 3.010462328154e-01 3.010462328154e-01 3.010462328154e-01 3.010462328154e-01 3.010462328154e-01 3.010462328154e-01 3.010462328154e-01 3.010462328154e-01 3.010462328154e-01 3.010462328154e-01 3.010462328154e-01 3.010462328154e-01 3.010462328154e-01 3.010462328154e-01 3.010462328154e-01
3.010549845422e-01 3.010549845422e-01 3.010549845422e-01 3.010549845422e-01 3.010549845422e-01 3.010549845422e-01 3.010549845422e-01 3.010549845422e-01 3.010549845422e-01 3.010549845422e-01 3.010549845422e-01 3.010549845422e-01 3.010549845422e-01 3.010549845422e-01 3.010549845422e-01 3.010549845422e-01 3.010549845422e-01 3.010549845422e-01 3.010549845422e-01 3.010549845422e-01 3.010549845422e-01 3.010549845422e-01 3.010549845422e-01 3.010549845422e-01 3.010549845422e-01 3.010549845422e-01 3.010549845422e-01 3.010549845422e-01 3.010549845422e-01 3.010549845422e-01 3.010549845422e-01 3.010549845422e-01 3.010549845422e-01 3.010549845422e-01 3.010549845422e-01 3.010549845422e-01 3.010549845422e-01 3.010549845422e-01 3.010549845422e-01 3.010549845422e-01 3.010549845422e-01 3.010549845422e-01 3.010549845422e-01 3.010549845422e-01 3.010549845422e-01 3.010549845422e-01 3.010549845422e-01 3.010549845422e-01 3.010549845422e-01 3.010549845422e-01 3.010549845422e-01 3.010549845422e-01 3.010549845422e-01 3.010549845422e-01 3.010549845422e-01 3.010549845422e-01 3.010549845422e-01 3.010549845422e-01 3.010549845422e-01 3.010549845422e-01 3.010549845422e-01 3.010549845422e-01 3.010549845422e-01 3.010549845422e-01 3.010549845422e-01 3.010549845422e-01 3.010549845422e-01 3.010549845422e-01 3.010549845422e-01 3.010549845422e-01 3.010549845422e-01 3.010549845422e-01 3.010549845422e-01 3.010549845422e-01 3.010549845422e-01 3.010549845422e-01 3.010549845422e-01 3.010549845422e-01 3.010549845422e-01 3.010549845422e-01 3.010549845422e-01 3.010549845422e-01 3.010549845422e-01 3.010549845422e-01 3.010549845422e-01 3.010549845422e-01 3.010549845422e-01 3.010549845422e-01 3.010549845422e-01 3.010549845422e-01 3.010549845422e-01 3.010549845422e-01 3.010549845422e-01 3.010549845422e-01 3.010549845422e-01 3.010549845422e-01 3.010549845422e-01 3.010549845422e-01 3.010549845422e-01 3.010549845422e-01 3.010549845422e-01 3.010549845422e-01 3.010549845422e-01 3.010549845422e-01
3.010462159030e-01 3.010462159030e-01 3.010462159030e-01 3.010462159030e-01 3.010462159030e-01 3.010462159030e-01 3.010462159030e-01 3.010462159030e-01 3.010462159030e-01 3.010462159030e-01 3.010462159030e-01 3.010462159030e-01 3.010462159030e-01 3.010462159030e-01 3.010462159030e-01 3.010462159030e-01 3.010462159030e-01 3.010462159030e-01 3.010462159030e-01 3.010462159030e-01 3.010462159030e-01 3.010462159030e-01 3.010462159030e-01 3.010462159030e-01 3.010462159030e-01 3.010462159030e-01 3.010462159030e-01 3.010462159030e-01 3.010462159030e-01 3.010462159030e-01 3.010462159030e-01 3.010462159030e-01 3.010462159030e-01 3.010462159030e-01 3.010462159030e-01 3.010462159030e-01 3.010462159030e-01 3.010462159030e-01 3.010462159030e-01 3.010462159030e-01 3.010462159030e-01 3.010462159030e-01 3.010462159030e-01 3.010462159030e-01 3.010462159030e-01 3.010462159030e-01 3.010462159030e-01 3.010462159030e-01 3.010462159030e-01 3.010462159030e-01 3.010462159030e-01 3.010462159030e-01 3.010462159030e-01 3.010462159030e-01 3.010462159030e-01 3.010462159030e-01 3.010462159030e-01 3.010462159030e-01 3.010462159030e-01 3.010462159030e-01 3.010462159030e-01 3.010462159030e-01 3.010462159030e-01 3.010462159030e-01 3.010462159030e-01 3.010462159030e-01 3.010462159030e-01 3.010462159030e-01 3.010462159030e-01 3.010462159030e-01 3.010462159030e-01 3.010462159030e-01 3.010462159030e-01 3.010462159030e-01 3.010462159030e-01 3.010462159030e-01 3.010462159030e-01 3.010462159030e-01 3.010462159030e-01 3.010462159030e-01 3.010462159030e-01 3.010462159030e-01 3.010462159030e-01 3.010462159030e-01 3.010462159030e-01 3.010462159030e-01 3.010462159030e-01 3.010462159030e-01 3.010462159030e-01 3.010462159030e-01 3.010462159030e-01 3.010462159030e-01 3.010462159030e-01 3.010462159030e-01 3.010462159030e-01 3.010462159030e-01 3.010462159030e-01 3.010462159030e-01 3.010462159030e-01 3.010462159030e-01 3.010462159030e-01 3.010462159030e-01 3.010462159030e-01 3.010462159030e-01
3.010549333218e-01 3.010549333218e-01 3.010549333218e-01 3.010549333218e-01 3.010549333218e-01 3.010549333218e-01 3.010549333218e-01 3.010549333218e-01 3.010549333218e-01 3.010549333218e-01 3.010549333218e-01 3.010549333218e-01 3.010549333218e-01 3.010549333218e-01 3.010549333218e-01 3.010549333218e-01 3.010549333218e-01 3.010549333218e-01 3.010549333218e-01 3.010549333218e-01 3.010549333218e-01 3.010549333218e-01 3.010549333218e-01 3.010549333218e-01 3.010549333218e-01 3.010549333218e-01 3.010549333218e-01 3.010549333218e-01 3.010549333218e-01 3.010549333218e-01 3.010549333218e-01 3.010549333218e-01 3.010549333218e-01 3.010549333218e-01 3.010549333218e-01 3.010549333218e-01 3.010549333218e-01 3.010549333218e-01 3.010549333218e-01 3.010549333218e-01 3.010549333218e-01 3.010549333218e-01 3.010549333218e-01 3.010549333218e-01 3.010549333218e-01 3.010549333218e-01 3.010549333218e-01 3.010549333218e-01 3.010549333218e-01 3.010549333218e-01 3.010549333218e-01 3.010549333218e-01 3.010549333218e-01 3.010549333218e-01 3.010549333218e-01 3.010549333218e-01 3.010549333218e-01 3.010549333218e-01 3.010549333218e-01 3.010549333218e-01 3.010549333218e-01 3.010549333218e-01 3.010549333218e-01 3.010549333218e-01 3.010549333218e-01 3.010549333218e-01 3.010549333218e-01 3.010549333218e-01 3.010549333218e-01 3.010549333218e-01 3.010549333218e-01 3.010549333218e-01 3.010549333218e-01 3.010549333218e-01 3.010549333218e-01 3.010549333218e-01 3.010549333218e-01 3.010549333218e-01 3.010549333218e-01 3.010549333218e-01 3.010549333218e-01 3.010549333218e-01 3.010549333218e-01 3.010549333218e-01 3.010549333218e-01 3.010549333218e-01 3.010549333218e-01 3.010549333218e-01 3.010549333218e-01 3.010549333218e-01 3.010549333218e-01 3.010549333218e-01 3.010549333218e-01 3.010549333218e-01 3.010549333218e-01 3.010549333218e-01 3.010549333218e-01 3.010549333218e-01 3.010549333218e-01 3.010549333218e-01 3.010549333218e-01 3.010549333218e-01 3.010549333218e-01 3.010549333218e-01
3.010465385176e-01 3.010465385176e-01 3.010465385176e-01 3.010465385176e-01 3.010465385176e-01 3.010465385176e-01 3.010465385176e-01 3.010465385176e-01 3.010465385176e-01 3.010465385176e-01 3.010465385176e-01 3.010465385176e-01 3.010465385176e-01 3.010465385176e-01 3.010465385176e-01 3.010465385176e-01 3.010465385176e-01 3.010465385176e-01 3.010465385176e-01 3.010465385176e-01 3.010465385176e-01 3.010465385176e-01 3.010465385176e-01 3.010465385176e-01 3.010465385176e-01 3.010465385176e-01 3.010465385176e-01 3.010465385176e-01 3.010465385176e-01 3.010465385176e-01 3.010465385176e-01 3.010465385176e-01 3.010465385176e-01 3.010465385176e-01 3.010465385176e-01 3.010465385176e-01 3.010465385176e-01 3.010465385176e-01 3.010465385176e-01 3.010465385176e-01 3.010465385176e-01 3.010465385176e-01 3.010465385176e-01 3.010465385176e-01 3.010465385176e-01 3.010465385176e-01 3.010465385176e-01 3.010465385176e-01 3.010465385176e-01 3.010465385176e-01 3.010465385176e-01 3.010465385176e-01 3.010465385176e-01 3.010465385176e-01 3.010465385176e-01 3.010465385176e-01 3.010465385176e-01 3.010465385176e-01 3.010465385176e-01 3.010465385176e-01 3.010465385176e-01 3.010465385176e-01 3.010465385176e-01 3.010465385176e-01 3.010465385176e-01 3.010465385176e-01 3.010465385176e-01 3.010465385176e-01 3.010465385176e-01 3.010465385176e-01 3.010465385176e-01 3.010465385176e-01 3.010465385176e-01 3.010465385176e-01 3.010465385176e-01 3.010465385176e-01 3.010465385176e-01 3.010465385176e-01 3.010465385176e-01 3.010465385176e-01 3.010465385176e-01 3.010465385176e-01 3.010465385176e-01 3.010465385176e-01 3.010465385176e-01 3.010465385176e-01 3.010465385176e-01 3.010465385176e-01 3.010465385176e-01 3.010465385176e-01 3.010465385176e-01 3.010465385176e-01 3.010465385176e-01 3.010465385176e-01 3.010465385176e-01 3.010465385176e-01 3.010465385176e-01 3.010465385176e-01 3.010465385176e-01 3.010465385176e-01 3.010465385176e-01 3.010465385176e-01 3.010465385176e-01 3.010465385176e-01
3.010541205987e-01 3.010541205987e-01 3.010541205987e-01 3.010541205987e-01 3.010541205987e-01 3.010541205987e-01 3.010541205987e-01 3.010541205987e-01 3.010541205987e-01 3.010541205987e-01 3.010541205987e-01 3.010541205987e-01 3.010541205987e-01 3.010541205987e-01 3.010541205987e-01 3.010541205987e-01 3.010541205987e-01 3.010541205987e-01 3.010541205987e-01 3.010541205987e-01 3.010541205987e-01 3.010541205987e-01 3.010541205987e-01 3.010541205987e-01 3.010541205987e-01 3.010541205987e-01 3.010541205987e-01 3.010541205987e-01 3.010541205987e-01 3.010541205987e-01 3.010541205987e-01 3.010541205987e-01 3.010541205987e-01 3.010541205987e-01 3.010541205987e-01 3.010541205987e-01 3.010541205987e-01 3.010541205987e-01 3.010541205987e-01 3.010541205987e-01 3.010541205987e-01 3.010541205987e-01 3.010541205987e-01 3.010541205987e-01 3.010541205987e-01 3.010541205987e-01 3.010541205987e-01 3.010541205987e-01 3.010541205987e-01 3.010541205987e-01 3.010541205987e-01 3.010541205987e-01 3.010541205987e-01 3.010541205987e-01 3.010541205987e-01 3.010541205987e-01 3.010541205987e-01 3.010541205987e-01 3.010541205987e-01 3.010541205987e-01 3.010541205987e-01 3.010541205987e-01 3.010541205987e-01 3.010541205987e-01 3.010541205987e-01 3.010541205987e-01 3.010541205987e-01 3.010541205987e-01 3.010541205987e-01 3.010541205987e-01 3.010541205987e-01 3.010541205987e-01 3.010541205987e-01 3.010541205987e-01 3.010541205987e-01 3.010541205987e-01 3.010541205987e-01 3.010541205987e-01 3.010541205987e-01 3.010541205987e-01 3.010541205987e-01 3.010541205987e-01 3.010541205987e-01 3.010541205987e-01 3.010541205987e-01 3.010541205987e-01 3.010541205987e-01 3.010541205987e-01 3.010541205987e-01 3.010541205987e-01 3.010541205987e-01 3.010541205987e-01 3.010541205987e-01 3.010541205987e-01 3.010541205987e-01 3.010541205987e-01 3.010541205987e-01 3.010541205987e-01 3.010541205987e-01 3.010541205987e-01 3.010541205987e-01 3.010541205987e-01 3.010541205987e-01 3.010541205987e-01
3.010484566589e-01 3.010484566589e-01 3.010484566589e-01 3.010484566589e-01 3.010484566589e-01 3.010484566589e-01 3.010484566589e-01 3.010484566589e-01 3.010484566589e-01 3.010484566589e-01 3.010484566589e-01 3.010484566589e-01 3.010484566589e-01 3.010484566589e-01 3.010484566589e-01 3.010484566589e-01 3.010484566589e-01 3.010484566589e-01 3.010484566589e-01 3.010484566589e-01 3.010484566589e-01 3.010484566589e-01 3.010484566589e-01 3.010484566589e-01 3.010484566589e-01 3.010484566589e-01 3.010484566589e-01 3.010484566589e-01 3.010484566589e-01 3.010484566589e-01 3.010484566589e-01 3.010484566589e-01 3.010484566589e-01 3.010484566589e-01 3.010484566589e-01 3.010484566589e-01 3.010484566589e-01 3.010484566589e-01 3.010484566589e-01 3.010484566589e-01 3.010484566589e-01 3.010484566589e-01 3.010484566589e-01 3.010484566589e-01 3.010484566589e-01 3.010484566589e-01 3.010484566589e-01 3.010484566589e-01 3.010484566589e-01 3.010484566589e-01 3.010484566589e-01 3.010484566589e-01 3.010484566589e-01 3.010484566589e-01 3.010484566589e-01 3.010484566589e-01 3.010484566589e-01 3.010484566589e-01 3.010484566589e-01 3.010484566589e-01 3.010484566589e-01 3.010484566589e-01 3.010484566589e-01 3.010484566589e-01 3.010484566589e-01 3.010484566589e-01 3.010484566589e-01 3.010484566589e-01 3.010484566589e-01 3.010484566589e-01 3.010484566589e-01 3.010484566589e-01 3.010484566589e-01 3.010484566589e-01 3.010484566589e-01 3.010484566589e-01 3.010484566589e-01 3.010484566589e-01 3.010484566589e-01 3.010484566589e-01 3.010484566589e-01 3.010484566589e-01 3.010484566589e-01 3.010484566589e-01 3.010484566589e-01 3.010484566589e-01 3.010484566589e-01 3.010484566589e-01 3.010484566589e-01 3.010484566589e-01 3.010484566589e-01 3.010484566589e-01 3.010484566589e-01 3.010484566589e-01 3.010484566589e-01 3.010484566589e-01 3.010484566589e-01 3.010484566589e-01 3.010484566589e-01 3.010484566589e-01 3.010484566589e-01 3.010484566589e-01 3.010484566589e-01 3.010484566589e-01
3.010497298010e-01 3.010497298010e-01 3.010497298010e-01 3.010497298010e-01 3.010497298010e-01 3.010497298010e-01 3.010497298010e-01 3.010497298010e-01 3.010497298010e-01 3.010497298010e-01 3.010497298010e-01 3.010497298010e-01 3.010497298010e-01 3.010497298010e-01 3.010497298010e-01 3.010497298010e-01 3.010497298010e-01 3.010497298010e-01 3.010497298010e-01 3.010497298010e-01 3.010497298010e-01 3.010497298010e-01 3.010497298010e-01 3.010497298010e-01 3.010497298010e-01 3.010497298010e-01 3.010497298010e-01 3.010497298010e-01 3.010497298010e-01 3.010497298010e-01 3.010497298010e-01 3.010497298010e-01 3.010497298010e-01 3.010497298010e-01 3.010497298010e-01 3.010497298010e-01 3.010497298010e-01 3.010497298010e-01 3.010497298010e-01 3.010497298010e-01 3.010497298010e-01 3.010497298010e-01 3.010497298010e-01 3.010497298010e-01 3.010497298010e-01 3.010497298010e-01 3.010497298010e-01 3.010497298010e-01 3.010497298010e-01 3.010497298010e-01 3.010497298010e-01 3.010497298010e-01 3.010497298010e-01 3.010497298010e-01 3.010497298010e-01 3.010497298010e-01 3.010497298010e-01 3.010497298010e-01 3.010497298010e-01 3.010497298010e-01 3.010497298010e-01 3.010497298010e-01 3.010497298010e-01 3.010497298010e-01 3.010497298010e-01 3.010497298010e-01 3.010497298010e-01 3.010497298010e-01 3.010497298010e-01 3.010497298010e-01 3.010497298010e-01 3.010497298010e-01 3.010497298010e-01 3.010497298010e-01 3.010497298010e-01 3.010497298010e-01 3.010497298010e-01 3.010497298010e-01 3.010497298010e-01 3.010497298010e-01 3.010497298010e-01 3.010497298010e-01 3.010497298010e-01 3.010497298010e-01 3.010497298010e-01 3.010497298010e-01 3.010497298010e-01 3.010497298010e-01 3.010497298010e-01 3.010497298010e-01 3.010497298010e-01 3.010497298010e-01 3.010497298010e-01 3.010497298010e-01 3.010497298010e-01 3.010497298010e-01 3.010497298010e-01 3.010497298010e-01 3.010497298010e-01 3.010497298010e-01 3.010497298010e-01 3.010497298010e-01 3.010497298010e-01 3.010497298010e-01
3.010587983285e-01 3.010587983285e-01 3.010587983285e-01 3.010587983285e-01 3.010587983285e-01 3.010587983285e-01 3.010587983285e-01 3.010587983285e-01 3.010587983285e-01 3.010587983285e-01 3.010587983285e-01 3.010587983285e-01 3.010587983285e-01 3.010587983285e-01 3.010587983285e-01 3.010587983285e-01 3.010587983285e-01 3.010587983285e-01 3.010587983285e-01 3.010587983285e-01 3.010587983285e-01 3.010587983285e-01 3.010587983285e-01 3.010587983285e-01 3.010587983285e-01 3.010587983285e-01 3.010587983285e-01 3.010587983285e-01 3.010587983285e-01 3.010587983285e-01 3.010587983285e-01 3.010587983285e-01 3.010587983285e-01 3.010587983285e-01 3.010587983285e-01 3.010587983285e-01 3.010587983285e-01 3.010587983285e-01 3.010587983285e-01 3.010587983285e-01 3.010587983285e-01 3.010587983285e-01 3.010587983285e-01 3.010587983285e-01 3.010587983285e-01 3.010587983285e-01 3.010587983285e-01 3.010587983285e-01 3.010587983285e-01 3.010587983285e-01 3.010587983285e-01 3.010587983285e-01 3.010587983285e-01 3.010587983285e-01 3.010587983285e-01 3.010587983285e-01 3.010587983285e-01 3.010587983285e-01 3.010587983285e-01 3.010587983285e-01 3.010587983285e-01 3.010587983285e-01 3.010587983285e-01 3.010587983285e-01 3.010587983285e-01 3.010587983285e-01 3.010587983285e-01 3.010587983285e-01 3.010587983285e-01 3.010587983285e-01 3.010587983285e-01 3.010587983285e-01 3.010587983285e-01 3.010587983285e-01 3.010587983285e-01 3.010587983285e-01 3.010587983285e-01 3.010587983285e-01 3.010587983285e-01 3.010587983285e-01 3.010587983285e-01 3.010587983285e-01 3.010587983285e-01 3.010587983285e-01 3.010587983285e-01 3.010587983285e-01 3.010587983285e-01 3.010587983285e-01 3.010587983285e-01 3.010587983285e-01 3.010587983285e-01 3.010587983285e-01 3.010587983285e-01 3.010587983285e-01 3.010587983285e-01 3.010587983285e-01 3.010587983285e-01 3.010587983285e-01 3.010587983285e-01 3.010587983285e-01 3.010587983285e-01 3.010587983285e-01 3.010587983285e-01 3.010587983285e-01
3.010206035159e-01 3.010206035159e-01 3.010206035159e-01 3.010206035159e-01 3.010206035159e-01 3.010206035159e-01 3.010206035159e-01 3.010206035159e-01 3.010206035159e-01 3.010206035159e-01 3.010206035159e-01 3.010206035159e-01 3.010206035159e-01 3.010206035159e-01 3.010206035159e-01 3.010206035159e-01 3.010206035159e-01 3.010206035159e-01 3.010206035159e-01 3.010206035159e-01 3.010206035159e-01 3.010206035159e-01 3.010206035159e-01 3.010206035159e-01 3.010206035159e-01 3.010206035159e-01 3.010206035159e-01 3.010206035159e-01 3.010206035159e-01 3.010206035159e-01 3.010206035159e-01 3.010206035159e-01 3.010206035159e-01 3.010206035159e-01 3.010206035159e-01 3.010206035159e-01 3.010206035159e-01 3.010206035159e-01 3.010206035159e-01 3.010206035159e-01 3.010206035159e-01 3.010206035159e-01 3.010206035159e-01 3.010206035159e-01 3.010206035159e-01 3.010206035159e-01 3.010206035159e-01 3.010206035159e-01 3.010206035159e-01 3.010206035159e-01 3.010206035159e-01 3.010206035159e-01 3.010206035159e-01 3.010206035159e-01 3.010206035159e-01 3.010206035159e-01 3.010206035159e-01 3.010206035159e-01 3.010206035159e-01 3.010206035159e-01 3.010206035159e-01 3.010206035159e-01 3.010206035159e-01 3.010206035159e-01 3.010206035159e-01 3.010206035159e-01 3.010206035159e-01 3.010206035159e-01 3.010206035159e-01 3.010206035159e-01 3.010206035159e-01 3.010206035159e-01 3.010206035159e-01 3.010206035159e-01 3.010206035159e-01 3.010206035159e-01 3.010206035159e-01 3.010206035159e-01 3.010206035159e-01 3.010206035159e-01 3.010206035159e-01 3.010206035159e-01 3.010206035159e-01 3.010206035159e-01 3.010206035159e-01 3.010206035159e-01 3.010206035159e-01 3.010206035159e-01 3.010206035159e-01 3.010206035159e-01 3.010206035159e-01 3.010206035159e-01 3.010206035159e-01 3.010206035159e-01 3.010206035159e-01 3.010206035159e-01 3.010206035159e-01 3.010206035159e-01 3.010206035159e-01 3.010206035159e-01 3.010206035159e-01 3.010206035159e-01 3.010206035159e-01 3.010206035159e-01
3.009835036202e-01 3.009835036202e-01 3.009835036202e-01 3.009835036202e-01 3.009835036202e-01 3.009835036202e-01 3.009835036202e-01 3.009835036202e-01 3.009835036202e-01 3.009835036202e-01 3.009835036202e-01 3.009835036202e-01 3.009835036202e-01 3.009835036202e-01 3.009835036202e-01 3.009835036202e-01 3.009835036202e-01 3.009835036202e-01 3.009835036202e-01 3.009835036202e-01 3.009835036202e-01 3.009835036202e-01 3.009835036202e-01 3.009835036202e-01 3.009835036202e-01 3.009835036202e-01 3.009835036202e-01 3.009835036202e-01 3.009835036202e-01 3.009835036202e-01 3.009835036202e-01 3.009835036202e-01 3.009835036202e-01 3.009835036202e-01 3.009835036202e-01 3.009835036202e-01 3.009835036202e-01 3.009835036202e-01 3.009835036202e-01 3.009835036202e-01 3.009835036202e-01 3.009835036202e-01 3.009835036202e-01 3.009835036202e-01 3.009835036202e-01 3.009835036202e-01 3.009835036202e-01 3.009835036202e-01 3.009835036202e-01 3.009835036202e-01 3.009835036202e-01 3.009835036202e-01 3.009835036202e-01 3.009835036202e-01 3.009835036202e-01 3.009835036202e-01 3.009835036202e-01 3.009835036202e-01 3.009835036202e-01 3.009835036202e-01 3.009835036202e-01 3.009835036202e-01 3.009835036202e-01 3.009835036202e-01 3.009835036202e-01 3.009835036202e-01 3.009835036202e-01 3.009835036202e-01 3.009835036202e-01 3.009835036202e-01 3.009835036202e-01 3.009835036202e-01 3.009835036202e-01 3.009835036202e-01 3.009835036202e-01 3.009835036202e-01 3.009835036202e-01 3.009835036202e-01 3.009835036202e-01 3.009835036202e-01 3.009835036202e-01 3.009835036202e-01 3.009835036202e-01 3.009835036202e-01 3.009835036202e-01 3.009835036202e-01 3.009835036202e-01 3.009835036202e-01 3.009835036202e-01 3.009835036202e-01 3.009835036202e-01 3.009835036202e-01 3.009835036202e-01 3.009835036202e-01 3.009835036202e-01 3.009835036202e-01 3.009835036202e-01 3.009835036202e-01 3.009835036202e-01 3.009835036202e-01 3.009835036202e-01 3.009835036202e-01 3.009835036202e-01 3.009835036202e-01
3.009471276424e-01 3.009471276424e-01 3.009471276424e-01 3.009471276424e-01 3.009471276424e-01 3.009471276424e-01 3.009471276424e-01 3.009471276424e-01 3.009471276424e-01 3.009471276424e-01 3.009471276424e-01 3.009471276424e-01 3.009471276424e-01 3.009471276424e-01 3.009471276424e-01 3.009471276424e-01 3.009471276424e-01 3.009471276424e-01 3.009471276424e-01 3.009471276424e-01 3.009471276424e-01 3.009471276424e-01 3.009471276424e-01 3.009471276424e-01 3.009471276424e-01 3.009471276424e-01 3.009471276424e-01 3.009471276424e-01 3.009471276424e-01 3.009471276424e-01 3.009471276424e-01 3.009471276424e-01 3.009471276424e-01 3.009471276424e-01 3.009471276424e-01 3.009471276424e-01 3.009471276424e-01 3.009471276424e-01 3.009471276424e-01 3.009471276424e-01 3.009471276424e-01 3.009471276424e-01 3.009471276424e-01 3.009471276424e-01 3.009471276424e-01 3.009471276424e-01 3.009471276424e-01 3.009471276424e-01 3.009471276424e-01 3.009471276424e-01 3.009471276424e-01 3.009471276424e-01 3.009471276424e-01 3.009471276424e-01 3.009471276424e-01 3.009471276424e-01 3.009471276424e-01 3.009471276424e-01 3.009471276424e-01 3.009471276424e-01 3.009471276424e-01 3.009471276424e-01 3.009471276424e-01 3.009471276424e-01 3.009471276424e-01 3.009471276424e-01 3.009471276424e-01 3.009471276424e-01 3.009471276424e-01 3.009471276424e-01 3.009471276424e-01 3.009471276424e-01 3.009471276424e-01 3.009471276424e-01 3.009471276424e-01 3.009471276424e-01 3.009471276424e-01 3.009471276424e-01 3.009471276424e-01 3.009471276424e-01 3.009471276424e-01 3.009471276424e-01 3.009471276424e-01 3.009471276424e-01 3.009471276424e-01 3.009471276424e-01 3.009471276424e-01 3.009471276424e-01 3.009471276424e-01 3.009471276424e-01 3.009471276424e-01 3.009471276424e-01 3.009471276424e-01 3.009471276424e-01 3.009471276424e-01 3.009471276424e-01 3.009471276424e-01 3.009471276424e-01 3.009471276424e-01 3.009471276424e-01 3.009471276424e-01 3.009471276424e-01 3.009471276424e-01 3.009471276424e-01
3.009111118229e-01 3.009111118229e-01 3.009111118229e-01 3.009111118229e-01 3.009111118229e-01 3.009111118229e-01 3.009111118229e-01 3.009111118229e-01 3.009111118229e-01 3.009111118229e-01 3.009111118229e-01 3.009111118229e-01 3.009111118229e-01 3.009111118229e-01 3.009111118229e-01 3.009111118229e-01 3.009111118229e-01 3.009111118229e-01 3.009111118229e-01 3.009111118229e-01 3.009111118229e-01 3.009111118229e-01 3.009111118229e-01 3.009111118229e-01 3.009111118229e-01 3.009111118229e-01 3.009111118229e-01 3.009111118229e-01 3.009111118229e-01 3.009111118229e-01 3.009111118229e-01 3.009111118229e-01 3.009111118229e-01 3.009111118229e-01 3.009111118229e-01 3.009111118229e-01 3.009111118229e-01 3.009111118229e-01 3.009111118229e-01 3.009111118229e-01 3.009111118229e-01 3.009111118229e-01 3.009111118229e-01 3.009111118229e-01 3.009111118229e-01 3.009111118229e-01 3.009111118229e-01 3.009111118229e-01 3.009111118229e-01 3.009111118229e-01 3.009111118229e-01 3.009111118229e-01 3.009111118229e-01 3.009111118229e-01 3.009111118229e-01 3.009111118229e-01 3.009111118229e-01 3.009111118229e-01 3.009111118229e-01 3.009111118229e-01 3.009111118229e-01 3.009111118229e-01 3.009111118229e-01 3.009111118229e-01 3.009111118229e-01 3.009111118229e-01 3.009111118229e-01 3.009111118229e-01 3.009111118229e-01 3.009111118229e-01 3.009111118229e-01 3.009111118229e-01 3.009111118229e-01 3.009111118229e-01 3.009111118229e-01 3.009111118229e-01 3.009111118229e-01 3.009111118229e-01 3.009111118229e-01 3.009111118229e-01 3.009111118229e-01 3.009111118229e-01 3.009111118229e-01 3.009111118229e-01 3.009111118229e-01 3.009111118229e-01 3.009111118229e-01 3.009111118229e-01 3.009111118229e-01 3.009111118229e-01 3.009111118229e-01 3.009111118229e-01 3.009111118229e-01 3.009111118229e-01 3.009111118229e-01 3.009111118229e-01 3.009111118229e-01 3.009111118229e-01 3.009111118229e-01 3.009111118229e-01 3.009111118229e-01 3.009111118229e-01 3.009111118229e-01 3.009111118229e-01
