# r_pc rho_Msun_pc3 sigma1d_kms pressure_rho_sigma2 N_scatter_per_orbit
1.148497860620e-06 4.308234625825e+10 7.740854968247e+04 2.581530189102e+20 1.954671964073e-08
1.156523474248e-06 4.263467484877e+10 7.713949654324e+04 2.536977148423e+20 1.974174058724e-08
1.164605170240e-06 4.219165522200e+10 7.687137856708e+04 2.493193021304e+20 1.993870194474e-08
1.172743340494e-06 4.175323904097e+10 7.660419250358e+04 2.450164537537e+20 2.013762296076e-08
1.180938379649e-06 4.131937847098e+10 7.633793511366e+04 2.407878655939e+20 2.033852307313e-08
1.189190685098e-06 4.089002617436e+10 7.607260316945e+04 2.366322560393e+20 2.054142191178e-08
1.197500657016e-06 4.046513530536e+10 7.580819345436e+04 2.325483655970e+20 2.074633930070e-08
1.205868698371e-06 4.004465950498e+10 7.554470276292e+04 2.285349565109e+20 2.095329525982e-08
1.214295214947e-06 3.962855289597e+10 7.528212790084e+04 2.245908123865e+20 2.116231000695e-08
1.222780615365e-06 3.921677007777e+10 7.502046568493e+04 2.207147378222e+20 2.137340395971e-08
1.231325311100e-06 3.880926612158e+10 7.475971294304e+04 2.169055580474e+20 2.158659773751e-08
1.239929716503e-06 3.840599656548e+10 7.449986651408e+04 2.131621185659e+20 2.180191216353e-08
1.248594248822e-06 3.800691740952e+10 7.424092324791e+04 2.094832848063e+20 2.201936826675e-08
1.257319328218e-06 3.761198511100e+10 7.398288000537e+04 2.058679417782e+20 2.223898728393e-08
1.266105377790e-06 3.722115657965e+10 7.372573365819e+04 2.023149937339e+20 2.246079066171e-08
1.274952823591e-06 3.683438917294e+10 7.346948108899e+04 1.988233638367e+20 2.268480005863e-08
1.283862094656e-06 3.645164069148e+10 7.321411919121e+04 1.953919938344e+20 2.291103734723e-08
1.292833623012e-06 3.607286937434e+10 7.295964486909e+04 1.920198437384e+20 2.313952461618e-08
1.301867843711e-06 3.569803389455e+10 7.270605503765e+04 1.887058915087e+20 2.337028417236e-08
1.310965194840e-06 3.532709335456e+10 7.245334662261e+04 1.854491327440e+20 2.360333854306e-08
1.320126117551e-06 3.496000728181e+10 7.220151656038e+04 1.822485803774e+20 2.383871047810e-08
1.329351056076e-06 3.459673562428e+10 7.195056179802e+04 1.791032643773e+20 2.407642295205e-08
1.338640457753e-06 3.423723874611e+10 7.170047929321e+04 1.760122314529e+20 2.431649916646e-08
1.347994773046e-06 3.388147742334e+10 7.145126601420e+04 1.729745447662e+20 2.455896255202e-08
1.357414455566e-06 3.352941283957e+10 7.120291893975e+04 1.699892836470e+20 2.480383677090e-08
1.366899962094e-06 3.318100658174e+10 7.095543505917e+04 1.670555433147e+20 2.505114571897e-08
1.376451752603e-06 3.283622063594e+10 7.070881137220e+04 1.641724346036e+20 2.530091352814e-08
1.386070290281e-06 3.249501738327e+10 7.046304488903e+04 1.613390836937e+20 2.555316456863e-08
1.395756041551e-06 3.215735959574e+10 7.021813263021e+04 1.585546318457e+20 2.580792345136e-08
1.405509476096e-06 3.182321043219e+10 6.997407162667e+04 1.558182351406e+20 2.606521503032e-08
1.415331066883e-06 3.149253343427e+10 6.973085891967e+04 1.531290642242e+20 2.632506440492e-08
1.425221290182e-06 3.116529252249e+10 6.948849156073e+04 1.504863040556e+20 2.658749692243e-08
1.435180625591e-06 3.084145199225e+10 6.924696661163e+04 1.478891536603e+20 2.685253818043e-08
1.445209556060e-06 3.052097650996e+10 6.900628114435e+04 1.453368258870e+20 2.712021402924e-08
1.455308567915e-06 3.020383110920e+10 6.876643224107e+04 1.428285471698e+20 2.739055057444e-08
1.465478150878e-06 2.988998118686e+10 6.852741699409e+04 1.403635572930e+20 2.766357417935e-08
1.475718798095e-06 2.957939249941e+10 6.828923250583e+04 1.379411091611e+20 2.793931146758e-08
1.486031006158e-06 2.927203115915e+10 6.805187588878e+04 1.355604685721e+20 2.821778932558e-08
1.496415275127e-06 2.896786363050e+10 6.781534426545e+04 1.332209139955e+20 2.849903490526e-08
1.506872108560e-06 2.866685672637e+10 6.757963476838e+04 1.309217363529e+20 2.878307562655e-08
1.517402013530e-06 2.836897760448e+10 6.734474454005e+04 1.286622388036e+20 2.906993918004e-08
1.528005500657e-06 2.807419376386e+10 6.711067073289e+04 1.264417365333e+20 2.935965352970e-08
1.538683084126e-06 2.778247304123e+10 6.687741050921e+04 1.242595565463e+20 2.965224691549e-08
1.549435281717e-06 2.749378360754e+10 6.664496104120e+04 1.221150374619e+20 2.994774785613e-08
1.560262614827e-06 2.720809396446e+10 6.641331951088e+04 1.200075293138e+20 3.024618515180e-08
1.571165608499e-06 2.692537294097e+10 6.618248311004e+04 1.179363933528e+20 3.054758788695e-08
1.582144791441e-06 2.664558968995e+10 6.595244904026e+04 1.159010018537e+20 3.085198543304e-08
1.593200696058e-06 2.636871368482e+10 6.572321451284e+04 1.139007379249e+20 3.115940745142e-08
1.604333858477e-06 2.609471471619e+10 6.549477674875e+04 1.119349953211e+20 3.146988389614e-08
1.615544818568e-06 2.582356288859e+10 6.526713297864e+04 1.100031782600e+20 3.178344501682e-08
1.626834119974e-06 2.555522861720e+10 6.504028044279e+04 1.081047012415e+20 3.210012136159e-08
1.638202310140e-06 2.528968262459e+10 6.481421639106e+04 1.062389888703e+20 3.241994378000e-08
1.649649940334e-06 2.502689593759e+10 6.458893808287e+04 1.044054756814e+20 3.274294342599e-08
1.661177565677e-06 2.476683988407e+10 6.436444278717e+04 1.026036059689e+20 3.306915176087e-08
1.672785745167e-06 2.450948608984e+10 6.414072778241e+04 1.008328336175e+20 3.339860055636e-08
1.684475041712e-06 2.425480647555e+10 6.391779035647e+04 9.909262193688e+19 3.373132189761e-08
1.696246022152e-06 2.400277325361e+10 6.369562780670e+04 9.738244349928e+19 3.406734818632e-08
1.708099257286e-06 2.375335892519e+10 6.347423743980e+04 9.570177997935e+19 3.440671214379e-08
1.720035321904e-06 2.350653627720e+10 6.325361657187e+04 9.405012199726e+19 3.474944681415e-08
1.732054794813e-06 2.326227837932e+10 6.303376252830e+04 9.242696896425e+19 3.509558556743e-08
1.744158258862e-06 2.302055858106e+10 6.281467264382e+04 9.083182893089e+19 3.544516210284e-08
1.756346300976e-06 2.278135050887e+10 6.259634426238e+04 8.926421843805e+19 3.579821045195e-08
1.768619512179e-06 2.254462806323e+10 6.237877473719e+04 8.772366237028e+19 3.615476498200e-08
1.780978487627e-06 2.231036541583e+10 6.216196143066e+04 8.620969381187e+19 3.651486039916e-08
1.793423826632e-06 2.207853700675e+10 6.194590171435e+04 8.472185390534e+19 3.687853175186e-08
1.805956132698e-06 2.184911754167e+10 6.173059296897e+04 8.325969171232e+19 3.724581443420e-08
1.818576013542e-06 2.162208198908e+10 6.151603258433e+04 8.182276407693e+19 3.761674418928e-08
1.831284081132e-06 2.139740557760e+10 6.130221795930e+04 8.041063549144e+19 3.799135711267e-08
1.844080951708e-06 2.117506379324e+10 6.108914650182e+04 7.902287796428e+19 3.836968965584e-08
1.856967245820e-06 2.095503237674e+10 6.087681562882e+04 7.765907089031e+19 3.875177862968e-08
1.869943588351e-06 2.073728732091e+10 6.066522276619e+04 7.631880092339e+19 3.913766120804e-08
1.883010608554e-06 2.052180486802e+10 6.045436534881e+04 7.500166185104e+19 3.952737493124e-08
1.896168940076e-06 2.030856150723e+10 6.024424082045e+04 7.370725447135e+19 3.992095770973e-08
1.909419220995e-06 2.009753397198e+10 6.003484663375e+04 7.243518647201e+19 4.031844782767e-08
1.922762093845e-06 1.988869923749e+10 5.982618025024e+04 7.118507231137e+19 4.071988394665e-08
1.936198205652e-06 1.968203451822e+10 5.961823914025e+04 6.995653310162e+19 4.112530510935e-08
1.949728207962e-06 1.947751726539e+10 5.941102078290e+04 6.874919649393e+19 4.153475074330e-08
1.963352756874e-06 1.927512516455e+10 5.920452266610e+04 6.756269656562e+19 4.194826066467e-08
1.977072513074e-06 1.907483613310e+10 5.899874228644e+04 6.639667370924e+19 4.236587508206e-08
1.990888141862e-06 1.887662831791e+10 5.879367714927e+04 6.525077452359e+19 4.278763460036e-08
2.004800313188e-06 1.868048009292e+10 5.858932476856e+04 6.412465170660e+19 4.321358022466e-08
2.018809701684e-06 1.848637005681e+10 5.838568266697e+04 6.301796395006e+19 4.364375336413e-08
2.032916986696e-06 1.829427703062e+10 5.818274837572e+04 6.193037583621e+19 4.407819583605e-08
2.047122852317e-06 1.810418005546e+10 5.798051943464e+04 6.086155773606e+19 4.451694986974e-08
2.061427987421e-06 1.791605839023e+10 5.777899339211e+04 5.981118570946e+19 4.496005811068e-08
2.075833085696e-06 1.772989150937e+10 5.757816780504e+04 5.877894140698e+19 4.540756362452e-08
2.090338845676e-06 1.754565910059e+10 5.737804023879e+04 5.776451197335e+19 4.585950990125e-08
2.104945970777e-06 1.736334106265e+10 5.717860826724e+04 5.676758995270e+19 4.631594085937e-08
2.119655169331e-06 1.718291750320e+10 5.697986947266e+04 5.578787319535e+19 4.677690085005e-08
2.134467154619e-06 1.700436873660e+10 5.678182144573e+04 5.482506476623e+19 4.724243466141e-08
2.149382644907e-06 1.682767528175e+10 5.658446178553e+04 5.387887285490e+19 4.771258752278e-08
2.164402363480e-06 1.665281785999e+10 5.638778809945e+04 5.294901068708e+19 4.818740510905e-08
2.179527038677e-06 1.647977739297e+10 5.619179800322e+04 5.203519643776e+19 4.866693354504e-08
2.194757403927e-06 1.630853500060e+10 5.599648912085e+04 5.113715314579e+19 4.915121940990e-08
2.210094197783e-06 1.613907199896e+10 5.580185908460e+04 5.025460862990e+19 4.964030974156e-08
2.225538163960e-06 1.597136989831e+10 5.560790553498e+04 4.938729540624e+19 5.013425204126e-08
2.241090051371e-06 1.580541040098e+10 5.541462612068e+04 4.853495060729e+19 5.063309427805e-08
2.256750614160e-06 1.564117539949e+10 5.522201849857e+04 4.769731590222e+19 5.113688489342e-08
2.272520611743e-06 1.547864697449e+10 5.503008033368e+04 4.687413741856e+19 5.164567280591e-08
2.288400808840e-06 1.531780739282e+10 5.483880929912e+04 4.606516566526e+19 5.215950741578e-08
2.304391975519e-06 1.515863910560e+10 5.464820307613e+04 4.527015545710e+19 5.267843860974e-08
2.320494887225e-06 1.500112474631e+10 5.445825935397e+04 4.448886584035e+19 5.320251676574e-08
2.336710324825e-06 1.484524712887e+10 5.426897582996e+04 4.372106001976e+19 5.373179275776e-08
2.353039074640e-06 1.469098924579e+10 5.408035020941e+04 4.296650528678e+19 5.426631796067e-08
2.369481928488e-06 1.453833426631e+10 5.389238020561e+04 4.222497294903e+19 5.480614425517e-08
2.386039683717e-06 1.438726553454e+10 5.370506353980e+04 4.149623826099e+19 5.535132403271e-08
2.402713143252e-06 1.423776656769e+10 5.351839794114e+04 4.078008035590e+19 5.590191020054e-08
2.419503115623e-06 1.408982105423e+10 5.333238114667e+04 4.007628217880e+19 5.645795618670e-08
2.436410415014e-06 1.394341285212e+10 5.314701090132e+04 3.938463042073e+19 5.701951594521e-08
2.453435861296e-06 1.379852598706e+10 5.296228495783e+04 3.870491545412e+19 5.758664396114e-08
2.470580280072e-06 1.365514465073e+10 5.277820107677e+04 3.803693126922e+19 5.815939525588e-08
2.487844502711e-06 1.351325319910e+10 5.259475702649e+04 3.738047541168e+19 5.873782539236e-08
2.505229366394e-06 1.337283615066e+10 5.241195058310e+04 3.673534892119e+19 5.932199048035e-08
2.522735714151e-06 1.323387818481e+10 5.222977953044e+04 3.610135627116e+19 5.991194718186e-08
2.540364394903e-06 1.309636414011e+10 5.204824166003e+04 3.547830530950e+19 6.050775271650e-08
2.558116263503e-06 1.296027901269e+10 5.186733477109e+04 3.486600720032e+19 6.110946486699e-08
2.575992180779e-06 1.282560795458e+10 5.168705667050e+04 3.426427636676e+19 6.171714198461e-08
2.593993013573e-06 1.269233627209e+10 5.150740517272e+04 3.367293043471e+19 6.233084299487e-08
2.612119634785e-06 1.256044942421e+10 5.132837809985e+04 3.309179017753e+19 6.295062740303e-08
2.630372923415e-06 1.242993302105e+10 5.114997328155e+04 3.252067946176e+19 6.357655529985e-08
2.648753764605e-06 1.230077282222e+10 5.097218855499e+04 3.195942519372e+19 6.420868736730e-08
2.667263049682e-06 1.217295473531e+10 5.079502176491e+04 3.140785726703e+19 6.484708488434e-08
2.685901676201e-06 1.204646481434e+10 5.061847076350e+04 3.086580851108e+19 6.549180973278e-08
2.704670547992e-06 1.192128925828e+10 5.044253341043e+04 3.033311464036e+19 6.614292440320e-08
2.723570575197e-06 1.179741440945e+10 5.026720757282e+04 2.980961420466e+19 6.680049200086e-08
2.742602674321e-06 1.167482675213e+10 5.009249112518e+04 2.929514854014e+19 6.746457625180e-08
2.761767768272e-06 1.155351291102e+10 4.991838194942e+04 2.878956172124e+19 6.813524150882e-08
2.781066786407e-06 1.143345964982e+10 4.974487793483e+04 2.829270051342e+19 6.881255275770e-08
2.800500664578e-06 1.131465386977e+10 4.957197697800e+04 2.780441432673e+19 6.949657562336e-08
2.820070345177e-06 1.119708260819e+10 4.939967698286e+04 2.732455517015e+19 7.018737637612e-08
2.839776777180e-06 1.108073303714e+10 4.922797586061e+04 2.685297760676e+19 7.088502193801e-08
2.859620916196e-06 1.096559246194e+10 4.905687152972e+04 2.638953870963e+19 7.158957988918e-08
2.879603724510e-06 1.085164831984e+10 4.888636191588e+04 2.593409801853e+19 7.230111847430e-08
2.899726171133e-06 1.073888817863e+10 4.871644495201e+04 2.548651749734e+19 7.301970660911e-08
2.919989231846e-06 1.062729973528e+10 4.854711857820e+04 2.504666149222e+19 7.374541388696e-08
2.940393889249e-06 1.051687081459e+10 4.837838074171e+04 2.461439669050e+19 7.447831058543e-08
2.960941132810e-06 1.040758936789e+10 4.821022939692e+04 2.418959208028e+19 7.521846767306e-08
2.981631958909e-06 1.029944347171e+10 4.804266250534e+04 2.377211891069e+19 7.596595681609e-08
3.002467370890e-06 1.019242132647e+10 4.787567803554e+04 2.336185065292e+19 7.672085038530e-08
3.023448379107e-06 1.008651125519e+10 4.770927396318e+04 2.295866296182e+19 7.748322146289e-08
3.044576000977e-06 9.981701702240e+09 4.754344827094e+04 2.256243363825e+19 7.825314384944e-08
3.065851261023e-06 9.877981232070e+09 4.737819894850e+04 2.217304259203e+19 7.903069207096e-08
3.087275190929e-06 9.775338527946e+09 4.721352399255e+04 2.179037180554e+19 7.981594138598e-08
3.108848829590e-06 9.673762390731e+09 4.704942140673e+04 2.141430529795e+19 8.060896779269e-08
3.130573223158e-06 9.573241737658e+09 4.688588920162e+04 2.104472909007e+19 8.140984803622e-08
3.152449425097e-06 9.473765601123e+09 4.672292539473e+04 2.068153116981e+19 8.221865961589e-08
3.174478496232e-06 9.375323127488e+09 4.656052801044e+04 2.032460145824e+19 8.303548079265e-08
3.196661504801e-06 9.277903575893e+09 4.639869508000e+04 1.997383177620e+19 8.386039059650e-08
3.218999526506e-06 9.181496317088e+09 4.623742464151e+04 1.962911581152e+19 8.469346883399e-08
3.241493644568e-06 9.086090832275e+09 4.607671473989e+04 1.929034908684e+19 8.553479609585e-08
3.264144949776e-06 8.991676711954e+09 4.591656342685e+04 1.895742892787e+19 8.638445376464e-08
3.286954540540e-06 8.898243654792e+09 4.575696876087e+04 1.863025443233e+19 8.724252402251e-08
3.309923522949e-06 8.805781466498e+09 4.559792880719e+04 1.830872643937e+19 8.810908985901e-08
3.333053010819e-06 8.714280058710e+09 4.543944163775e+04 1.799274749946e+19 8.898423507895e-08
3.356344125749e-06 8.623729447896e+09 4.528150533123e+04 1.768222184492e+19 8.986804431044e-08
3.379797997177e-06 8.534119754263e+09 4.512411797296e+04 1.737705536085e+19 9.076060301289e-08
3.403415762432e-06 8.445441200679e+09 4.496727765492e+04 1.707715555663e+19 9.166199748514e-08
3.427198566792e-06 8.357684111608e+09 4.481098247574e+04 1.678243153787e+19 9.257231487369e-08
3.451147563537e-06 8.270838912050e+09 4.465523054065e+04 1.649279397887e+19 9.349164318098e-08
3.475263914007e-06 8.184896126505e+09 4.450001996147e+04 1.620815509556e+19 9.442007127372e-08
3.499548787656e-06 8.099846377927e+09 4.434534885659e+04 1.592842861888e+19 9.535768889140e-08
3.524003362112e-06 8.015680386714e+09 4.419121535091e+04 1.565352976862e+19 9.630458665477e-08
3.548628823229e-06 7.932388969684e+09 4.403761757587e+04 1.538337522775e+19 9.726085607447e-08
3.573426365152e-06 7.849963039080e+09 4.388455366942e+04 1.511788311716e+19 9.822658955973e-08
3.598397190367e-06 7.768393601576e+09 4.373202177595e+04 1.485697297083e+19 9.920188042717e-08
3.623542509764e-06 7.687671757298e+09 4.358002004632e+04 1.460056571147e+19 1.001868229096e-07
3.648863542696e-06 7.607788698848e+09 4.342854663781e+04 1.434858362651e+19 1.011815121651e-07
3.674361517034e-06 7.528735710348e+09 4.327759971410e+04 1.410095034461e+19 1.021860442858e-07
3.700037669231e-06 7.450504166489e+09 4.312717744527e+04 1.385759081244e+19 1.032005163074e-07
3.725893244381e-06 7.373085531585e+09 4.297727800774e+04 1.361843127200e+19 1.042250262181e-07
3.751929496277e-06 7.296471358647e+09 4.282789958428e+04 1.338339923821e+19 1.052596729679e-07
3.778147687474e-06 7.220653288457e+09 4.267904036397e+04 1.315242347697e+19 1.063045564782e-07
3.804549089350e-06 7.145623048661e+09 4.253069854220e+04 1.292543398359e+19 1.073597776510e-07
3.831134982166e-06 7.071372452862e+09 4.238287232060e+04 1.270236196151e+19 1.084254383788e-07
3.857906655132e-06 6.997893399728e+09 4.223555990709e+04 1.248313980152e+19 1.095016415540e-07
3.884865406464e-06 6.925177872110e+09 4.208875951579e+04 1.226770106121e+19 1.105884910789e-07
3.912012543451e-06 6.853217936164e+09 4.194246936704e+04 1.205598044487e+19 1.116860918753e-07
3.939349382518e-06 6.782005740488e+09 4.179668768736e+04 1.184791378371e+19 1.127945498948e-07
3.966877249287e-06 6.711533515265e+09 4.165141270944e+04 1.164343801634e+19 1.139139721283e-07
3.994597478647e-06 6.641793571413e+09 4.150664267211e+04 1.144249116976e+19 1.150444666170e-07
4.022511414811e-06 6.572778299749e+09 4.136237582031e+04 1.124501234048e+19 1.161861424616e-07
4.050620411387e-06 6.504480170157e+09 4.121861040511e+04 1.105094167615e+19 1.173391098337e-07
4.078925831443e-06 6.436891730769e+09 4.107534468363e+04 1.086022035733e+19 1.185034799855e-07
4.107429047570e-06 6.370005607145e+09 4.093257691906e+04 1.067279057974e+19 1.196793652606e-07
4.136131441953e-06 6.303814501479e+09 4.079030538062e+04 1.048859553670e+19 1.208668791048e-07
4.165034406432e-06 6.238311191793e+09 4.064852834356e+04 1.030757940192e+19 1.220661360765e-07
4.194139342578e-06 6.173488531155e+09 4.050724408910e+04 1.012968731257e+19 1.232772518581e-07
4.223447661750e-06 6.109339446896e+09 4.036645090447e+04 9.954865352693e+18 1.245003432662e-07
4.252960785176e-06 6.045856939840e+09 4.022614708281e+04 9.783060536804e+18 1.257355282636e-07
4.282680144010e-06 5.983034083541e+09 4.008633092323e+04 9.614220793880e+18 1.269829259697e-07
4.312607179409e-06 5.920864023524e+09 3.994700073073e+04 9.448294951552e+18 1.282426566722e-07
4.342743342602e-06 5.859339976541e+09 3.980815481622e+04 9.285232720609e+18 1.295148418383e-07
4.373090094957e-06 5.798455229829e+09 3.966979149645e+04 9.124984679745e+18 1.307996041264e-07
4.403648908054e-06 5.738203140377e+09 3.953190909405e+04 8.967502260589e+18 1.320970673975e-07
4.434421263758e-06 5.678577134203e+09 3.939450593748e+04 8.812737732982e+18 1.334073567273e-07
4.465408654288e-06 5.619570705634e+09 3.925758036098e+04 8.660644190509e+18 1.347305984176e-07
4.496612582290e-06 5.561177416600e+09 3.912113070462e+04 8.511175536285e+18 1.360669200084e-07
4.528034560911e-06 5.503390895928e+09 3.898515531420e+04 8.364286468981e+18 1.374164502903e-07
4.559676113873e-06 5.446204838648e+09 3.884965254130e+04 8.219932469099e+18 1.387793193162e-07
4.591538775543e-06 5.389613005307e+09 3.871462074321e+04 8.078069785472e+18 1.401556584140e-07
4.623624091012e-06 5.333609221285e+09 3.858005828295e+04 7.938655422011e+18 1.415456001987e-07
4.655933616168e-06 5.278187376123e+09 3.844596352921e+04 7.801647124666e+18 1.429492785855e-07
4.688468917769e-06 5.223341422857e+09 3.831233485636e+04 7.667003368628e+18 1.443668288018e-07
4.721231573525e-06 5.169065377358e+09 3.817917064442e+04 7.534683345736e+18 1.457983874005e-07
4.754223172169e-06 5.115353317675e+09 3.804646927903e+04 7.404646952114e+18 1.472440922725e-07
4.787445313535e-06 5.062199383397e+09 3.791422915145e+04 7.276854776012e+18 1.487040826602e-07
4.820899608639e-06 5.009597775007e+09 3.778244865854e+04 7.151268085865e+18 1.501784991706e-07
4.854587679752e-06 4.957542753249e+09 3.765112620272e+04 7.027848818551e+18 1.516674837880e-07
4.888511160482e-06 4.906028638507e+09 3.752026019197e+04 6.906559567857e+18 1.531711798884e-07
4.922671695855e-06 4.855049810181e+09 3.738984903979e+04 6.787363573140e+18 1.546897322523e-07
4.957070942390e-06 4.804600706076e+09 3.725989116522e+04 6.670224708188e+18 1.562232870786e-07
4.991710568181e-06 4.754675821792e+09 3.713038499276e+04 6.555107470266e+18 1.577719919986e-07
5.026592252980e-06 4.705269710128e+09 3.700132895242e+04 6.441976969361e+18 1.593359960899e-07
5.061717688276e-06 4.656376980483e+09 3.687272147964e+04 6.330798917606e+18 1.609154498902e-07
5.097088577379e-06 4.607992298272e+09 3.674456101531e+04 6.221539618885e+18 1.625105054120e-07
5.132706635502e-06 4.560110384341e+09 3.661684600576e+04 6.114165958624e+18 1.641213161565e-07
5.168573589841e-06 4.512726014393e+09 3.648957490267e+04 6.008645393753e+18 1.657480371287e-07
5.204691179665e-06 4.465834018415e+09 3.636274616316e+04 5.904945942842e+18 1.673908248512e-07
5.241061156395e-06 4.419429280118e+09 3.623635824966e+04 5.803036176410e+18 1.690498373798e-07
5.277685283690e-06 4.373506736376e+09 3.611040962998e+04 5.702885207396e+18 1.707252343182e-07
5.314565337535e-06 4.328061376673e+09 3.598489877724e+04 5.604462681803e+18 1.724171768327e-07
5.351703106325e-06 4.283088242561e+09 3.585982416986e+04 5.507738769491e+18 1.741258276679e-07
5.389100390951e-06 4.238582427111e+09 3.573518429158e+04 5.412684155144e+18 1.758513511618e-07
5.426759004891e-06 4.194539074386e+09 3.561097763138e+04 5.319270029379e+18 1.775939132615e-07
5.464680774293e-06 4.150953378906e+09 3.548720268350e+04 5.227468080016e+18 1.793536815387e-07
5.502867538067e-06 4.107820585123e+09 3.536385794741e+04 5.137250483497e+18 1.811308252057e-07
5.541321147973e-06 4.065135986909e+09 3.524094192780e+04 5.048589896457e+18 1.829255151311e-07
5.580043468711e-06 4.022894927033e+09 3.511845313457e+04 4.961459447429e+18 1.847379238563e-07
5.619036378012e-06 3.981092796660e+09 3.499639008278e+04 4.875832728708e+18 1.865682256115e-07
5.658301766727e-06 3.939725034846e+09 3.487475129265e+04 4.791683788339e+18 1.884165963322e-07
5.697841538921e-06 3.898787128037e+09 3.475353528957e+04 4.708987122261e+18 1.902832136760e-07
5.737657611964e-06 3.858274609584e+09 3.463274060402e+04 4.627717666567e+18 1.921682570390e-07
5.777751916626e-06 3.818183059249e+09 3.451236577161e+04 4.547850789915e+18 1.940719075732e-07
5.818126397167e-06 3.778508102723e+09 3.439240933303e+04 4.469362286061e+18 1.959943482029e-07
5.858783011435e-06 3.739245411155e+09 3.427286983406e+04 4.392228366520e+18 1.979357636428e-07
5.899723730958e-06 3.700390700673e+09 3.415374582551e+04 4.316425653357e+18 1.998963404149e-07
5.940950541041e-06 3.661939731918e+09 3.403503586324e+04 4.241931172106e+18 2.018762668659e-07
5.982465440863e-06 3.623888309584e+09 3.391673850813e+04 4.168722344799e+18 2.038757331857e-07
6.024270443572e-06 3.586232281959e+09 3.379885232605e+04 4.096776983131e+18 2.058949314245e-07
6.066367576386e-06 3.548967540471e+09 3.368137588788e+04 4.026073281727e+18 2.079340555116e-07
6.108758880686e-06 3.512090019240e+09 3.356430776944e+04 3.956589811542e+18 2.099933012731e-07
6.151446412120e-06 3.475595694635e+09 3.344764655152e+04 3.888305513358e+18 2.120728664507e-07
6.194432240700e-06 3.439480584836e+09 3.333139081983e+04 3.821199691408e+18 2.141729507205e-07
6.237718450903e-06 3.403740749397e+09 3.321553916500e+04 3.755252007099e+18 2.162937557113e-07
6.281307141773e-06 3.368372288818e+09 3.310009018256e+04 3.690442472849e+18 2.184354850240e-07
6.325200427021e-06 3.333371344119e+09 3.298504247292e+04 3.626751446030e+18 2.205983442506e-07
6.369400435129e-06 3.298734096418e+09 3.287039464135e+04 3.564159623014e+18 2.227825409937e-07
6.413909309452e-06 3.264456766517e+09 3.275614529799e+04 3.502648033322e+18 2.249882848859e-07
6.458729208323e-06 3.230535614487e+09 3.264229305777e+04 3.442198033875e+18 2.272157876098e-07
6.503862305159e-06 3.196966939260e+09 3.252883654048e+04 3.382791303344e+18 2.294652629175e-07
6.549310788560e-06 3.163747078227e+09 3.241577437067e+04 3.324409836596e+18 2.317369266513e-07
6.595076862425e-06 3.130872406837e+09 3.230310517769e+04 3.267035939237e+18 2.340309967634e-07
6.641162746051e-06 3.098339338204e+09 3.219082759566e+04 3.210652222250e+18 2.363476933369e-07
6.687570674244e-06 3.066144322709e+09 3.207894026342e+04 3.155241596726e+18 2.386872386064e-07
6.734302897425e-06 3.034283847622e+09 3.196744182457e+04 3.100787268679e+18 2.410498569787e-07
6.781361681744e-06 3.002754436711e+09 3.185633092741e+04 3.047272733965e+18 2.434357750543e-07
6.828749309183e-06 2.971552649867e+09 3.174560622495e+04 2.994681773270e+18 2.458452216482e-07
6.876468077673e-06 2.940675082728e+09 3.163526637485e+04 2.942998447204e+18 2.482784278120e-07
6.924520301203e-06 2.910118366305e+09 3.152531003949e+04 2.892207091460e+18 2.507356268552e-07
6.972908309928e-06 2.879879166618e+09 3.141573588584e+04 2.842292312076e+18 2.532170543675e-07
7.021634450292e-06 2.849954184331e+09 3.130654258554e+04 2.793238980763e+18 2.557229482405e-07
7.070701085130e-06 2.820340154389e+09 3.119772881485e+04 2.745032230321e+18 2.582535486905e-07
7.120110593793e-06 2.791033845668e+09 3.108929325460e+04 2.697657450135e+18 2.608090982811e-07
7.169865372255e-06 2.762032060616e+09 3.098123459024e+04 2.651100281747e+18 2.633898419455e-07
7.219967833235e-06 2.733331634908e+09 3.087355151177e+04 2.605346614499e+18 2.659960270100e-07
7.270420406311e-06 2.704929437100e+09 3.076624271375e+04 2.560382581263e+18 2.686279032173e-07
7.321225538040e-06 2.676822368287e+09 3.065930689526e+04 2.516194554235e+18 2.712857227494e-07
7.372385692073e-06 2.649007361763e+09 3.055274275992e+04 2.472769140804e+18 2.739697402521e-07
7.423903349280e-06 2.621481382692e+09 3.044654901587e+04 2.430093179494e+18 2.766802128582e-07
7.475781007864e-06 2.594241427769e+09 3.034072437570e+04 2.388153735976e+18 2.794174002122e-07
7.528021183488e-06 2.567284524901e+09 3.023526755650e+04 2.346938099144e+18 2.821815644942e-07
7.580626409391e-06 2.540607732875e+09 3.013017727983e+04 2.306433777268e+18 2.849729704451e-07
7.633599236516e-06 2.514208141040e+09 3.002545227166e+04 2.266628494203e+18 2.877918853909e-07
7.686942233634e-06 2.488082868992e+09 2.992109126243e+04 2.227510185672e+18 2.906385792681e-07
7.740657987462e-06 2.462229066257e+09 2.981709298695e+04 2.189066995607e+18 2.935133246493e-07
7.794749102795e-06 2.436643911980e+09 2.971345618445e+04 2.151287272556e+18 2.964163967680e-07
7.849218202631e-06 2.411324614616e+09 2.961017959855e+04 2.114159566154e+18 2.993480735453e-07
7.904067928296e-06 2.386268411630e+09 2.950726197722e+04 2.077672623648e+18 3.023086356156e-07
7.959300939573e-06 2.361472569191e+09 2.940470207280e+04 2.041815386493e+18 3.052983663528e-07
8.014919914832e-06 2.336934381876e+09 2.930249864193e+04 2.006576986994e+18 3.083175518972e-07
8.070927551160e-06 2.312651172374e+09 2.920065044562e+04 1.971946745015e+18 3.113664811822e-07
8.127326564490e-06 2.288620291194e+09 2.909915624915e+04 1.937914164742e+18 3.144454459613e-07
8.184119689734e-06 2.264839116377e+09 2.899801482211e+04 1.904468931504e+18 3.175547408357e-07
8.241309680916e-06 2.241305053207e+09 2.889722493836e+04 1.871600908641e+18 3.206946632817e-07
8.298899311303e-06 2.218015533932e+09 2.879678537603e+04 1.839300134437e+18 3.238655136790e-07
8.356891373543e-06 2.194968017480e+09 2.869669491748e+04 1.807556819100e+18 3.270675953382e-07
8.415288679799e-06 2.172159989185e+09 2.859695234931e+04 1.776361341793e+18 3.303012145299e-07
8.474094061884e-06 2.149588960509e+09 2.849755646235e+04 1.745704247719e+18 3.335666805130e-07
8.533310371400e-06 2.127252468774e+09 2.839850605162e+04 1.715576245256e+18 3.368643055640e-07
8.592940479877e-06 2.105148076892e+09 2.829979991632e+04 1.685968203140e+18 3.401944050060e-07
8.652987278910e-06 2.083273373099e+09 2.820143685985e+04 1.656871147698e+18 3.435572972383e-07
8.713453680298e-06 2.061625970691e+09 2.810341568974e+04 1.628276260127e+18 3.469533037663e-07
8.774342616192e-06 2.040203507764e+09 2.800573521769e+04 1.600174873825e+18 3.503827492318e-07
8.835657039229e-06 2.019003646958e+09 2.790839425951e+04 1.572558471758e+18 3.538459614430e-07
8.897399922680e-06 1.998024075201e+09 2.781139163513e+04 1.545418683886e+18 3.573432714057e-07
8.959574260594e-06 1.977262503453e+09 2.771472616860e+04 1.518747284619e+18 3.608750133538e-07
9.022183067940e-06 1.956716666464e+09 2.761839668804e+04 1.492536190330e+18 3.644415247809e-07
9.085229380757e-06 1.936384322520e+09 2.752240202564e+04 1.466777456900e+18 3.680431464719e-07
9.148716256299e-06 1.916263253201e+09 2.742674101765e+04 1.441463277314e+18 3.716802225350e-07
9.212646773185e-06 1.896351263138e+09 2.733141250439e+04 1.416585979294e+18 3.753531004336e-07
9.277024031545e-06 1.876646179776e+09 2.723641533017e+04 1.392138022972e+18 3.790621310189e-07
9.341851153174e-06 1.857145853134e+09 2.714174834336e+04 1.368111998605e+18 3.828076685631e-07
9.407131281681e-06 1.837848155572e+09 2.704741039629e+04 1.344500624333e+18 3.865900707920e-07
9.472867582644e-06 1.818750981558e+09 2.695340034531e+04 1.321296743968e+18 3.904096989192e-07
9.539063243760e-06 1.799852247439e+09 2.685971705073e+04 1.298493324824e+18 3.942669176789e-07
9.605721475002e-06 1.781149891213e+09 2.676635937684e+04 1.276083455590e+18 3.981620953611e-07
9.672845508774e-06 1.762641872305e+09 2.667332619185e+04 1.254060344234e+18 4.020956038452e-07
9.740438600067e-06 1.744326171344e+09 2.658061636792e+04 1.232417315941e+18 4.060678186352e-07
9.808504026620e-06 1.726200789941e+09 2.648822878113e+04 1.211147811094e+18 4.100791188948e-07
9.877045089074e-06 1.708263750475e+09 2.639616231146e+04 1.190245383283e+18 4.141298874827e-07
9.946065111135e-06 1.690513095870e+09 2.630441584279e+04 1.169703697355e+18 4.182205109885e-07
1.001556743974e-05 1.672946889392e+09 2.621298826288e+04 1.149516527489e+18 4.223513797689e-07
1.008555544520e-05 1.655563214427e+09 2.612187846335e+04 1.129677755314e+18 4.265228879839e-07
1.015603252140e-05 1.638360174279e+09 2.603108533968e+04 1.110181368049e+18 4.307354336340e-07
1.022700208591e-05 1.621335891960e+09 2.594060779117e+04 1.091021456687e+18 4.349894185971e-07
1.029846758022e-05 1.604488509986e+09 2.585044472096e+04 1.072192214200e+18 4.392852486664e-07
1.037043246984e-05 1.587816190174e+09 2.576059503602e+04 1.053687933778e+18 4.436233335879e-07
1.044290024450e-05 1.571317113442e+09 2.567105764709e+04 1.035503007105e+18 4.480040870989e-07
1.051587441833e-05 1.554989479610e+09 2.558183146871e+04 1.017631922651e+18 4.524279269666e-07
1.058935853001e-05 1.538831507204e+09 2.549291541918e+04 1.000069264010e+18 4.568952750272e-07
1.066335614294e-05 1.522841433262e+09 2.540430842058e+04 9.828097082525e+17 4.614065572250e-07
1.073787084542e-05 1.507017513139e+09 2.531600939872e+04 9.658480243140e+17 4.659622036526e-07
1.081290625084e-05 1.491358020321e+09 2.522801728316e+04 9.491790714105e+17 4.705626485907e-07
1.088846599784e-05 1.475861246233e+09 2.514033100716e+04 9.327977974791e+17 4.752083305488e-07
1.096455375046e-05 1.460525500055e+09 2.505294950770e+04 9.166992376477e+17 4.798996923061e-07
1.104117319838e-05 1.445349108534e+09 2.496587172546e+04 9.008785127294e+17 4.846371809527e-07
1.111832805703e-05 1.430330415808e+09 2.487909660479e+04 8.853308277447e+17 4.894212479316e-07
1.119602206782e-05 1.415467783217e+09 2.479262309371e+04 8.700514704672e+17 4.942523490805e-07
1.127425899832e-05 1.400759589130e+09 2.470645014391e+04 8.550358099962e+17 4.991309446744e-07
1.135304264239e-05 1.386204228769e+09 2.462057671070e+04 8.402792953527e+17 5.040574994688e-07
1.143237682044e-05 1.371800114026e+09 2.453500175305e+04 8.257774541003e+17 5.090324827425e-07
1.151226537954e-05 1.357545673300e+09 2.444972423353e+04 8.115258909897e+17 5.140563683420e-07
1.159271219367e-05 1.343439351319e+09 2.436474311832e+04 7.975202866263e+17 5.191296347253e-07
1.167372116388e-05 1.329479608971e+09 2.428005737718e+04 7.837563961613e+17 5.242527650062e-07
1.175529621847e-05 1.315664923137e+09 2.419566598348e+04 7.702300480053e+17 5.294262470002e-07
1.183744131318e-05 1.301993786527e+09 2.411156791414e+04 7.569371425635e+17 5.346505732692e-07
1.192016043142e-05 1.288464707511e+09 2.402776214963e+04 7.438736509938e+17 5.399262411676e-07
1.200345758442e-05 1.275076209960e+09 2.394424767398e+04 7.310356139850e+17 5.452537528888e-07
1.208733681144e-05 1.261826833082e+09 2.386102347473e+04 7.184191405575e+17 5.506336155118e-07
1.217180217996e-05 1.248715131267e+09 2.377808854297e+04 7.060204068837e+17 5.560663410485e-07
1.225685778591e-05 1.235739673923e+09 2.369544187327e+04 6.938356551288e+17 5.615524464916e-07
1.234250775380e-05 1.222899045326e+09 2.361308246370e+04 6.818611923125e+17 5.670924538621e-07
1.242875623701e-05 1.210191844461e+09 2.353100931582e+04 6.700933891891e+17 5.726868902589e-07
1.251560741790e-05 1.197616684873e+09 2.344922143465e+04 6.585286791479e+17 5.783362879067e-07
1.260306550808e-05 1.185172194513e+09 2.336771782869e+04 6.471635571321e+17 5.840411842067e-07
1.269113474858e-05 1.172857015588e+09 2.328649750985e+04 6.359945785766e+17 5.898021217858e-07
1.277981941008e-05 1.160669804414e+09 2.320555949351e+04 6.250183583638e+17 5.956196485474e-07
1.286912379309e-05 1.148609231272e+09 2.312490279846e+04 6.142315697978e+17 6.014943177223e-07
1.295905222817e-05 1.136673980256e+09 2.304452644688e+04 6.036309435961e+17 6.074266879204e-07
1.304960907616e-05 1.124862749137e+09 2.296442946439e+04 5.932132668986e+17 6.134173231823e-07
1.314079872835e-05 1.113174249216e+09 2.288461087995e+04 5.829753822941e+17 6.194667930320e-07
1.323262560673e-05 1.101607205186e+09 2.280506972593e+04 5.729141868632e+17 6.255756725300e-07
1.332509416418e-05 1.090160354990e+09 2.272580503806e+04 5.630266312377e+17 6.317445423262e-07
1.341820888472e-05 1.078832449688e+09 2.264681585539e+04 5.533097186768e+17 6.379739887147e-07
1.351197428367e-05 1.067622253314e+09 2.256810122036e+04 5.437605041584e+17 6.442646036876e-07
1.360639490793e-05 1.056528542749e+09 2.248966017869e+04 5.343760934869e+17 6.506169849905e-07
1.370147533616e-05 1.045550107580e+09 2.241149177945e+04 5.251536424155e+17 6.570317361775e-07
1.379722017902e-05 1.034685749974e+09 2.233359507500e+04 5.160903557848e+17 6.635094666682e-07
1.389363407939e-05 1.023934284544e+09 2.225596912100e+04 5.071834866752e+17 6.700507918032e-07
1.399072171259e-05 1.013294538219e+09 2.217861297639e+04 4.984303355746e+17 6.766563329022e-07
1.408848778661e-05 1.002765350120e+09 2.210152570337e+04 4.898282495598e+17 6.833267173211e-07
1.418693704234e-05 9.923455714290e+08 2.202470636743e+04 4.813746214932e+17 6.900625785108e-07
1.428607425380e-05 9.820340652660e+08 2.194815403726e+04 4.730668892318e+17 6.968645560755e-07
1.438590422838e-05 9.718297065644e+08 2.187186778484e+04 4.649025348511e+17 7.037332958324e-07
1.448643180705e-05 9.617313819479e+08 2.179584668535e+04 4.568790838822e+17 7.106694498715e-07
1.458766186462e-05 9.517379896099e+08 2.172008981716e+04 4.489941045611e+17 7.176736766163e-07
1.468959930994e-05 9.418484391923e+08 2.164459626190e+04 4.412452070923e+17 7.247466408848e-07
1.479224908619e-05 9.320616516673e+08 2.156936510434e+04 4.336300429244e+17 7.318890139511e-07
1.489561617109e-05 9.223765592191e+08 2.149439543246e+04 4.261463040379e+17 7.391014736080e-07
1.499970557713e-05 9.127921051277e+08 2.141968633740e+04 4.187917222464e+17 7.463847042294e-07
1.510452235184e-05 9.033072436537e+08 2.134523691347e+04 4.115640685084e+17 7.537393968344e-07
1.521007157800e-05 8.939209399239e+08 2.127104625810e+04 4.044611522520e+17 7.611662491506e-07
1.531635837394e-05 8.846321698185e+08 2.119711347188e+04 3.974808207113e+17 7.686659656798e-07
1.542338789374e-05 8.754399198596e+08 2.112343765854e+04 3.906209582734e+17 7.762392577623e-07
1.553116532748e-05 8.663431871002e+08 2.105001792489e+04 3.838794858376e+17 7.838868436436e-07
1.563969590155e-05 8.573409790151e+08 2.097685338086e+04 3.772543601850e+17 7.916094485405e-07
1.574898487881e-05 8.484323133924e+08 2.090394313949e+04 3.707435733594e+17 7.994078047088e-07
1.585903755894e-05 8.396162182265e+08 2.083128631687e+04 3.643451520588e+17 8.072826515106e-07
1.596985927862e-05 8.308917316120e+08 2.075888203220e+04 3.580571570369e+17 8.152347354832e-07
1.608145541186e-05 8.222579016387e+08 2.068672940771e+04 3.518776825159e+17 8.232648104082e-07
1.619383137018e-05 8.137137862877e+08 2.061482756869e+04 3.458048556085e+17 8.313736373812e-07
1.630699260296e-05 8.052584533287e+08 2.054317564348e+04 3.398368357505e+17 8.395619848824e-07
1.642094459761e-05 7.968909802184e+08 2.047177276345e+04 3.339718141427e+17 8.478306288477e-07
1.653569287994e-05 7.886104539994e+08 2.040061806296e+04 3.282080132029e+17 8.561803527406e-07
1.665124301432e-05 7.804159712013e+08 2.032971067942e+04 3.225436860273e+17 8.646119476247e-07
1.676760060405e-05 7.723066377414e+08 2.025904975321e+04 3.169771158606e+17 8.731262122370e-07
1.688477129156e-05 7.642815688277e+08 2.018863442772e+04 3.115066155759e+17 8.817239530617e-07
1.700276075870e-05 7.563398888618e+08 2.011846384928e+04 3.061305271634e+17 8.904059844049e-07
1.712157472706e-05 7.484807313441e+08 2.004853716723e+04 3.008472212280e+17 8.991731284699e-07
1.724121895818e-05 7.407032387786e+08 1.997885353384e+04 2.956550964951e+17 9.080262154336e-07
1.736169925387e-05 7.330065625797e+08 1.990941210434e+04 2.905525793258e+17 9.169660835225e-07
1.748302145648e-05 7.253898629794e+08 1.984021203689e+04 2.855381232392e+17 9.259935790912e-07
1.760519144920e-05 7.178523089359e+08 1.977125249257e+04 2.806102084447e+17 9.351095567000e-07
1.772821515632e-05 7.103930780428e+08 1.970253263539e+04 2.757673413803e+17 9.443148791940e-07
1.785209854353e-05 7.030113564393e+08 1.963405163226e+04 2.710080542609e+17 9.536104177833e-07
1.797684761819e-05 6.957063387215e+08 1.956580865297e+04 2.663309046327e+17 9.629970521228e-07
1.810246842968e-05 6.884772278547e+08 1.949780287022e+04 2.617344749364e+17 9.724756703942e-07
1.822896706962e-05 6.813232350858e+08 1.943003345958e+04 2.572173720775e+17 9.820471693879e-07
1.835634967221e-05 6.742435798581e+08 1.936249959947e+04 2.527782270039e+17 9.917124545853e-07
1.848462241450e-05 6.672374897256e+08 1.929520047119e+04 2.484156942915e+17 1.001472440243e-06
1.861379151674e-05 6.603042002687e+08 1.922813525885e+04 2.441284517355e+17 1.011328049478e-06
1.874386324260e-05 6.534429550110e+08 1.916130314944e+04 2.399151999507e+17 1.021280214351e-06
1.887484389955e-05 6.466530053370e+08 1.909470333274e+04 2.357746619769e+17 1.031329875954e-06
1.900673983914e-05 6.399336104095e+08 1.902833500136e+04 2.317055828922e+17 1.041477984497e-06
1.913955745728e-05 6.332840370900e+08 1.896219735072e+04 2.277067294326e+17 1.051725499395e-06
1.927330319460e-05 6.267035598576e+08 1.889628957903e+04 2.237768896184e+17 1.062073389357e-06
1.940798353671e-05 6.201914607307e+08 1.883061088730e+04 2.199148723866e+17 1.072522632477e-06
1.954360501457e-05 6.137470291881e+08 1.876516047929e+04 2.161195072299e+17 1.083074216320e-06
1.968017420476e-05 6.073695620918e+08 1.869993756155e+04 2.123896438421e+17 1.093729138017e-06
1.981769772982e-05 6.010583636099e+08 1.863494134339e+04 2.087241517696e+17 1.104488404358e-06
1.995618225856e-05 5.948127451412e+08 1.857017103685e+04 2.051219200685e+17 1.115353031879e-06
2.009563450641e-05 5.886320252398e+08 1.850562585672e+04 2.015818569678e+17 1.126324046961e-06
2.023606123570e-05 5.825155295405e+08 1.844130502052e+04 1.981028895389e+17 1.137402485925e-06
2.037746925605e-05 5.764625906856e+08 1.837720774849e+04 1.946839633702e+17 1.148589395121e-06
2.051986542464e-05 5.704725482522e+08 1.831333326358e+04 1.913240422475e+17 1.159885831034e-06
2.066325664656e-05 5.645447486794e+08 1.824968079142e+04 1.880221078399e+17 1.171292860373e-06
2.080764987518e-05 5.586785451980e+08 1.818624956038e+04 1.847771593913e+17 1.182811560174e-06
2.095305211243e-05 5.528732977591e+08 1.812303880146e+04 1.815882134171e+17 1.194443017898e-06
2.109947040920e-05 5.471283729647e+08 1.806004774836e+04 1.784543034059e+17 1.206188331531e-06
2.124691186563e-05 5.414431439984e+08 1.799727563745e+04 1.753744795268e+17 1.218048609685e-06
2.139538363148e-05 5.358169905572e+08 1.793472170772e+04 1.723478083414e+17 1.230024971701e-06
2.154489290646e-05 5.302492987837e+08 1.787238520085e+04 1.693733725211e+17 1.242118547751e-06
2.169544694062e-05 5.247394611991e+08 1.781026536113e+04 1.664502705685e+17 1.254330478941e-06
2.184705303465e-05 5.192868766368e+08 1.774836143547e+04 1.635776165451e+17 1.266661917422e-06
2.199971854025e-05 5.138909501772e+08 1.768667267342e+04 1.607545398019e+17 1.279114026485e-06
2.215345086053e-05 5.085510930824e+08 1.762519832711e+04 1.579801847159e+17 1.291687980682e-06
2.230825745029e-05 5.032667227323e+08 1.756393765131e+04 1.552537104309e+17 1.304384965920e-06
2.246414581644e-05 4.980372625606e+08 1.750288990333e+04 1.525742906026e+17 1.317206179581e-06
2.262112351836e-05 4.928621419922e+08 1.744205434310e+04 1.499411131477e+17 1.330152830628e-06
2.277919816824e-05 4.877407963811e+08 1.738143023312e+04 1.473533799985e+17 1.343226139713e-06
2.293837743147e-05 4.826726669482e+08 1.732101683842e+04 1.448103068605e+17 1.356427339295e-06
2.309866902699e-05 4.776572007210e+08 1.726081342663e+04 1.423111229748e+17 1.369757673751e-06
2.326008072770e-05 4.726938504729e+08 1.720081926789e+04 1.398550708847e+17 1.383218399488e-06
2.342262036081e-05 4.677820746635e+08 1.714103363489e+04 1.374414062057e+17 1.396810785062e-06
2.358629580822e-05 4.629213373797e+08 1.708145580286e+04 1.350693974006e+17 1.410536111294e-06
2.375111500692e-05 4.581111082770e+08 1.702208504952e+04 1.327383255569e+17 1.424395671386e-06
2.391708594934e-05 4.533508625217e+08 1.696292065513e+04 1.304474841695e+17 1.438390771039e-06
2.408421668378e-05 4.486400807339e+08 1.690396190243e+04 1.281961789267e+17 1.452522728578e-06
2.425251531479e-05 4.439782489304e+08 1.684520807668e+04 1.259837274991e+17 1.466792875067e-06
2.442199000352e-05 4.393648584690e+08 1.678665846559e+04 1.238094593334e+17 1.481202554435e-06
2.459264896818e-05 4.347994059926e+08 1.672831235936e+04 1.216727154489e+17 1.495753123598e-06
2.476450048440e-05 4.302813933747e+08 1.667016905067e+04 1.195728482379e+17 1.510445952586e-06
2.493755288564e-05 4.258103276648e+08 1.661222783465e+04 1.175092212693e+17 1.525282424663e-06
2.511181456358e-05 4.213857210347e+08 1.655448800887e+04 1.154812090958e+17 1.540263936461e-06
2.528729396856e-05 4.170070907254e+08 1.649694887335e+04 1.134881970643e+17 1.555391898102e-06
2.546399960996e-05 4.126739589939e+08 1.643960973054e+04 1.115295811295e+17 1.570667733332e-06
2.564194005662e-05 4.083858530619e+08 1.638246988533e+04 1.096047676712e+17 1.586092879650e-06
2.582112393727e-05 4.041423050634e+08 1.632552864500e+04 1.077131733138e+17 1.601668788438e-06
2.600155994093e-05 3.999428519943e+08 1.626878531925e+04 1.058542247500e+17 1.617396925096e-06
2.618325681733e-05 3.957870356614e+08 1.621223922019e+04 1.040273585669e+17 1.633278769178e-06
2.636622337736e-05 3.916744026328e+08 1.615588966231e+04 1.022320210750e+17 1.649315814524e-06
2.655046849346e-05 3.876045041881e+08 1.609973596247e+04 1.004676681408e+17 1.665509569398e-06
2.673600110009e-05 3.835768962696e+08 1.604377743993e+04 9.873376502154e+16 1.681861556629e-06
2.692283019413e-05 3.795911394338e+08 1.598801341630e+04 9.702978620320e+16 1.698373313746e-06
2.711096483533e-05 3.756467988038e+08 1.593244321556e+04 9.535521524135e+16 1.715046393123e-06
2.730041414676e-05 3.717434440210e+08 1.587706616402e+04 9.370954460455e+16 1.731882362119e-06
2.749118731522e-05 3.678806491991e+08 1.582188159035e+04 9.209227552051e+16 1.748882803222e-06
2.768329359173e-05 3.640579928771e+08 1.576688882554e+04 9.050291782495e+16 1.766049314193e-06
2.787674229195e-05 3.602750579733e+08 1.571208720292e+04 8.894098981301e+16 1.783383508215e-06
2.807154279662e-05 3.565314317401e+08 1.565747605813e+04 8.740601809329e+16 1.800887014037e-06
2.826770455205e-05 3.528267057187e+08 1.560305472911e+04 8.589753744434e+16 1.818561476126e-06
2.846523707055e-05 3.491604756947e+08 1.554882255612e+04 8.441509067368e+16 1.836408554816e-06
2.866414993091e-05 3.455323416537e+08 1.549477888169e+04 8.295822847924e+16 1.854429926461e-06
2.886445277886e-05 3.419419077381e+08 1.544092305066e+04 8.152650931314e+16 1.872627283587e-06
2.906615532751e-05 3.383887822037e+08 1.538725441013e+04 8.011949924794e+16 1.891002335048e-06
2.926926735786e-05 3.348725773767e+08 1.533377230947e+04 7.873677184505e+16 1.909556806182e-06
2.947379871927e-05 3.313929096119e+08 1.528047610033e+04 7.737790802553e+16 1.928292438967e-06
2.967975932991e-05 3.279493992505e+08 1.522736513658e+04 7.604249594304e+16 1.947210992185e-06
2.988715917726e-05 3.245416705786e+08 1.517443877437e+04 7.473013085907e+16 1.966314241575e-06
3.009600831859e-05 3.211693517865e+08 1.512169637206e+04 7.344041502022e+16 1.985603980005e-06
3.030631688147e-05 3.178320749282e+08 1.506913729027e+04 7.217295753765e+16 2.005082017627e-06
3.051809506420e-05 3.145294758807e+08 1.501676089181e+04 7.092737426865e+16 2.024750182048e-06
3.073135313639e-05 3.112611943047e+08 1.496456654174e+04 6.970328770018e+16 2.044610318494e-06
3.094610143938e-05 3.080268736054e+08 1.491255360728e+04 6.850032683445e+16 2.064664289980e-06
3.116235038680e-05 3.048261608933e+08 1.486072145790e+04 6.731812707649e+16 2.084913977479e-06
3.138011046502e-05 3.016587069457e+08 1.480906946522e+04 6.615633012367e+16 2.105361280098e-06
3.159939223371e-05 2.985241661688e+08 1.475759700308e+04 6.501458385704e+16 2.126008115242e-06
3.182020632633e-05 2.954221965599e+08 1.470630344746e+04 6.389254223467e+16 2.146856418800e-06
3.204256345064e-05 2.923524596700e+08 1.465518817655e+04 6.278986518676e+16 2.167908145313e-06
3.226647438922e-05 2.893146205670e+08 1.460425057066e+04 6.170621851254e+16 2.189165268159e-06
3.249195000000e-05 2.863083477990e+08 1.455349001228e+04 6.064127377900e+16 2.210629779727e-06
3.271900121680e-05 2.833333133584e+08 1.450290588604e+04 5.959470822138e+16 2.232303691603e-06
3.294763904982e-05 2.803891926458e+08 1.445249757870e+04 5.856620464527e+16 2.254189034752e-06
3.317787458622e-05 2.774756644349e+08 1.440226447917e+04 5.755545133054e+16 2.276287859703e-06
3.340971899062e-05 2.745924108371e+08 1.435220597847e+04 5.656214193686e+16 2.298602236737e-06
3.364318350566e-05 2.717391172671e+08 1.430232146974e+04 5.558597541079e+16 2.321134256073e-06
3.387827945256e-05 2.689154724085e+08 1.425261034823e+04 5.462665589462e+16 2.343886028064e-06
3.411501823163e-05 2.661211681797e+08 1.420307201129e+04 5.368389263665e+16 2.366859683381e-06
3.435341132286e-05 2.633558997005e+08 1.415370585837e+04 5.275739990307e+16 2.390057373216e-06
3.459347028645e-05 2.606193652587e+08 1.410451129099e+04 5.184689689137e+16 2.413481269471e-06
3.483520676339e-05 2.579112662772e+08 1.405548771278e+04 5.095210764526e+16 2.437133564960e-06
3.507863247600e-05 2.552313072813e+08 1.400663452943e+04 5.007276097097e+16 2.461016473606e-06
3.532375922854e-05 2.525791958670e+08 1.395795114867e+04 4.920859035511e+16 2.485132230647e-06
3.557059890775e-05 2.499546426682e+08 1.390943698033e+04 4.835933388388e+16 2.509483092832e-06
3.581916348341e-05 2.473573613259e+08 1.386109143626e+04 4.752473416368e+16 2.534071338634e-06
3.606946500897e-05 2.447870684566e+08 1.381291393037e+04 4.670453824309e+16 2.558899268453e-06
3.632151562211e-05 2.422434836216e+08 1.376490387861e+04 4.589849753624e+16 2.583969204825e-06
3.657532754530e-05 2.397263292959e+08 1.371706069895e+04 4.510636774743e+16 2.609283492636e-06
3.683091308646e-05 2.372353308388e+08 1.366938381139e+04 4.432790879712e+16 2.634844499334e-06
3.708828463947e-05 2.347702164628e+08 1.362187263793e+04 4.356288474913e+16 2.660654615144e-06
3.734745468486e-05 2.323307172052e+08 1.357452660260e+04 4.281106373918e+16 2.686716253285e-06
3.760843579035e-05 2.299165668975e+08 1.352734513143e+04 4.207221790457e+16 2.713031850190e-06
3.787124061148e-05 2.275275021374e+08 1.348032765243e+04 4.134612331514e+16 2.739603865728e-06
3.813588189224e-05 2.251632622595e+08 1.343347359560e+04 4.063255990541e+16 2.766434783426e-06
3.840237246567e-05 2.228235893070e+08 1.338678239294e+04 3.993131140785e+16 2.793527110696e-06
3.867072525448e-05 2.205082280035e+08 1.334025347841e+04 3.924216528737e+16 2.820883379061e-06
3.894095327168e-05 2.182169257251e+08 1.329388628793e+04 3.856491267690e+16 2.848506144389e-06
3.921306962122e-05 2.159494324733e+08 1.324768025941e+04 3.789934831403e+16 2.876397987119e-06
3.948708749863e-05 2.137055008468e+08 1.320163483267e+04 3.724527047890e+16 2.904561512500e-06
3.976302019163e-05 2.114848860157e+08 1.315574944951e+04 3.660248093297e+16 2.932999350827e-06
4.004088108080e-05 2.092873456935e+08 1.311002355367e+04 3.597078485898e+16 2.961714157677e-06
4.032068364023e-05 2.071126401118e+08 1.306445659080e+04 3.534999080190e+16 2.990708614153e-06
4.060244143817e-05 2.049605319935e+08 1.301904800850e+04 3.473991061090e+16 3.019985427126e-06
4.088616813766e-05 2.028307865269e+08 1.297379725629e+04 3.414035938233e+16 3.049547329480e-06
4.117187749723e-05 2.007231713404e+08 1.292870378557e+04 3.355115540366e+16 3.079397080361e-06
4.145958337156e-05 1.986374564770e+08 1.288376704969e+04 3.297212009845e+16 3.109537465425e-06
4.174929971215e-05 1.965734143692e+08 1.283898650388e+04 3.240307797215e+16 3.139971297094e-06
4.204104056796e-05 1.945308198141e+08 1.279436160525e+04 3.184385655902e+16 3.170701414809e-06
4.233482008616e-05 1.925094499489e+08 1.274989181283e+04 3.129428636974e+16 3.201730685287e-06
4.263065251276e-05 1.905090842266e+08 1.270557658751e+04 3.075420084014e+16 3.233062002781e-06
4.292855219332e-05 1.885295043919e+08 1.266141539205e+04 3.022343628064e+16 3.264698289343e-06
4.322853357366e-05 1.865704944576e+08 1.261740769108e+04 2.970183182671e+16 3.296642495088e-06
4.353061120052e-05 1.846318406805e+08 1.257355295110e+04 2.918922939006e+16 3.328897598462e-06
4.383479972232e-05 1.827133315386e+08 1.252985064045e+04 2.868547361073e+16 3.361466606508e-06
4.414111388983e-05 1.808147577079e+08 1.248630022935e+04 2.819041181005e+16 3.394352555146e-06
4.444956855690e-05 1.789359120393e+08 1.244290118981e+04 2.770389394432e+16 3.427558509440e-06
4.476017868115e-05 1.770765895365e+08 1.239965299571e+04 2.722577255933e+16 3.461087563878e-06
4.507295932478e-05 1.752365873330e+08 1.235655512277e+04 2.675590274573e+16 3.494942842655e-06
4.538792565519e-05 1.734157046706e+08 1.231360704849e+04 2.629414209502e+16 3.529127499951e-06
4.570509294579e-05 1.716137428768e+08 1.227080825222e+04 2.584035065648e+16 3.563644720219e-06
4.602447657672e-05 1.698305053440e+08 1.222815821511e+04 2.539439089468e+16 3.598497718474e-06
4.634609203560e-05 1.680657975073e+08 1.218565642011e+04 2.495612764785e+16 3.633689740579e-06
4.666995491827e-05 1.663194268234e+08 1.214330235198e+04 2.452542808686e+16 3.669224063544e-06
4.699608092954e-05 1.645912027500e+08 1.210109549725e+04 2.410216167503e+16 3.705103995819e-06
4.732448588399e-05 1.628809367246e+08 1.205903534425e+04 2.368620012851e+16 3.741332877593e-06
4.765518570670e-05 1.611884421441e+08 1.201712138308e+04 2.327741737741e+16 3.777914081098e-06
4.798819643401e-05 1.595135343444e+08 1.197535310563e+04 2.287568952761e+16 3.814851010912e-06
4.832353421436e-05 1.578560305802e+08 1.193373000552e+04 2.248089482321e+16 3.852147104264e-06
4.866121530901e-05 1.562157500053e+08 1.189225157818e+04 2.209291360960e+16 3.889805831351e-06
4.900125609286e-05 1.545925136524e+08 1.185091732074e+04 2.171162829722e+16 3.927830695644e-06
4.934367305522e-05 1.529861444141e+08 1.180972673212e+04 2.133692332591e+16 3.966225234209e-06
4.968848280067e-05 1.513964670232e+08 1.176867931296e+04 2.096868512990e+16 4.004993018026e-06
5.003570204976e-05 1.498233080338e+08 1.172777456565e+04 2.060680210336e+16 4.044137652308e-06
5.038534763994e-05 1.482664958022e+08 1.168701199429e+04 2.025116456661e+16 4.083662776829e-06
5.073743652627e-05 1.467258604684e+08 1.164639110473e+04 1.990166473285e+16 4.123572066252e-06
5.109198578233e-05 1.452012339373e+08 1.160591140450e+04 1.955819667551e+16 4.163869230460e-06
5.144901260099e-05 1.436924498604e+08 1.156557240289e+04 1.922065629614e+16 4.204558014889e-06
5.180853429525e-05 1.421993436180e+08 1.152537361085e+04 1.888894129285e+16 4.245642200870e-06
5.217056829913e-05 1.407217523008e+08 1.148531454105e+04 1.856295112933e+16 4.287125605965e-06
5.253513216843e-05 1.392595146923e+08 1.144539470786e+04 1.824258700434e+16 4.329012084313e-06
5.290224358167e-05 1.378124712513e+08 1.140561362734e+04 1.792775182180e+16 4.371305526978e-06
5.327192034089e-05 1.363804640943e+08 1.136597081721e+04 1.761835016135e+16 4.414009862298e-06
5.364418037251e-05 1.349633369784e+08 1.132646579688e+04 1.731428824942e+16 4.457129056240e-06
5.401904172825e-05 1.335609352843e+08 1.128709808744e+04 1.701547393083e+16 4.500667112757e-06
5.439652258596e-05 1.321731059992e+08 1.124786721163e+04 1.672181664083e+16 4.544628074148e-06
5.477664125051e-05 1.307996977006e+08 1.120877269385e+04 1.643322737768e+16 4.589016021421e-06
5.515941615469e-05 1.294405605390e+08 1.116981406016e+04 1.614961867568e+16 4.633835074664e-06
5.554486586010e-05 1.280955462224e+08 1.113099083826e+04 1.587090457860e+16 4.679089393410e-06
5.593300905804e-05 1.267645079994e+08 1.109230255750e+04 1.559700061373e+16 4.724783177015e-06
5.632386457043e-05 1.254473006436e+08 1.105374874886e+04 1.532782376616e+16 4.770920665036e-06
5.671745135071e-05 1.241437804378e+08 1.101532894495e+04 1.506329245374e+16 4.817506137611e-06
5.711378848476e-05 1.228538051580e+08 1.097704268002e+04 1.480332650225e+16 4.864543915843e-06
5.751289519184e-05 1.215772340581e+08 1.093888948990e+04 1.454784712116e+16 4.912038362189e-06
5.791479082553e-05 1.203139278545e+08 1.090086891208e+04 1.429677687974e+16 4.959993880854e-06
5.831949487460e-05 1.190637487110e+08 1.086298048562e+04 1.405003968358e+16 5.008414918185e-06
5.872702696407e-05 1.178265602235e+08 1.082522375121e+04 1.380756075154e+16 5.057305963070e-06
5.913740685604e-05 1.166022274055e+08 1.078759825113e+04 1.356926659308e+16 5.106671547341e-06
5.955065445075e-05 1.153906166729e+08 1.075010352922e+04 1.333508498597e+16 5.156516246184e-06
5.996678978747e-05 1.141915958299e+08 1.071273913096e+04 1.310494495444e+16 5.206844678546e-06
6.038583304553e-05 1.130050340541e+08 1.067550460336e+04 1.287877674764e+16 5.257661507552e-06
6.080780454525e-05 1.118308018828e+08 1.063839949504e+04 1.265651181848e+16 5.308971440922e-06
6.123272474895e-05 1.106687711984e+08 1.060142335617e+04 1.243808280291e+16 5.360779231395e-06
6.166061426196e-05 1.095188152145e+08 1.056457573848e+04 1.222342349947e+16 5.413089677153e-06
6.209149383356e-05 1.083808084623e+08 1.052785619527e+04 1.201246884921e+16 5.465907622256e-06
6.252538435806e-05 1.072546267765e+08 1.049126428139e+04 1.180515491600e+16 5.519237957070e-06
6.296230687577e-05 1.061401472824e+08 1.045479955324e+04 1.160141886714e+16 5.573085618712e-06
6.340228257401e-05 1.050372483818e+08 1.041846156875e+04 1.140119895433e+16 5.627455591485e-06
6.384533278818e-05 1.039458097401e+08 1.038224988740e+04 1.120443449494e+16 5.682352907334e-06
6.429147900274e-05 1.028657122732e+08 1.034616407020e+04 1.101106585360e+16 5.737782646289e-06
6.474074285232e-05 1.017968381342e+08 1.031020367966e+04 1.082103442418e+16 5.793749936923e-06
6.519314612269e-05 1.007390707009e+08 1.027436827986e+04 1.063428261198e+16 5.850259956814e-06
6.564871075190e-05 9.969229456307e+07 1.023865743635e+04 1.045075381628e+16 5.907317933004e-06
6.610745883127e-05 9.865639550943e+07 1.020307071620e+04 1.027039241322e+16 5.964929142468e-06
6.656941260649e-05 9.763126051565e+07 1.016760768801e+04 1.009314373890e+16 6.023098912592e-06
6.703459447873e-05 9.661677773179e+07 1.013226792185e+04 9.918954072820e+15 6.081832621640e-06
6.750302700568e-05 9.561283647016e+07 1.009705098930e+04 9.747770621628e+15 6.141135699243e-06
6.797473290265e-05 9.461932719324e+07 1.006195646343e+04 9.579541503085e+15 6.201013626884e-06
6.844973504370e-05 9.363614150171e+07 1.002698391877e+04 9.414215730358e+15 6.261471938384e-06
6.892805646273e-05 9.266317212263e+07 9.992132931367e+03 9.251743196561e+15 6.322516220400e-06
6.940972035460e-05 9.170031289775e+07 9.957403078713e+03 9.092074659572e+15 6.384152112923e-06
6.989475007624e-05 9.074745877192e+07 9.922793939779e+03 8.935161727105e+15 6.446385309787e-06
7.038316914781e-05 8.980450578162e+07 9.888305094997e+03 8.780956842045e+15 6.509221559168e-06
7.087500125382e-05 8.887135104361e+07 9.853936126260e+03 8.629413268035e+15 6.572666664109e-06
7.137027024430e-05 8.794789274374e+07 9.819686616912e+03 8.480485075312e+15 6.636726483029e-06
7.186900013592e-05 8.703403012579e+07 9.785556151746e+03 8.334127126781e+15 6.701406930252e-06
7.237121511319e-05 8.612966348052e+07 9.751544316997e+03 8.190295064342e+15 6.766713976532e-06
7.287693952962e-05 8.523469413477e+07 9.717650700340e+03 8.048945295441e+15 6.832653649590e-06
7.338619790890e-05 8.434902444072e+07 9.683874890882e+03 7.910034979859e+15 6.899232034646e-06
7.389901494609e-05 8.347255776517e+07 9.650216479158e+03 7.773522016731e+15 6.966455274967e-06
7.441541550880e-05 8.260519847908e+07 9.616675057127e+03 7.639365031780e+15 7.034329572414e-06
7.493542463843e-05 8.174685194709e+07 9.583250218167e+03 7.507523364783e+15 7.102861187993e-06
7.545906755138e-05 8.089742451718e+07 9.549941557067e+03 7.377957057243e+15 7.172056442417e-06
7.598636964023e-05 8.005682351051e+07 9.516748670025e+03 7.250626840284e+15 7.241921716667e-06
7.651735647503e-05 7.922495721123e+07 9.483671154645e+03 7.125494122742e+15 7.312463452559e-06
7.705205380448e-05 7.840173485655e+07 9.450708609927e+03 7.002520979475e+15 7.383688153326e-06
7.759048755724e-05 7.758706662679e+07 9.417860636266e+03 6.881670139866e+15 7.455602384186e-06
7.813268384314e-05 7.678086363558e+07 9.385126835445e+03 6.762904976527e+15 7.528212772937e-06
7.867866895447e-05 7.598303792019e+07 9.352506810633e+03 6.646189494196e+15 7.601526010543e-06
7.922846936725e-05 7.519350243191e+07 9.320000166375e+03 6.531488318834e+15 7.675548851728e-06
7.978211174251e-05 7.441217102655e+07 9.287606508594e+03 6.418766686895e+15 7.750288115582e-06
8.033962292758e-05 7.363895845507e+07 9.255325444581e+03 6.307990434797e+15 7.825750686163e-06
8.090102995741e-05 7.287378035424e+07 9.223156582993e+03 6.199125988563e+15 7.901943513116e-06
8.146636005584e-05 7.211655323747e+07 9.191099533845e+03 6.092140353649e+15 7.978873612283e-06
8.203564063699e-05 7.136719448565e+07 9.159153908509e+03 5.987001104941e+15 8.056548066334e-06
8.260889930652e-05 7.062562233821e+07 9.127319319710e+03 5.883676376929e+15 8.134974025395e-06
8.318616386299e-05 6.989175588415e+07 9.095595381514e+03 5.782134854049e+15 8.214158707682e-06
8.376746229924e-05 6.916551505319e+07 9.063981709334e+03 5.682345761192e+15 8.294109400145e-06
8.435282280371e-05 6.844682060711e+07 9.032477919915e+03 5.584278854374e+15 8.374833459113e-06
8.494227376180e-05 6.773559413103e+07 9.001083631337e+03 5.487904411576e+15 8.456338310950e-06
8.553584375729e-05 6.703175802490e+07 8.969798463007e+03 5.393193223729e+15 8.538631452716e-06
8.613356157370e-05 6.633523549499e+07 8.938622035654e+03 5.300116585865e+15 8.621720452828e-06
8.673545619567e-05 6.564595054558e+07 8.907553971325e+03 5.208646288416e+15 8.705612951736e-06
8.734155681040e-05 6.496382797059e+07 8.876593893384e+03 5.118754608663e+15 8.790316662601e-06
8.795189280903e-05 6.428879334543e+07 8.845741426499e+03 5.030414302337e+15 8.875839371978e-06
8.856649378810e-05 6.362077301884e+07 8.814996196646e+03 4.943598595359e+15 8.962188940509e-06
8.918538955096e-05 6.295969410491e+07 8.784357831101e+03 4.858281175727e+15 9.049373303617e-06
8.980861010922e-05 6.230548447507e+07 8.753825958433e+03 4.774436185538e+15 9.137400472216e-06
9.043618568422e-05 6.165807275022e+07 8.723400208506e+03 4.692038213157e+15 9.226278533415e-06
9.106814670847e-05 6.101738829302e+07 8.693080212467e+03 4.611062285509e+15 9.316015651237e-06
9.170452382716e-05 6.038336120007e+07 8.662865602745e+03 4.531483860513e+15 9.406620067346e-06
9.234534789961e-05 5.975592229438e+07 8.632756013051e+03 4.453278819644e+15 9.498100101772e-06
9.299065000078e-05 5.913500311776e+07 8.602751078363e+03 4.376423460623e+15 9.590464153654e-06
9.364046142279e-05 5.852053592338e+07 8.572850434933e+03 4.300894490233e+15 9.683720701978e-06
9.429481367642e-05 5.791245366838e+07 8.543053720274e+03 4.226669017257e+15 9.777878306332e-06
9.495373849265e-05 5.731069000653e+07 8.513360573161e+03 4.153724545546e+15 9.872945607664e-06
9.561726782420e-05 5.671517928103e+07 8.483770633622e+03 4.082038967194e+15 9.968931329045e-06
9.628543384705e-05 5.612585651729e+07 8.454283542939e+03 4.011590555842e+15 1.006584427644e-05
9.695826896205e-05 5.554265741592e+07 8.424898943640e+03 3.942357960091e+15 1.016369333949e-05
9.763580579645e-05 5.496551834562e+07 8.395616479494e+03 3.874320197033e+15 1.026248749230e-05
9.831807720549e-05 5.439437633632e+07 8.366435795510e+03 3.807456645889e+15 1.036223579423e-05
9.900511627401e-05 5.382916907228e+07 8.337356537930e+03 3.741747041759e+15 1.046294739069e-05
9.969695631806e-05 5.326983488525e+07 8.308378354226e+03 3.677171469485e+15 1.056463151396e-05
1.003936308865e-04 5.271631274781e+07 8.279500893095e+03 3.613710357608e+15 1.066729748399e-05
1.010951737625e-04 5.216854226667e+07 8.250723804455e+03 3.551344472441e+15 1.077095470926e-05
1.018016189656e-04 5.162646367610e+07 8.222046739441e+03 3.490054912238e+15 1.087561268756e-05
1.025130007527e-04 5.109001783139e+07 8.193469350402e+03 3.429823101467e+15 1.098128100686e-05
1.032293536203e-04 5.055914620239e+07 8.164991290891e+03 3.370630785178e+15 1.108796934616e-05
1.039507123061e-04 5.003379086717e+07 8.136612215671e+03 3.312460023469e+15 1.119568747632e-05
1.046771117901e-04 4.951389450566e+07 8.108331780701e+03 3.255293186053e+15 1.130444526096e-05
1.054085872972e-04 4.899940039340e+07 8.080149643137e+03 3.199112946912e+15 1.141425265728e-05
1.061451742982e-04 4.849025239535e+07 8.052065461326e+03 3.143902279046e+15 1.152511971698e-05
1.068869085118e-04 4.798639495980e+07 8.024078894804e+03 3.089644449312e+15 1.163705658715e-05
1.076338259063e-04 4.748777311226e+07 7.996189604289e+03 3.036323013353e+15 1.175007351112e-05
1.083859627015e-04 4.699433244948e+07 7.968397251679e+03 2.983921810616e+15 1.186418082939e-05
1.091433553699e-04 4.650601913353e+07 7.940701500047e+03 2.932424959449e+15 1.197938898058e-05
1.099060406394e-04 4.602277988591e+07 7.913102013637e+03 2.881816852294e+15 1.209570850227e-05
1.106740554942e-04 4.554456198174e+07 7.885598457860e+03 2.832082150951e+15 1.221315003198e-05
1.114474371770e-04 4.507131324400e+07 7.858190499290e+03 2.783205781933e+15 1.233172430812e-05
1.122262231907e-04 4.460298203785e+07 7.830877805660e+03 2.735172931896e+15 1.245144217088e-05
1.130104513005e-04 4.413951726500e+07 7.803660045859e+03 2.687969043148e+15 1.257231456325e-05
1.138001595353e-04 4.368086835810e+07 7.776536889924e+03 2.641579809240e+15 1.269435253192e-05
1.145953861897e-04 4.322698527528e+07 7.749508009041e+03 2.595991170628e+15 1.281756722829e-05
1.153961698261e-04 4.277781849464e+07 7.722573075539e+03 2.551189310412e+15 1.294196990946e-05
1.162025492762e-04 4.233331900886e+07 7.695731762886e+03 2.507160650149e+15 1.306757193919e-05
1.170145636430e-04 4.189343831986e+07 7.668983745684e+03 2.463891845737e+15 1.319438478891e-05
1.178322523031e-04 4.145812843353e+07 7.642328699666e+03 2.421369783370e+15 1.332242003874e-05
1.186556549078e-04 4.102734185444e+07 7.615766301692e+03 2.379581575566e+15 1.345168937848e-05
1.194848113859e-04 4.060103158071e+07 7.589296229748e+03 2.338514557257e+15 1.358220460867e-05
1.203197619448e-04 4.017915109883e+07 7.562918162935e+03 2.298156281954e+15 1.371397764162e-05
1.211605470733e-04 3.976165437865e+07 7.536631781471e+03 2.258494517975e+15 1.384702050243e-05
1.220072075427e-04 3.934849586830e+07 7.510436766688e+03 2.219517244734e+15 1.398134533007e-05
1.228597844096e-04 3.893963048924e+07 7.484332801022e+03 2.181212649100e+15 1.411696437845e-05
1.237183190173e-04 3.853501363136e+07 7.458319568015e+03 2.143569121820e+15 1.425389001748e-05
1.245828529980e-04 3.813460114809e+07 7.432396752307e+03 2.106575253994e+15 1.439213473414e-05
1.254534282748e-04 3.773834935158e+07 7.406564039637e+03 2.070219833621e+15 1.453171113363e-05
1.263300870638e-04 3.734621500794e+07 7.380821116834e+03 2.034491842201e+15 1.467263194041e-05
1.272128718762e-04 3.695815533256e+07 7.355167671816e+03 1.999380451394e+15 1.481490999937e-05
1.281018255202e-04 3.657412798537e+07 7.329603393586e+03 1.964875019741e+15 1.495855827691e-05
1.289969911030e-04 3.619409106627e+07 7.304127972228e+03 1.930965089435e+15 1.510358986212e-05
1.298984120332e-04 3.581800311055e+07 7.278741098904e+03 1.897640383151e+15 1.525001796790e-05
1.308061320227e-04 3.544582308436e+07 7.253442465847e+03 1.864890800938e+15 1.539785593211e-05
1.317201950888e-04 3.507751038023e+07 7.228231766363e+03 1.832706417150e+15 1.554711721875e-05
1.326406455564e-04 3.471302481266e+07 7.203108694821e+03 1.801077477441e+15 1.569781541916e-05
1.335675280602e-04 3.435232661371e+07 7.178072946655e+03 1.769994395811e+15 1.584996425318e-05
1.345008875468e-04 3.399537642866e+07 7.153124218355e+03 1.739447751694e+15 1.600357757034e-05
1.354407692768e-04 3.364213531174e+07 7.128262207469e+03 1.709428287112e+15 1.615866935112e-05
1.363872188272e-04 3.329256472187e+07 7.103486612592e+03 1.679926903860e+15 1.631525370811e-05
1.373402820934e-04 3.294662651844e+07 7.078797133372e+03 1.650934660755e+15 1.647334488731e-05
1.383000052914e-04 3.260428295718e+07 7.054193470496e+03 1.622442770922e+15 1.663295726932e-05
1.392664349604e-04 3.226549668601e+07 7.029675325694e+03 1.594442599136e+15 1.679410537062e-05
1.402396179647e-04 3.193023074098e+07 7.005242401733e+03 1.566925659197e+15 1.695680384486e-05
1.412196014961e-04 3.159844854222e+07 6.980894402411e+03 1.539883611365e+15 1.712106748408e-05
1.422064330761e-04 3.127011389000e+07 6.956631032558e+03 1.513308259829e+15 1.728691122007e-05
1.432001605583e-04 3.094519096071e+07 6.932451998029e+03 1.487191550225e+15 1.745435012562e-05
1.442008321308e-04 3.062364430299e+07 6.908357005701e+03 1.461525567193e+15 1.762339941587e-05
1.452084963183e-04 3.030543883388e+07 6.884345763470e+03 1.436302531978e+15 1.779407444962e-05
1.462232019848e-04 2.999053983494e+07 6.860417980247e+03 1.411514800074e+15 1.796639073069e-05
1.472449983354e-04 2.967891294850e+07 6.836573365956e+03 1.387154858906e+15 1.814036390922e-05
1.482739349194e-04 2.937052417393e+07 6.812811631527e+03 1.363215325554e+15 1.831600978311e-05
1.493100616321e-04 2.906533986385e+07 6.789132488898e+03 1.339688944513e+15 1.849334429934e-05
1.503534287175e-04 2.876332672056e+07 6.765535651006e+03 1.316568585497e+15 1.867238355537e-05
1.514040867710e-04 2.846445179234e+07 6.742020831785e+03 1.293847241277e+15 1.885314380057e-05
1.524620867411e-04 2.816868246986e+07 6.718587746167e+03 1.271518025556e+15 1.903564143760e-05
1.535274799327e-04 2.787598648265e+07 6.695236110070e+03 1.249574170882e+15 1.921989302387e-05
1.546003180089e-04 2.758633189557e+07 6.671965640402e+03 1.228009026601e+15 1.940591527294e-05
1.556806529940e-04 2.729968710531e+07 6.648776055057e+03 1.206816056834e+15 1.959372505601e-05
1.567685372760e-04 2.701602083695e+07 6.625667072905e+03 1.185988838504e+15 1.978333940339e-05
1.578640236085e-04 2.673530214055e+07 6.602638413796e+03 1.165521059381e+15 1.997477550596e-05
1.589671651143e-04 2.645750038778e+07 6.579689798555e+03 1.145406516178e+15 2.016805071666e-05
1.600780152871e-04 2.618258526858e+07 6.556820948973e+03 1.125639112662e+15 2.036318255203e-05
1.611966279943e-04 2.591052678780e+07 6.534031587813e+03 1.106212857814e+15 2.056018869371e-05
1.623230574801e-04 2.564129526203e+07 6.511321438798e+03 1.087121864008e+15 2.075908698997e-05
1.634573583674e-04 2.537486131626e+07 6.488690226613e+03 1.068360345230e+15 2.095989545729e-05
1.645995856609e-04 2.511119588073e+07 6.466137676900e+03 1.049922615319e+15 2.116263228188e-05
1.657497947499e-04 2.485027018775e+07 6.443663516253e+03 1.031803086252e+15 2.136731582131e-05
1.669080414104e-04 2.459205576855e+07 6.421267472218e+03 1.013996266443e+15 2.157396460605e-05
1.680743818085e-04 2.433652445019e+07 6.398949273288e+03 9.964967590829e+14 2.178259734114e-05
1.692488725024e-04 2.408364835246e+07 6.376708648898e+03 9.792992605010e+14 2.199323290775e-05
1.704315704458e-04 2.383339988487e+07 6.354545329426e+03 9.623985585597e+14 2.220589036485e-05
1.716225329904e-04 2.358575174362e+07 6.332459046185e+03 9.457895310739e+14 2.242058895087e-05
1.728218178885e-04 2.334067690863e+07 6.310449531423e+03 9.294671442587e+14 2.263734808535e-05
1.740294832961e-04 2.309814864057e+07 6.288516518318e+03 9.134264512035e+14 2.285618737062e-05
1.752455877755e-04 2.285814047797e+07 6.266659740977e+03 8.976625903732e+14 2.307712659352e-05
1.764701902984e-04 2.262062623434e+07 6.244878934428e+03 8.821707841343e+14 2.330018572708e-05
1.777033502483e-04 2.238557999527e+07 6.223173834624e+03 8.669463373072e+14 2.352538493229e-05
1.789451274240e-04 2.215297611564e+07 6.201544178433e+03 8.519846357431e+14 2.375274455982e-05
1.801955820419e-04 2.192278921680e+07 6.179989703638e+03 8.372811449254e+14 2.398228515178e-05
1.814547747393e-04 2.169499418383e+07 6.158510148934e+03 8.228314085956e+14 2.421402744350e-05
1.827227665772e-04 2.146956616276e+07 6.137105253925e+03 8.086310474024e+14 2.444799236533e-05
1.839996190434e-04 2.124648055789e+07 6.115774759118e+03 7.946757575750e+14 2.468420104445e-05
1.852853940551e-04 2.102571302910e+07 6.094518405923e+03 7.809613096178e+14 2.492267480668e-05
1.865801539626e-04 2.080723948917e+07 6.073335936651e+03 7.674835470295e+14 2.516343517835e-05
1.878839615515e-04 2.059103610119e+07 6.052227094504e+03 7.542383850427e+14 2.540650388814e-05
1.891968800462e-04 2.037707927594e+07 6.031191623581e+03 7.412218093859e+14 2.565190286894e-05
1.905189731133e-04 2.016534566930e+07 6.010229268869e+03 7.284298750673e+14 2.589965425980e-05
1.918503048637e-04 1.995581217975e+07 5.989339776239e+03 7.158587051788e+14 2.614978040778e-05
1.931909398567e-04 1.974845594578e+07 5.968522892450e+03 7.035044897212e+14 2.640230386990e-05
1.945409431027e-04 1.954325434347e+07 5.947778365137e+03 6.913634844490e+14 2.665724741512e-05
1.959003800663e-04 1.934018498397e+07 5.927105942814e+03 6.794320097362e+14 2.691463402624e-05
1.972693166695e-04 1.913922571108e+07 5.906505374870e+03 6.677064494608e+14 2.717448690194e-05
1.986478192951e-04 1.894035459881e+07 5.885976411562e+03 6.561832499089e+14 2.743682945874e-05
2.000359547897e-04 1.874354994903e+07 5.865518804020e+03 6.448589186974e+14 2.770168533303e-05
2.014337904671e-04 1.854879028906e+07 5.845132304234e+03 6.337300237158e+14 2.796907838313e-05
2.028413941114e-04 1.835605436934e+07 5.824816665058e+03 6.227931920860e+14 2.823903269130e-05
2.042588339804e-04 1.816532116113e+07 5.804571640207e+03 6.120451091399e+14 2.851157256584e-05
2.056861788087e-04 1.797656985419e+07 5.784396984249e+03 6.014825174148e+14 2.878672254320e-05
2.071234978117e-04 1.778977985453e+07 5.764292452607e+03 5.911022156662e+14 2.906450739005e-05
2.085708606879e-04 1.760493078213e+07 5.744257801553e+03 5.809010578977e+14 2.934495210543e-05
2.100283376231e-04 1.742200246878e+07 5.724292788208e+03 5.708759524073e+14 2.962808192292e-05
2.114959992938e-04 1.724097495579e+07 5.704397170534e+03 5.610238608502e+14 2.991392231276e-05
2.129739168699e-04 1.706182849191e+07 5.684570707337e+03 5.513417973185e+14 3.020249898410e-05
2.144621620190e-04 1.688454353109e+07 5.664813158261e+03 5.418268274357e+14 3.049383788716e-05
2.159608069092e-04 1.670910073040e+07 5.645124283784e+03 5.324760674678e+14 3.078796521548e-05
2.174699242134e-04 1.653548094790e+07 5.625503845219e+03 5.232866834488e+14 3.108490740818e-05
2.189895871117e-04 1.636366524056e+07 5.605951604706e+03 5.142558903221e+14 3.138469115218e-05
2.205198692960e-04 1.619363486219e+07 5.586467325213e+03 5.053809510965e+14 3.168734338458e-05
2.220608449731e-04 1.602537126137e+07 5.567050770532e+03 4.966591760165e+14 3.199289129486e-05
2.236125888683e-04 1.585885607948e+07 5.547701705276e+03 4.880879217468e+14 3.230136232732e-05
2.251751762289e-04 1.569407114864e+07 5.528419894877e+03 4.796645905719e+14 3.261278418335e-05
2.267486828284e-04 1.553099848978e+07 5.509205105579e+03 4.713866296082e+14 3.292718482385e-05
2.283331849695e-04 1.536962031062e+07 5.490057104443e+03 4.632515300303e+14 3.324459247162e-05
2.299287594882e-04 1.520991900378e+07 5.470975659337e+03 4.552568263110e+14 3.356503561375e-05
2.315354837574e-04 1.505187714484e+07 5.451960538935e+03 4.474000954736e+14 3.388854300410e-05
2.331534356907e-04 1.489547749043e+07 5.433011512719e+03 4.396789563580e+14 3.421514366573e-05
2.347826937461e-04 1.474070297636e+07 5.414128350968e+03 4.320910688986e+14 3.454486689342e-05
2.364233369300e-04 1.458753671576e+07 5.395310824761e+03 4.246341334153e+14 3.487774225611e-05
2.380754448006e-04 1.443596199722e+07 5.376558705974e+03 4.173058899164e+14 3.521379959953e-05
2.397390974725e-04 1.428596228300e+07 5.357871767275e+03 4.101041174139e+14 3.555306904864e-05
2.414143756197e-04 1.413752120717e+07 5.339249782120e+03 4.030266332500e+14 3.589558101029e-05
2.431013604802e-04 1.399062257390e+07 5.320692524757e+03 3.960712924359e+14 3.624136617580e-05
2.448001338595e-04 1.384525035563e+07 5.302199770214e+03 3.892359870015e+14 3.659045552353e-05
2.465107781349e-04 1.370138869133e+07 5.283771294304e+03 3.825186453566e+14 3.694288032161e-05
2.482333762593e-04 1.355902188481e+07 5.265406873619e+03 3.759172316630e+14 3.729867213053e-05
2.499680117653e-04 1.341813440297e+07 5.247106285526e+03 3.694297452175e+14 3.765786280590e-05
2.517147687692e-04 1.327871087411e+07 5.228869308167e+03 3.630542198456e+14 3.802048450113e-05
2.534737319750e-04 1.314073608625e+07 5.210695720455e+03 3.567887233054e+14 3.838656967018e-05
2.552449866787e-04 1.300419498551e+07 5.192585302071e+03 3.506313567023e+14 3.875615107031e-05
2.570286187724e-04 1.286907267441e+07 5.174537833463e+03 3.445802539132e+14 3.912926176492e-05
2.588247147483e-04 1.273535441027e+07 5.156553095841e+03 3.386335810210e+14 3.950593512633e-05
2.606333617030e-04 1.260302560360e+07 5.138630871175e+03 3.327895357587e+14 3.988620483863e-05
2.624546473418e-04 1.247207181654e+07 5.120770942194e+03 3.270463469635e+14 4.027010490056e-05
2.642886599829e-04 1.234247876122e+07 5.102973092383e+03 3.214022740396e+14 4.065766962837e-05
2.661354885615e-04 1.221423229824e+07 5.085237105977e+03 3.158556064308e+14 4.104893365881e-05
2.679952226344e-04 1.208731843515e+07 5.067562767962e+03 3.104046631022e+14 4.144393195199e-05
2.698679523843e-04 1.196172332487e+07 5.049949864074e+03 3.050477920305e+14 4.184269979443e-05
2.717537686238e-04 1.183743326421e+07 5.032398180790e+03 2.997833697036e+14 4.224527280202e-05
2.736527628003e-04 1.171443469237e+07 5.014907505331e+03 2.946098006280e+14 4.265168692306e-05
2.755650270003e-04 1.159271418948e+07 4.997477625658e+03 2.895255168459e+14 4.306197844130e-05
2.774906539537e-04 1.147225847510e+07 4.980108330467e+03 2.845289774598e+14 4.347618397904e-05
2.794297370383e-04 1.135305440677e+07 4.962799409190e+03 2.796186681650e+14 4.389434050024e-05
2.813823702845e-04 1.123508897864e+07 4.945550651992e+03 2.747931007912e+14 4.431648531366e-05
2.833486483798e-04 1.111834931996e+07 4.928361849765e+03 2.700508128514e+14 4.474265607599e-05
2.853286666733e-04 1.100282269374e+07 4.911232794130e+03 2.653903670985e+14 4.517289079511e-05
2.873225211805e-04 1.088849649535e+07 4.894163277430e+03 2.608103510895e+14 4.560722783325e-05
2.893303085877e-04 1.077535825111e+07 4.877153092732e+03 2.563093767581e+14 4.604570591028e-05
2.913521262571e-04 1.066339561698e+07 4.860202033820e+03 2.518860799931e+14 4.648836410701e-05
2.933880722308e-04 1.055259637718e+07 4.843309895198e+03 2.475391202257e+14 4.693524186843e-05
2.954382452366e-04 1.044294844285e+07 4.826476472081e+03 2.432671800231e+14 4.738637900712e-05
2.975027446916e-04 1.033443985076e+07 4.809701560397e+03 2.390689646886e+14 4.784181570660e-05
2.995816707082e-04 1.022705876199e+07 4.792984956785e+03 2.349432018701e+14 4.830159252472e-05
3.016751240978e-04 1.012079346063e+07 4.776326458588e+03 2.308886411738e+14 4.876575039712e-05
3.037832063768e-04 1.001563235253e+07 4.759725863856e+03 2.269040537855e+14 4.923433064064e-05
3.059060197706e-04 9.911563963997e+06 4.743182971338e+03 2.229882320983e+14 4.970737495688e-05
3.080436672191e-04 9.808576940565e+06 4.726697580487e+03 2.191399893462e+14 5.018492543569e-05
3.101962523815e-04 9.706660045758e+06 4.710269491448e+03 2.153581592448e+14 5.066702455871e-05
3.123638796415e-04 9.605802159854e+06 4.693898505064e+03 2.116415956379e+14 5.115371520301e-05
3.145466541119e-04 9.505992278679e+06 4.677584422869e+03 2.079891721494e+14 5.164504064466e-05
3.167446816405e-04 9.407219512403e+06 4.661327047088e+03 2.043997818429e+14 5.214104456242e-05
3.189580688142e-04 9.309473084354e+06 4.645126180632e+03 2.008723368856e+14 5.264177104141e-05
3.211869229652e-04 9.212742329839e+06 4.628981627097e+03 1.974057682187e+14 5.314726457682e-05
3.234313521755e-04 9.117016694984e+06 4.612893190764e+03 1.939990252335e+14 5.365757007768e-05
3.256914652823e-04 9.022285735581e+06 4.596860676592e+03 1.906510754529e+14 5.417273287066e-05
3.279673718836e-04 8.928539115945e+06 4.580883890218e+03 1.873609042184e+14 5.469279870385e-05
3.302591823429e-04 8.835766607794e+06 4.564962637955e+03 1.841275143830e+14 5.521781375064e-05
3.325670077954e-04 8.743958089126e+06 4.549096726791e+03 1.809499260083e+14 5.574782461361e-05
3.348909601524e-04 8.653103543117e+06 4.533285964383e+03 1.778271760682e+14 5.628287832846e-05
3.372311521075e-04 8.563193057030e+06 4.517530159056e+03 1.747583181564e+14 5.682302236794e-05
3.395876971418e-04 8.474216821130e+06 4.501829119802e+03 1.717424222001e+14 5.736830464587e-05
3.419607095294e-04 8.386165127617e+06 4.486182656278e+03 1.687785741777e+14 5.791877352118e-05
3.443503043427e-04 8.299028369564e+06 4.470590578802e+03 1.658658758423e+14 5.847447780194e-05
3.467565974585e-04 8.212797039870e+06 4.455052698350e+03 1.630034444487e+14 5.903546674949e-05
3.491797055633e-04 8.127461730223e+06 4.439568826557e+03 1.601904124865e+14 5.960179008258e-05
3.516197461589e-04 8.043013130074e+06 4.424138775712e+03 1.574259274170e+14 6.017349798152e-05
3.540768375681e-04 7.959442025618e+06 4.408762358754e+03 1.547091514147e+14 6.075064109243e-05
3.565510989409e-04 7.876739298795e+06 4.393439389278e+03 1.520392611136e+14 6.133327053148e-05
3.590426502594e-04 7.794895926288e+06 4.378169681521e+03 1.494154473573e+14 6.192143788914e-05
3.615516123446e-04 7.713902978542e+06 4.362953050368e+03 1.468369149540e+14 6.251519523457e-05
3.640781068615e-04 7.633751618790e+06 4.347789311350e+03 1.443028824356e+14 6.311459511995e-05
3.666222563253e-04 7.554433102089e+06 4.332678280634e+03 1.418125818208e+14 6.371969058490e-05
3.691841841075e-04 7.475938774363e+06 4.317619775030e+03 1.393652583819e+14 6.433053516089e-05
3.717640144416e-04 7.398260071464e+06 4.302613611984e+03 1.369601704168e+14 6.494718287577e-05
3.743618724292e-04 7.321388518231e+06 4.287659609576e+03 1.345965890237e+14 6.556968825828e-05
3.769778840462e-04 7.245315727571e+06 4.272757586518e+03 1.322737978803e+14 6.619810634259e-05
3.796121761486e-04 7.170033399542e+06 4.257907362152e+03 1.299910930267e+14 6.683249267294e-05
3.822648764792e-04 7.095533320445e+06 4.243108756450e+03 1.277477826520e+14 6.747290330826e-05
3.849361136731e-04 7.021807361931e+06 4.228361590007e+03 1.255431868850e+14 6.811939482687e-05
3.876260172645e-04 6.948847480113e+06 4.213665684044e+03 1.233766375876e+14 6.877202433120e-05
3.903347176929e-04 6.876645714690e+06 4.199020860401e+03 1.212474781524e+14 6.943084945258e-05
3.930623463089e-04 6.805194188073e+06 4.184426941540e+03 1.191550633042e+14 7.009592835602e-05
3.958090353813e-04 6.734485104534e+06 4.169883750538e+03 1.170987589038e+14 7.076731974512e-05
3.985749181031e-04 6.664510749346e+06 4.155391111089e+03 1.150779417562e+14 7.144508286690e-05
4.013601285980e-04 6.595263487951e+06 4.140948847496e+03 1.130919994216e+14 7.212927751680e-05
4.041648019270e-04 6.526735765117e+06 4.126556784677e+03 1.111403300298e+14 7.281996404366e-05
4.069890740948e-04 6.458920104123e+06 4.112214748157e+03 1.092223420977e+14 7.351720335470e-05
4.098330820567e-04 6.391809105936e+06 4.097922564067e+03 1.073374543501e+14 7.422105692067e-05
4.126969637247e-04 6.325395448409e+06 4.083680059142e+03 1.054850955437e+14 7.493158678093e-05
4.155808579749e-04 6.259671885478e+06 4.069487060721e+03 1.036647042936e+14 7.564885554861e-05
4.184849046536e-04 6.194631246373e+06 4.055343396741e+03 1.018757289036e+14 7.637292641584e-05
4.214092445843e-04 6.130266434838e+06 4.041248895739e+03 1.001176271986e+14 7.710386315901e-05
4.243540195748e-04 6.066570428351e+06 4.027203386847e+03 9.838986636047e+13 7.784173014406e-05
4.273193724236e-04 6.003536277365e+06 4.013206699791e+03 9.669192276655e+13 7.858659233186e-05
4.303054469273e-04 5.941157104543e+06 3.999258664889e+03 9.502328183095e+13 7.933851528356e-05
4.333123878871e-04 5.879426104014e+06 3.985359113049e+03 9.338343784857e+13 8.009756516611e-05
4.363403411162e-04 5.818336540622e+06 3.971507875767e+03 9.177189384186e+13 8.086380875769e-05
4.393894534467e-04 5.757881749203e+06 3.957704785123e+03 9.018816141015e+13 8.163731345328e-05
4.424598727368e-04 5.698055133844e+06 3.943949673783e+03 8.863176058170e+13 8.241814727027e-05
4.455517478779e-04 5.638850167176e+06 3.930242374993e+03 8.710221966816e+13 8.320637885407e-05
4.486652288016e-04 5.580260389653e+06 3.916582722580e+03 8.559907512167e+13 8.400207748384e-05
4.518004664877e-04 5.522279408852e+06 3.902970550947e+03 8.412187139433e+13 8.480531307820e-05
4.549576129706e-04 5.464900898772e+06 3.889405695074e+03 8.267016080016e+13 8.561615620105e-05
4.581368213473e-04 5.408118599149e+06 3.875887990514e+03 8.124350337939e+13 8.643467806739e-05
4.613382457847e-04 5.351926314765e+06 3.862417273391e+03 7.984146676514e+13 8.726095054926e-05
4.645620415267e-04 5.296317914782e+06 3.848993380401e+03 7.846362605240e+13 8.809504618164e-05
4.678083649024e-04 5.241287332063e+06 3.835616148804e+03 7.710956366920e+13 8.893703816847e-05
4.710773733330e-04 5.186828562518e+06 3.822285416429e+03 7.577886925010e+13 8.978700038875e-05
4.743692253401e-04 5.132935664445e+06 3.809001021667e+03 7.447113951178e+13 9.064500740255e-05
4.776840805527e-04 5.079602757882e+06 3.795762803471e+03 7.318597813084e+13 9.151113445728e-05
4.810220997154e-04 5.026824023966e+06 3.782570601354e+03 7.192299562371e+13 9.238545749383e-05
4.843834446961e-04 4.974593704298e+06 3.769424255387e+03 7.068180922854e+13 9.326805315289e-05
4.877682784938e-04 4.922906100315e+06 3.756323606196e+03 6.946204278923e+13 9.415899878124e-05
4.911767652466e-04 4.871755572668e+06 3.743268494963e+03 6.826332664146e+13 9.505837243815e-05
4.946090702394e-04 4.821136540607e+06 3.730258763419e+03 6.708529750059e+13 9.596625290184e-05
4.980653599123e-04 4.771043481370e+06 3.717294253848e+03 6.592759835161e+13 9.688271967593e-05
5.015458018683e-04 4.721470929585e+06 3.704374809081e+03 6.478987834089e+13 9.780785299603e-05
5.050505648817e-04 4.672413476669e+06 3.691500272495e+03 6.367179266989e+13 9.874173383635e-05
5.085798189062e-04 4.623865770240e+06 3.678670488012e+03 6.257300249065e+13 9.968444391633e-05
5.121337350830e-04 4.575822513533e+06 3.665885300096e+03 6.149317480307e+13 1.006360657074e-04
5.157124857493e-04 4.528278464822e+06 3.653144553753e+03 6.043198235401e+13 1.015966824399e-04
5.193162444467e-04 4.481228436848e+06 3.640448094526e+03 5.938910353808e+13 1.025663781094e-04
5.229451859292e-04 4.434667296253e+06 3.627795768496e+03 5.836422230021e+13 1.035452374846e-04
5.265994861723e-04 4.388589963020e+06 3.615187422279e+03 5.735702803985e+13 1.045333461131e-04
5.302793223809e-04 4.342991409917e+06 3.602622903022e+03 5.636721551678e+13 1.055307903293e-04
5.339848729985e-04 4.297866661953e+06 3.590102058408e+03 5.539448475870e+13 1.065376572613e-04
5.377163177153e-04 4.253210795831e+06 3.577624736644e+03 5.443854097023e+13 1.075540348378e-04
5.414738374772e-04 4.209018939412e+06 3.565190786469e+03 5.349909444359e+13 1.085800117956e-04
5.452576144947e-04 4.165286271182e+06 3.552800057146e+03 5.257586047083e+13 1.096156776867e-04
5.490678322514e-04 4.122008019731e+06 3.540452398461e+03 5.166855925749e+13 1.106611228856e-04
5.529046755130e-04 4.079179463226e+06 3.528147660724e+03 5.077691583784e+13 1.117164385969e-04
5.567683303367e-04 4.036795928900e+06 3.515885694764e+03 4.990065999154e+13 1.127817168629e-04
5.606589840795e-04 3.994852792541e+06 3.503666351930e+03 4.903952616170e+13 1.138570505706e-04
5.645768254076e-04 3.953345477986e+06 3.491489484086e+03 4.819325337448e+13 1.149425334597e-04
5.685220443060e-04 3.912269456625e+06 3.479354943611e+03 4.736158515991e+13 1.160382601303e-04
5.724948320868e-04 3.871620246903e+06 3.467262583399e+03 4.654426947422e+13 1.171443260504e-04
5.764953813993e-04 3.831393413835e+06 3.455212256854e+03 4.574105862342e+13 1.182608275641e-04
5.805238862390e-04 3.791584568518e+06 3.443203817889e+03 4.495170918824e+13 1.193878618988e-04
5.845805419568e-04 3.752189367657e+06 3.431237120926e+03 4.417598195036e+13 1.205255271739e-04
5.886655452689e-04 3.713203513084e+06 3.419312020892e+03 4.341364181991e+13 1.216739224084e-04
5.927790942661e-04 3.674622751298e+06 3.407428373221e+03 4.266445776421e+13 1.228331475289e-04
5.969213884234e-04 3.636442872994e+06 3.395586033845e+03 4.192820273776e+13 1.240033033779e-04
6.010926286098e-04 3.598659712605e+06 3.383784859200e+03 4.120465361342e+13 1.251844917223e-04
6.052930170978e-04 3.561269147851e+06 3.372024706220e+03 4.049359111479e+13 1.263768152612e-04
6.095227575735e-04 3.524267099285e+06 3.360305432337e+03 3.979479974977e+13 1.275803776345e-04
6.137820551464e-04 3.487649529851e+06 3.348626895477e+03 3.910806774522e+13 1.287952834313e-04
6.180711163590e-04 3.451412444440e+06 3.336988954063e+03 3.843318698280e+13 1.300216381986e-04
6.223901491975e-04 3.415551889459e+06 3.325391467006e+03 3.776995293587e+13 1.312595484496e-04
6.267393631012e-04 3.380063952394e+06 3.313834293711e+03 3.711816460755e+13 1.325091216726e-04
6.311189689730e-04 3.344944761390e+06 3.302317294069e+03 3.647762446974e+13 1.337704663394e-04
6.355291791896e-04 3.310190484820e+06 3.290840328461e+03 3.584813840331e+13 1.350436919147e-04
6.399702076119e-04 3.275797330875e+06 3.279403257750e+03 3.522951563924e+13 1.363289088644e-04
6.444422695950e-04 3.241761547145e+06 3.268005943284e+03 3.462156870080e+13 1.376262286649e-04
6.489455819990e-04 3.208079420212e+06 3.256648246895e+03 3.402411334677e+13 1.389357638120e-04
6.534803631995e-04 3.174747275244e+06 3.245330030892e+03 3.343696851553e+13 1.402576278303e-04
6.580468330980e-04 3.141761475595e+06 3.234051158064e+03 3.285995627025e+13 1.415919352819e-04
6.626452131326e-04 3.109118422407e+06 3.222811491678e+03 3.229290174494e+13 1.429388017762e-04
6.672757262888e-04 3.076814554217e+06 3.211610895476e+03 3.173563309145e+13 1.442983439789e-04
6.719385971104e-04 3.044846346570e+06 3.200449233671e+03 3.118798142737e+13 1.456706796218e-04
6.766340517103e-04 3.013210311635e+06 3.189326370951e+03 3.064978078490e+13 1.470559275119e-04
6.813623177813e-04 2.981902997821e+06 3.178242172474e+03 3.012086806049e+13 1.484542075414e-04
6.861236246075e-04 2.950920989403e+06 3.167196503866e+03 2.960108296543e+13 1.498656406972e-04
6.909182030751e-04 2.920260906151e+06 3.156189231219e+03 2.909026797730e+13 1.512903490707e-04
6.957462856837e-04 2.889919402956e+06 3.145220221093e+03 2.858826829219e+13 1.527284558678e-04
7.006081065577e-04 2.859893169470e+06 3.134289340510e+03 2.809493177778e+13 1.541800854185e-04
7.055039014574e-04 2.830178929742e+06 3.123396456955e+03 2.761010892728e+13 1.556453631873e-04
7.104339077907e-04 2.800773441863e+06 3.112541438373e+03 2.713365281407e+13 1.571244157834e-04
7.153983646244e-04 2.771673497609e+06 3.101724153169e+03 2.666541904719e+13 1.586173709704e-04
7.203975126959e-04 2.742875922093e+06 3.090944470205e+03 2.620526572758e+13 1.601243576771e-04
7.254315944249e-04 2.714377573420e+06 3.080202258798e+03 2.575305340509e+13 1.616455060076e-04
7.305008539251e-04 2.686175342340e+06 3.069497388721e+03 2.530864503616e+13 1.631809472520e-04
7.356055370160e-04 2.658266151913e+06 3.058829730198e+03 2.487190594238e+13 1.647308138968e-04
7.407458912348e-04 2.630646957172e+06 3.048199153905e+03 2.444270376957e+13 1.662952396355e-04
7.459221658488e-04 2.603314744788e+06 3.037605530967e+03 2.402090844773e+13 1.678743593798e-04
7.511346118667e-04 2.576266532746e+06 3.027048732958e+03 2.360639215163e+13 1.694683092697e-04
7.563834820515e-04 2.549499370016e+06 3.016528631898e+03 2.319902926201e+13 1.710772266852e-04
7.616690309325e-04 2.523010336232e+06 3.006045100251e+03 2.279869632756e+13 1.727012502567e-04
7.669915148176e-04 2.496796541375e+06 2.995598010926e+03 2.240527202750e+13 1.743405198768e-04
7.723511918056e-04 2.470855125454e+06 2.985187237272e+03 2.201863713477e+13 1.759951767108e-04
7.777483217992e-04 2.445183258198e+06 2.974812653078e+03 2.163867447996e+13 1.776653632086e-04
7.831831665169e-04 2.419778138746e+06 2.964474132575e+03 2.126526891574e+13 1.793512231158e-04
7.886559895064e-04 2.394636995338e+06 2.954171550428e+03 2.089830728200e+13 1.810529014853e-04
7.941670561568e-04 2.369757085018e+06 2.943904781738e+03 2.053767837154e+13 1.827705446890e-04
7.997166337118e-04 2.345135693331e+06 2.933673702042e+03 2.018327289638e+13 1.845043004294e-04
8.053049912828e-04 2.320770134029e+06 2.923478187308e+03 1.983498345460e+13 1.862543177515e-04
8.109323998613e-04 2.296657748775e+06 2.913318113935e+03 1.949270449783e+13 1.880207470547e-04
8.165991323328e-04 2.272795906856e+06 2.903193358753e+03 1.915633229926e+13 1.898037401049e-04
8.223054634896e-04 2.249182004895e+06 2.893103799020e+03 1.882576492218e+13 1.916034500464e-04
8.280516700443e-04 2.225813466567e+06 2.883049312418e+03 1.850090218910e+13 1.934200314144e-04
8.338380306430e-04 2.202687742315e+06 2.873029777059e+03 1.818164565137e+13 1.952536401472e-04
8.396648258790e-04 2.179802309079e+06 2.863045071475e+03 1.786789855940e+13 1.971044335986e-04
8.455323383064e-04 2.157154670013e+06 2.853095074621e+03 1.755956583324e+13 1.989725705505e-04
8.514408524539e-04 2.134742354215e+06 2.843179665872e+03 1.725655403388e+13 2.008582112257e-04
8.573906548382e-04 2.112562916462e+06 2.833298725026e+03 1.695877133484e+13 2.027615173003e-04
8.633820339783e-04 2.090613936935e+06 2.823452132294e+03 1.666612749438e+13 2.046826519172e-04
8.694152804093e-04 2.068893020963e+06 2.813639768307e+03 1.637853382815e+13 2.066217796984e-04
8.754906866967e-04 2.047397798755e+06 2.803861514109e+03 1.609590318230e+13 2.085790667583e-04
8.816085474501e-04 2.026125925147e+06 2.794117251157e+03 1.581814990708e+13 2.105546807174e-04
8.877691593382e-04 2.005075079342e+06 2.784406861323e+03 1.554518983087e+13 2.125487907148e-04
8.939728211025e-04 1.984242964660e+06 2.774730226888e+03 1.527694023467e+13 2.145615674224e-04
9.002198335722e-04 1.963627308284e+06 2.765087230540e+03 1.501331982705e+13 2.165931830579e-04
9.065104996786e-04 1.943225861015e+06 2.755477755378e+03 1.475424871949e+13 2.186438113988e-04
9.128451244700e-04 1.923036397026e+06 2.745901684906e+03 1.449964840218e+13 2.207136277960e-04
9.192240151262e-04 1.903056713616e+06 2.736358903034e+03 1.424944172022e+13 2.228028091878e-04
9.256474809737e-04 1.883284630976e+06 2.726849294074e+03 1.400355285025e+13 2.249115341139e-04
9.321158335004e-04 1.863717991945e+06 2.717372742741e+03 1.376190727745e+13 2.270399827296e-04
9.386293863710e-04 1.844354661778e+06 2.707929134150e+03 1.352443177297e+13 2.291883368199e-04
9.451884554418e-04 1.825192527911e+06 2.698518353817e+03 1.329105437174e+13 2.313567798140e-04
9.517933587766e-04 1.806229499733e+06 2.689140287655e+03 1.306170435065e+13 2.335454967998e-04
9.584444166617e-04 1.787463508355e+06 2.679794821972e+03 1.283631220711e+13 2.357546745385e-04
9.651419516214e-04 1.768892506389e+06 2.670481843475e+03 1.261480963801e+13 2.379845014794e-04
9.718862884340e-04 1.750514467718e+06 2.661201239261e+03 1.239712951901e+13 2.402351677748e-04
9.786777541471e-04 1.732327387279e+06 2.651952896822e+03 1.218320588417e+13 2.425068652947e-04
9.855166780938e-04 1.714329280846e+06 2.642736704040e+03 1.197297390601e+13 2.447997876426e-04
9.924033919086e-04 1.696518184809e+06 2.633552549187e+03 1.176636987580e+13 2.471141301701e-04
9.993382295434e-04 1.678892155962e+06 2.624400320923e+03 1.156333118431e+13 2.494500899925e-04
1.006321527284e-03 1.661449271291e+06 2.615279908296e+03 1.136379630281e+13 2.518078660045e-04
1.013353623765e-03 1.644187627765e+06 2.606191200739e+03 1.116770476440e+13 2.541876588958e-04
1.020434859988e-03 1.627105342126e+06 2.597134088069e+03 1.097499714573e+13 2.565896711666e-04
1.027565579340e-03 1.610200550686e+06 2.588108460486e+03 1.078561504896e+13 2.590141071439e-04
1.034746127602e-03 1.593471409122e+06 2.579114208574e+03 1.059950108408e+13 2.614611729975e-04
1.041976852977e-03 1.576916092277e+06 2.570151223295e+03 1.041659885148e+13 2.639310767557e-04
1.049258106098e-03 1.560532793956e+06 2.561219395989e+03 1.023685292491e+13 2.664240283225e-04
1.056590240049e-03 1.544319726735e+06 2.552318618377e+03 1.006020883464e+13 2.689402394933e-04
1.063973610381e-03 1.528275121761e+06 2.543448782555e+03 9.886613050993e+12 2.714799239719e-04
1.071408575130e-03 1.512397228564e+06 2.534609780992e+03 9.716012968064e+12 2.740432973871e-04
1.078895494834e-03 1.496684314861e+06 2.525801506534e+03 9.548356887829e+12 2.766305773099e-04
1.086434732550e-03 1.481134666369e+06 2.517023852398e+03 9.383594004454e+12 2.792419832699e-04
1.094026653872e-03 1.465746586619e+06 2.508276712173e+03 9.221674388903e+12 2.818777367732e-04
1.101671626949e-03 1.450518396770e+06 2.499559979816e+03 9.062548973802e+12 2.845380613191e-04
1.109370022502e-03 1.435448435426e+06 2.490873549655e+03 8.906169538575e+12 2.872231824181e-04
1.117122213845e-03 1.420535058453e+06 2.482217316384e+03 8.752488694823e+12 2.899333276093e-04
1.124928576896e-03 1.405776638803e+06 2.473591175063e+03 8.601459871967e+12 2.926687264779e-04
1.132789490206e-03 1.391171566334e+06 2.464995021117e+03 8.453037303131e+12 2.954296106735e-04
1.140705334965e-03 1.376718247635e+06 2.456428750335e+03 8.307176011274e+12 2.982162139282e-04
1.148676495031e-03 1.362415105852e+06 2.447892258869e+03 8.163831795559e+12 3.010287720743e-04
1.156703356943e-03 1.348260580516e+06 2.439385443230e+03 8.022961217954e+12 3.038675230635e-04
1.164786309941e-03 1.334253127374e+06 2.430908200289e+03 7.884521590073e+12 3.067327069844e-04
1.172925745985e-03 1.320391218218e+06 2.422460427278e+03 7.748470960234e+12 3.096245660823e-04
1.181122059775e-03 1.306673340720e+06 2.414042021784e+03 7.614768100745e+12 3.125433447771e-04
1.189375648767e-03 1.293097998267e+06 2.405652881749e+03 7.483372495413e+12 3.154892896828e-04
1.197686913197e-03 1.279663709796e+06 2.397292905473e+03 7.354244327262e+12 3.184626496266e-04
1.206056256095e-03 1.266369009635e+06 2.388961991608e+03 7.227344466467e+12 3.214636756682e-04
1.214484083310e-03 1.253212447341e+06 2.380660039157e+03 7.102634458495e+12 3.244926211191e-04
1.222970803525e-03 1.240192587545e+06 2.372386947477e+03 6.980076512449e+12 3.275497415625e-04
1.231516828280e-03 1.227308009788e+06 2.364142616271e+03 6.859633489620e+12 3.306352948732e-04
1.240122571991e-03 1.214557308376e+06 2.355926945595e+03 6.741268892224e+12 3.337495412370e-04
1.248788451969e-03 1.201939092219e+06 2.347739835849e+03 6.624946852348e+12 3.368927431716e-04
1.257514888441e-03 1.189451984681e+06 2.339581187781e+03 6.510632121077e+12 3.400651655464e-04
1.266302304573e-03 1.177094623434e+06 2.331450902483e+03 6.398290057810e+12 3.432670756031e-04
1.275151126483e-03 1.164865660302e+06 2.323348881393e+03 6.287886619764e+12 3.464987429766e-04
1.284061783273e-03 1.152763761121e+06 2.315275026288e+03 6.179388351653e+12 3.497604397153e-04
1.293034707038e-03 1.140787605587e+06 2.307229239290e+03 6.072762375556e+12 3.530524403028e-04
1.302070332896e-03 1.128935887120e+06 2.299211422860e+03 5.967976380945e+12 3.563750216786e-04
1.311169099004e-03 1.117207312712e+06 2.291221479797e+03 5.864998614899e+12 3.597284632593e-04
1.320331446581e-03 1.105600602793e+06 2.283259313239e+03 5.763797872478e+12 3.631130469609e-04
1.329557819929e-03 1.094114491089e+06 2.275324826660e+03 5.664343487265e+12 3.665290572196e-04
1.338848666456e-03 1.082747724483e+06 2.267417923871e+03 5.566605322075e+12 3.699767810144e-04
1.348204436696e-03 1.071499062879e+06 2.259538509017e+03 5.470553759820e+12 3.734565078886e-04
1.357625584329e-03 1.060367279069e+06 2.251686486575e+03 5.376159694533e+12 3.769685299728e-04
1.367112566208e-03 1.049351158593e+06 2.243861761354e+03 5.283394522547e+12 3.805131420065e-04
1.376665842378e-03 1.038449499614e+06 2.236064238496e+03 5.192230133828e+12 3.840906413614e-04
1.386285876099e-03 1.027661112782e+06 2.228293823471e+03 5.102638903453e+12 3.877013280638e-04
1.395973133865e-03 1.016984821106e+06 2.220550422079e+03 5.014593683241e+12 3.913455048180e-04
1.405728085435e-03 1.006419459823e+06 2.212833940445e+03 4.928067793525e+12 3.950234770290e-04
1.415551203847e-03 9.959638762756e+05 2.205144285023e+03 4.843035015063e+12 3.987355528265e-04
1.425442965446e-03 9.856169297825e+05 2.197481362592e+03 4.759469581096e+12 4.024820430881e-04
1.435403849904e-03 9.753774915155e+05 2.189845080252e+03 4.677346169538e+12 4.062632614630e-04
1.445434340248e-03 9.652444443757e+05 2.182235345431e+03 4.596639895301e+12 4.100795243962e-04
1.455534922877e-03 9.552166828722e+05 2.174652065874e+03 4.517326302753e+12 4.139311511530e-04
1.465706087591e-03 9.452931130013e+05 2.167095149649e+03 4.439381358308e+12 4.178184638425e-04
1.475948327612e-03 9.354726521269e+05 2.159564505145e+03 4.362781443142e+12 4.217417874432e-04
1.486262139609e-03 9.257542288626e+05 2.152060041066e+03 4.287503346035e+12 4.257014498269e-04
1.496648023721e-03 9.161367829547e+05 2.144581666436e+03 4.213524256336e+12 4.296977817843e-04
1.507106483582e-03 9.066192651668e+05 2.137129290594e+03 4.140821757049e+12 4.337311170502e-04
1.517638026347e-03 8.972006371649e+05 2.129702823196e+03 4.069373818043e+12 4.378017923284e-04
1.528243162713e-03 8.878798714043e+05 2.122302174211e+03 3.999158789371e+12 4.419101473178e-04
1.538922406946e-03 8.786559510176e+05 2.114927253919e+03 3.930155394714e+12 4.460565247381e-04
1.549676276906e-03 8.695278697036e+05 2.107577972915e+03 3.862342724927e+12 4.502412703557e-04
1.560505294072e-03 8.604946316175e+05 2.100254242103e+03 3.795700231707e+12 4.544647330102e-04
1.571409983567e-03 8.515552512624e+05 2.092955972698e+03 3.730207721364e+12 4.587272646409e-04
1.582390874183e-03 8.427087533815e+05 2.085683076222e+03 3.665845348701e+12 4.630292203130e-04
1.593448498408e-03 8.339541728521e+05 2.078435464507e+03 3.602593611000e+12 4.673709582452e-04
1.604583392450e-03 8.252905545800e+05 2.071213049689e+03 3.540433342110e+12 4.717528398364e-04
1.615796096265e-03 8.167169533953e+05 2.064015744210e+03 3.479345706643e+12 4.761752296933e-04
1.627087153580e-03 8.082324339492e+05 2.056843460818e+03 3.419312194261e+12 4.806384956576e-04
1.638457111926e-03 7.998360706125e+05 2.049696112564e+03 3.360314614067e+12 4.851430088344e-04
1.649906522655e-03 7.915269473737e+05 2.042573612799e+03 3.302335089095e+12 4.896891436198e-04
1.661435940974e-03 7.833041577399e+05 2.035475875177e+03 3.245356050891e+12 4.942772777291e-04
1.673045925971e-03 7.751668046374e+05 2.028402813653e+03 3.189360234186e+12 4.989077922259e-04
1.684737040640e-03 7.671140003139e+05 2.021354342480e+03 3.134330671668e+12 5.035810715501e-04
1.696509851907e-03 7.591448662419e+05 2.014330376208e+03 3.080250688836e+12 5.082975035475e-04
1.708364930663e-03 7.512585330225e+05 2.007330829687e+03 3.027103898950e+12 5.130574794984e-04
1.720302851786e-03 7.434541402908e+05 2.000355618061e+03 2.974874198062e+12 5.178613941478e-04
1.732324194173e-03 7.357308366218e+05 1.993404656769e+03 2.923545760140e+12 5.227096457343e-04
1.744429540764e-03 7.280877794377e+05 1.986477861544e+03 2.873103032264e+12 5.276026360206e-04
1.756619478575e-03 7.205241349159e+05 1.979575148413e+03 2.823530729922e+12 5.325407703234e-04
1.768894598721e-03 7.130390778981e+05 1.972696433694e+03 2.774813832370e+12 5.375244575440e-04
1.781255496452e-03 7.056317918000e+05 1.965841633996e+03 2.726937578086e+12 5.425541101989e-04
1.793702771174e-03 6.983014685225e+05 1.959010666220e+03 2.679887460292e+12 5.476301444507e-04
1.806237026482e-03 6.910473083635e+05 1.952203447551e+03 2.633649222560e+12 5.527529801392e-04
1.818858870191e-03 6.838685199306e+05 1.945419895468e+03 2.588208854491e+12 5.579230408129e-04
1.831568914361e-03 6.767643200544e+05 1.938659927732e+03 2.543552587467e+12 5.631407537610e-04
1.844367775329e-03 6.697339337038e+05 1.931923462392e+03 2.499666890484e+12 5.684065500449e-04
1.857256073742e-03 6.627765939008e+05 1.925210417782e+03 2.456538466044e+12 5.737208645303e-04
1.870234434580e-03 6.558915416371e+05 1.918520712520e+03 2.414154246132e+12 5.790841359204e-04
1.883303487194e-03 6.490780257911e+05 1.911854265506e+03 2.372501388251e+12 5.844968067879e-04
1.896463865330e-03 6.423353030463e+05 1.905210995923e+03 2.331567271530e+12 5.899593236083e-04
1.909716207163e-03 6.356626378098e+05 1.898590823234e+03 2.291339492903e+12 5.954721367931e-04
1.923061155329e-03 6.290593021323e+05 1.891993667184e+03 2.251805863348e+12 6.010357007234e-04
1.936499356954e-03 6.225245756285e+05 1.885419447794e+03 2.212954404192e+12 6.066504737838e-04
1.950031463686e-03 6.160577453986e+05 1.878868085365e+03 2.174773343483e+12 6.123169183961e-04
1.963658131726e-03 6.096581059507e+05 1.872339500475e+03 2.137251112419e+12 6.180355010542e-04
1.977380021861e-03 6.033249591233e+05 1.865833613977e+03 2.100376341847e+12 6.238066923583e-04
1.991197799497e-03 5.970576140099e+05 1.859350347002e+03 2.064137858815e+12 6.296309670499e-04
2.005112134686e-03 5.908553868826e+05 1.852889620951e+03 2.028524683183e+12 6.355088040472e-04
2.019123702166e-03 5.847176011187e+05 1.846451357502e+03 1.993526024302e+12 6.414406864803e-04
2.033233181389e-03 5.786435871259e+05 1.840035478603e+03 1.959131277738e+12 6.474271017273e-04
2.047441256555e-03 5.726326822696e+05 1.833641906475e+03 1.925330022061e+12 6.534685414501e-04
2.061748616643e-03 5.666842308006e+05 1.827270563608e+03 1.892112015688e+12 6.595655016308e-04
2.076155955449e-03 5.607975837838e+05 1.820921372763e+03 1.859467193776e+12 6.657184826084e-04
2.090663971618e-03 5.549720990269e+05 1.814594256967e+03 1.827385665173e+12 6.719279891156e-04
2.105273368674e-03 5.492071410106e+05 1.808289139518e+03 1.795857709423e+12 6.781945303163e-04
2.119984855059e-03 5.435020808194e+05 1.802005943977e+03 1.764873773817e+12 6.845186198429e-04
2.134799144165e-03 5.378562960728e+05 1.795744594175e+03 1.734424470500e+12 6.909007758342e-04
2.149716954370e-03 5.322691708571e+05 1.789505014204e+03 1.704500573623e+12 6.973415209735e-04
2.164739009072e-03 5.267400956590e+05 1.783287128422e+03 1.675093016554e+12 7.038413825272e-04
2.179866036722e-03 5.212684672984e+05 1.777090861449e+03 1.646192889120e+12 7.104008923835e-04
2.195098770864e-03 5.158536888627e+05 1.770916138169e+03 1.617791434917e+12 7.170205870911e-04
2.210437950165e-03 5.104951696419e+05 1.764762883724e+03 1.589880048651e+12 7.237010078993e-04
2.225884318458e-03 5.051923250641e+05 1.758631023518e+03 1.562450273529e+12 7.304427007970e-04
2.241438624769e-03 4.999445766316e+05 1.752520483216e+03 1.535493798700e+12 7.372462165532e-04
2.257101623362e-03 4.947513518577e+05 1.746431188739e+03 1.509002456736e+12 7.441121107569e-04
2.272874073770e-03 4.896120842045e+05 1.740363066266e+03 1.482968221153e+12 7.510409438582e-04
2.288756740832e-03 4.845262130211e+05 1.734316042233e+03 1.457383203982e+12 7.580332812089e-04
2.304750394736e-03 4.794931834819e+05 1.728290043332e+03 1.432239653378e+12 7.650896931041e-04
2.320855811048e-03 4.745124465268e+05 1.722284996510e+03 1.407529951271e+12 7.722107548237e-04
2.337073770755e-03 4.695834588009e+05 1.716300828967e+03 1.383246611056e+12 7.793970466742e-04
2.353405060302e-03 4.647056825952e+05 1.710337468158e+03 1.359382275327e+12 7.866491540314e-04
2.369850471629e-03 4.598785857878e+05 1.704394841788e+03 1.335929713643e+12 7.939676673825e-04
2.386410802210e-03 4.551016417864e+05 1.698472877815e+03 1.312881820340e+12 8.013531823699e-04
2.403086855091e-03 4.503743294704e+05 1.692571504447e+03 1.290231612379e+12 8.088062998335e-04
2.419879438931e-03 4.456961331339e+05 1.686690650141e+03 1.267972227226e+12 8.163276258551e-04
2.436789368040e-03 4.410665424298e+05 1.680830243604e+03 1.246096920774e+12 8.239177718021e-04
2.453817462417e-03 4.364850523141e+05 1.674990213790e+03 1.224599065300e+12 8.315773543722e-04
2.470964547792e-03 4.319511629905e+05 1.669170489899e+03 1.203472147457e+12 8.393069956374e-04
2.488231455664e-03 4.274643798562e+05 1.663371001381e+03 1.182709766296e+12 8.471073230899e-04
2.505619023344e-03 4.230242134476e+05 1.657591677926e+03 1.162305631333e+12 8.549789696870e-04
2.523128093993e-03 4.186301793873e+05 1.651832449472e+03 1.142253560637e+12 8.629225738969e-04
2.540759516665e-03 4.142817983307e+05 1.646093246201e+03 1.122547478959e+12 8.709387797452e-04
2.558514146345e-03 4.099785959144e+05 1.640373998535e+03 1.103181415891e+12 8.790282368611e-04
2.576392843996e-03 4.057201027039e+05 1.634674637140e+03 1.084149504054e+12 8.871916005242e-04
2.594396476593e-03 4.015058541424e+05 1.628995092923e+03 1.065445977325e+12 8.954295317121e-04
2.612525917173e-03 3.973353905007e+05 1.623335297030e+03 1.047065169086e+12 9.037426971475e-04
2.630782044873e-03 3.932082568261e+05 1.617695180848e+03 1.029001510508e+12 9.121317693469e-04
2.649165744971e-03 3.891240028937e+05 1.612074676001e+03 1.011249528861e+12 9.205974266683e-04
2.667677908935e-03 3.850821831565e+05 1.606473714352e+03 9.938038458598e+11 9.291403533604e-04
2.686319434459e-03 3.810823566974e+05 1.600892228000e+03 9.766591760308e+11 9.377612396112e-04
2.705091225511e-03 3.771240871808e+05 1.595330149281e+03 9.598103251117e+11 9.464607815984e-04
2.723994192379e-03 3.732069428049e+05 1.589787410766e+03 9.432521884771e+11 9.552396815384e-04
2.743029251706e-03 3.693304962548e+05 1.584263945259e+03 9.269797495914e+11 9.640986477370e-04
2.762197326547e-03 3.654943246557e+05 1.578759685800e+03 9.109880784890e+11 9.730383946404e-04
2.781499346402e-03 3.616980095270e+05 1.573274565661e+03 8.952723302800e+11 9.820596428855e-04
2.800936247268e-03 3.579411367364e+05 1.567808518345e+03 8.798277436821e+11 9.911631193523e-04
2.820508971685e-03 3.542232964548e+05 1.562361477588e+03 8.646496395779e+11 1.000349557215e-03
2.840218468776e-03 3.505440831117e+05 1.556933377354e+03 8.497334195967e+11 1.009619695995e-03
2.860065694298e-03 3.469030953506e+05 1.551524151839e+03 8.350745647210e+11 1.018974281613e-03
2.880051610687e-03 3.432999359858e+05 1.546133735467e+03 8.206686339175e+11 1.028414066442e-03
2.900177187104e-03 3.397342119585e+05 1.540762062890e+03 8.065112627907e+11 1.037939809363e-03
2.920443399481e-03 3.362055342942e+05 1.535409068986e+03 7.925981622607e+11 1.047552275814e-03
2.940851230573e-03 3.327135180600e+05 1.530074688861e+03 7.789251172634e+11 1.057252237851e-03
2.961401669999e-03 3.292577823232e+05 1.524758857847e+03 7.654879854730e+11 1.067040474197e-03
2.982095714296e-03 3.258379501090e+05 1.519461511499e+03 7.522826960470e+11 1.076917770300e-03
3.002934366963e-03 3.224536483597e+05 1.514182585597e+03 7.393052483924e+11 1.086884918389e-03
3.023918638513e-03 3.191045078944e+05 1.508922016146e+03 7.265517109533e+11 1.096942717528e-03
3.045049546519e-03 3.157901633677e+05 1.503679739371e+03 7.140182200199e+11 1.107091973675e-03
3.066328115664e-03 3.125102532310e+05 1.498455691720e+03 7.017009785569e+11 1.117333499737e-03
3.087755377794e-03 3.092644196923e+05 1.493249809862e+03 6.895962550538e+11 1.127668115629e-03
3.109332371963e-03 3.060523086774e+05 1.488062030685e+03 6.777003823934e+11 1.138096648329e-03
3.131060144488e-03 3.028735697911e+05 1.482892291298e+03 6.660097567409e+11 1.148619931941e-03
3.152939748995e-03 2.997278562794e+05 1.477740529028e+03 6.545208364515e+11 1.159238807749e-03
3.174972246475e-03 2.966148249912e+05 1.472606681421e+03 6.432301409978e+11 1.169954124279e-03
3.197158705332e-03 2.935341363410e+05 1.467490686238e+03 6.321342499141e+11 1.180766737356e-03
3.219500201436e-03 2.904854542721e+05 1.462392481459e+03 6.212298017610e+11 1.191677510170e-03
3.241997818175e-03 2.874684462195e+05 1.457312005277e+03 6.105134931057e+11 1.202687313328e-03
3.264652646509e-03 2.844827830739e+05 1.452249196102e+03 5.999820775218e+11 1.213797024922e-03
3.287465785018e-03 2.815281391459e+05 1.447203992557e+03 5.896323646050e+11 1.225007530588e-03
3.310438339964e-03 2.786041921300e+05 1.442176333480e+03 5.794612190067e+11 1.236319723567e-03
3.333571425335e-03 2.757106230702e+05 1.437166157919e+03 5.694655594835e+11 1.247734504769e-03
3.356866162905e-03 2.728471163241e+05 1.432173405137e+03 5.596423579637e+11 1.259252782836e-03
3.380323682288e-03 2.700133595297e+05 1.427198014606e+03 5.499886386298e+11 1.270875474202e-03
3.403945120990e-03 2.672090435704e+05 1.422239926009e+03 5.405014770164e+11 1.282603503164e-03
3.427731624467e-03 2.644338625416e+05 1.417299079239e+03 5.311779991245e+11 1.294437801938e-03
3.451684346177e-03 2.616875137174e+05 1.412375414399e+03 5.220153805500e+11 1.306379310730e-03
3.475804447642e-03 2.589696975175e+05 1.407468871798e+03 5.130108456283e+11 1.318428977800e-03
3.500093098498e-03 2.562801174743e+05 1.402579391954e+03 5.041616665931e+11 1.330587759526e-03
3.524551476556e-03 2.536184802010e+05 1.397706915593e+03 4.954651627494e+11 1.342856620470e-03
3.549180767854e-03 2.509844953593e+05 1.392851383645e+03 4.869186996619e+11 1.355236533449e-03
3.573982166723e-03 2.483778756277e+05 1.388012737246e+03 4.785196883560e+11 1.367728479599e-03
3.598956875836e-03 2.457983366702e+05 1.383190917737e+03 4.702655845338e+11 1.380333448444e-03
3.624106106272e-03 2.432455971053e+05 1.378385866663e+03 4.621538878026e+11 1.393052437962e-03
3.649431077572e-03 2.407193784754e+05 1.373597525773e+03 4.541821409177e+11 1.405886454659e-03
3.674933017799e-03 2.382194052161e+05 1.368825837018e+03 4.463479290375e+11 1.418836513633e-03
3.700613163600e-03 2.357454046267e+05 1.364070742549e+03 4.386488789919e+11 1.431903638648e-03
3.726472760259e-03 2.332971068397e+05 1.359332184721e+03 4.310826585630e+11 1.445088862203e-03
3.752513061767e-03 2.308742447921e+05 1.354610106089e+03 4.236469757784e+11 1.458393225601e-03
3.778735330874e-03 2.284765541956e+05 1.349904449406e+03 4.163395782169e+11 1.471817779026e-03
3.805140839157e-03 2.261037735083e+05 1.345215157625e+03 4.091582523257e+11 1.485363581607e-03
3.831730867075e-03 2.237556439059e+05 1.340542173898e+03 4.021008227498e+11 1.499031701500e-03
3.858506704038e-03 2.214319092534e+05 1.335885441575e+03 3.951651516728e+11 1.512823215954e-03
3.885469648464e-03 2.191323160774e+05 1.331244904202e+03 3.883491381689e+11 1.526739211388e-03
3.912621007848e-03 2.168566135382e+05 1.326620505521e+03 3.816507175666e+11 1.540780783464e-03
3.939962098816e-03 2.146045534026e+05 1.322012189471e+03 3.750678608228e+11 1.554949037163e-03
3.967494247200e-03 2.123758900167e+05 1.317419900185e+03 3.685985739079e+11 1.569245086861e-03
3.995218788092e-03 2.101703802793e+05 1.312843581991e+03 3.622408972020e+11 1.583670056401e-03
4.023137065918e-03 2.079877836149e+05 1.308283179409e+03 3.559929049007e+11 1.598225079176e-03
4.051250434496e-03 2.058278619482e+05 1.303738637154e+03 3.498527044314e+11 1.612911298199e-03
4.079560257104e-03 2.036903796773e+05 1.299209900132e+03 3.438184358804e+11 1.627729866188e-03
4.108067906549e-03 2.015751036487e+05 1.294696913441e+03 3.378882714288e+11 1.642681945638e-03
4.136774765228e-03 1.994818031314e+05 1.290199622371e+03 3.320604147987e+11 1.657768708903e-03
4.165682225201e-03 1.974102497920e+05 1.285717972400e+03 3.263331007093e+11 1.672991338276e-03
4.194791688253e-03 1.953602176695e+05 1.281251909197e+03 3.207045943413e+11 1.688351026066e-03
4.224104565967e-03 1.933314831510e+05 1.276801378620e+03 3.151731908119e+11 1.703848974684e-03
4.253622279787e-03 1.913238249470e+05 1.272366326715e+03 3.097372146578e+11 1.719486396717e-03
4.283346261094e-03 1.893370240675e+05 1.267946699716e+03 3.043950193275e+11 1.735264515017e-03
4.313277951268e-03 1.873708637979e+05 1.263542444044e+03 2.991449866826e+11 1.751184562778e-03
4.343418801762e-03 1.854251296754e+05 1.259153506305e+03 2.939855265072e+11 1.767247783623e-03
4.373770274173e-03 1.834996094658e+05 1.254779833292e+03 2.889150760264e+11 1.783455431685e-03
4.404333840310e-03 1.815940931400e+05 1.250421371984e+03 2.839320994324e+11 1.799808771693e-03
4.435110982267e-03 1.797083728514e+05 1.246078069543e+03 2.790350874192e+11 1.816309079054e-03
4.466103192496e-03 1.778422429130e+05 1.241749873314e+03 2.742225567255e+11 1.832957639945e-03
4.497311973877e-03 1.759954997753e+05 1.237436730826e+03 2.694930496849e+11 1.849755751391e-03
4.528738839793e-03 1.741679420035e+05 1.233138589792e+03 2.648451337845e+11 1.866704721358e-03
4.560385314200e-03 1.723593702561e+05 1.228855398105e+03 2.602774012306e+11 1.883805868837e-03
4.592252931707e-03 1.705695872627e+05 1.224587103839e+03 2.557884685225e+11 1.901060523935e-03
4.624343237644e-03 1.687983978031e+05 1.220333655250e+03 2.513769760327e+11 1.918470027960e-03
4.656657788140e-03 1.670456086852e+05 1.216095000774e+03 2.470415875954e+11 1.936035733514e-03
4.689198150199e-03 1.653110287244e+05 1.211871089024e+03 2.427809901014e+11 1.953759004582e-03
4.721965901774e-03 1.635944687229e+05 1.207661868794e+03 2.385938931005e+11 1.971641216619e-03
4.754962631847e-03 1.618957414485e+05 1.203467289057e+03 2.344790284099e+11 1.989683756649e-03
4.788189940499e-03 1.602146616147e+05 1.199287298960e+03 2.304351497305e+11 2.007888023350e-03
4.821649438998e-03 1.585510458601e+05 1.195121847829e+03 2.264610322691e+11 2.026255427150e-03
4.855342749867e-03 1.569047127288e+05 1.190970885167e+03 2.225554723671e+11 2.044787390319e-03
4.889271506969e-03 1.552754826503e+05 1.186834360652e+03 2.187172871360e+11 2.063485347066e-03
4.923437355584e-03 1.536631779197e+05 1.182712224135e+03 2.149453140987e+11 2.082350743628e-03
4.957841952489e-03 1.520676226790e+05 1.178604425645e+03 2.112384108378e+11 2.101385038374e-03
4.992486966039e-03 1.504886428973e+05 1.174510915383e+03 2.075954546488e+11 2.120589701891e-03
5.027374076245e-03 1.489260663520e+05 1.170431643722e+03 2.040153422002e+11 2.139966217089e-03
5.062504974862e-03 1.473797226101e+05 1.166366561209e+03 2.004969891993e+11 2.159516079294e-03
5.097881365463e-03 1.458494430095e+05 1.162315618564e+03 1.970393300637e+11 2.179240796349e-03
5.133504963527e-03 1.443350606405e+05 1.158278766676e+03 1.936413175978e+11 2.199141888711e-03
5.169377496520e-03 1.428364103281e+05 1.154255956607e+03 1.903019226764e+11 2.219220889551e-03
5.205500703981e-03 1.413533286131e+05 1.150247139588e+03 1.870201339323e+11 2.239479344856e-03
5.241876337603e-03 1.398856537352e+05 1.146252267021e+03 1.837949574500e+11 2.259918813525e-03
5.278506161321e-03 1.384332256146e+05 1.142271290474e+03 1.806254164643e+11 2.280540867480e-03
5.315391951395e-03 1.369958858350e+05 1.138304161686e+03 1.775105510650e+11 2.301347091759e-03
5.352535496499e-03 1.355734776262e+05 1.134350832565e+03 1.744494179052e+11 2.322339084624e-03
5.389938597803e-03 1.341658458469e+05 1.130411255183e+03 1.714410899162e+11 2.343518457666e-03
5.427603069067e-03 1.327728369678e+05 1.126485381781e+03 1.684846560261e+11 2.364886835908e-03
5.465530736724e-03 1.313942990549e+05 1.122573164765e+03 1.655792208839e+11 2.386445857908e-03
5.503723439969e-03 1.300300817530e+05 1.118674556707e+03 1.627239045885e+11 2.408197175870e-03
5.542183030851e-03 1.286800362692e+05 1.114789510345e+03 1.599178424214e+11 2.430142455751e-03
5.580911374360e-03 1.273440153565e+05 1.110917978580e+03 1.571601845855e+11 2.452283377361e-03
5.619910348517e-03 1.260218732981e+05 1.107059914476e+03 1.544500959471e+11 2.474621634484e-03
5.659181844470e-03 1.247134658911e+05 1.103215271264e+03 1.517867557830e+11 2.497158934975e-03
5.698727766579e-03 1.234186504312e+05 1.099384002333e+03 1.491693575318e+11 2.519897000879e-03
5.738550032512e-03 1.221372856969e+05 1.095566061238e+03 1.465971085495e+11 2.542837568537e-03
5.778650573339e-03 1.208692319338e+05 1.091761401692e+03 1.440692298695e+11 2.565982388701e-03
5.819031333624e-03 1.196143508399e+05 1.087969977573e+03 1.415849559663e+11 2.589333226641e-03
5.859694271517e-03 1.183725055503e+05 1.084191742916e+03 1.391435345238e+11 2.612891862266e-03
5.900641358854e-03 1.171435606221e+05 1.080426651918e+03 1.367442262072e+11 2.636660090232e-03
5.941874581249e-03 1.159273820198e+05 1.076674658935e+03 1.343863044391e+11 2.660639720058e-03
5.983395938192e-03 1.147238371006e+05 1.072935718480e+03 1.320690551792e+11 2.684832576245e-03
6.025207443145e-03 1.135327945999e+05 1.069209785227e+03 1.297917767081e+11 2.709240498386e-03
6.067311123638e-03 1.123541246172e+05 1.065496814006e+03 1.275537794146e+11 2.733865341290e-03
6.109709021373e-03 1.111876986017e+05 1.061796759805e+03 1.253543855869e+11 2.758708975096e-03
6.152403192316e-03 1.100333893382e+05 1.058109577766e+03 1.231929292071e+11 2.783773285395e-03
6.195395706802e-03 1.088910709335e+05 1.054435223192e+03 1.210687557494e+11 2.809060173344e-03
6.238688649631e-03 1.077606188024e+05 1.050773651536e+03 1.189812219817e+11 2.834571555795e-03
6.282284120174e-03 1.066419096544e+05 1.047124818411e+03 1.169296957713e+11 2.860309365408e-03
6.326184232471e-03 1.055348214800e+05 1.043488679580e+03 1.149135558924e+11 2.886275550780e-03
6.370391115335e-03 1.044392335374e+05 1.039865190963e+03 1.129321918389e+11 2.912472076562e-03
6.414906912454e-03 1.033550263395e+05 1.036254308632e+03 1.109850036384e+11 2.938900923590e-03
6.459733782498e-03 1.022820816405e+05 1.032655988812e+03 1.090714016714e+11 2.965564089003e-03
6.504873899219e-03 1.012202824237e+05 1.029070187880e+03 1.071908064920e+11 2.992463586373e-03
6.550329451561e-03 1.001695128879e+05 1.025496862367e+03 1.053426486525e+11 3.019601445829e-03
6.596102643764e-03 9.912965843537e+04 1.021935968951e+03 1.035263685311e+11 3.046979714188e-03
6.642195695470e-03 9.810060565896e+04 1.018387464465e+03 1.017414161619e+11 3.074600455080e-03
6.688610841833e-03 9.708224233003e+04 1.014851305889e+03 9.998725106872e+10 3.102465749076e-03
6.735350333624e-03 9.607445738604e+04 1.011327450354e+03 9.826334210107e+10 3.130577693822e-03
6.782416437345e-03 9.507714091844e+04 1.007815855141e+03 9.656916727333e+10 3.158938404169e-03
6.829811435335e-03 9.409018416074e+04 1.004316477679e+03 9.490421360655e+10 3.187550012302e-03
6.877537625880e-03 9.311347947659e+04 1.000829275543e+03 9.326797697307e+10 3.216414667876e-03
6.925597323329e-03 9.214692034804e+04 9.973542064593e+02 9.165996194377e+10 3.245534538149e-03
6.973992858201e-03 9.119040136396e+04 9.938912282986e+02 9.007968163796e+10 3.274911808115e-03
7.022726577304e-03 9.024381820850e+04 9.904402990793e+02 8.852665757585e+10 3.304548680640e-03
7.071800843841e-03 8.930706764971e+04 9.870013769654e+02 8.700041953362e+10 3.334447376599e-03
7.121218037531e-03 8.838004752832e+04 9.835744202668e+02 8.550050540094e+10 3.364610135015e-03
7.170980554724e-03 8.746265674652e+04 9.801593874383e+02 8.402646104095e+10 3.395039213194e-03
7.221090808512e-03 8.655479525701e+04 9.767562370792e+02 8.257784015269e+10 3.425736886866e-03
7.271551228852e-03 8.565636405204e+04 9.733649279329e+02 8.115420413584e+10 3.456705450324e-03
7.322364262681e-03 8.476726515259e+04 9.699854188865e+02 7.975512195793e+10 3.487947216567e-03
7.373532374034e-03 8.388740159773e+04 9.666176689698e+02 7.838017002362e+10 3.519464517441e-03
7.425058044165e-03 8.301667743401e+04 9.632616373556e+02 7.702893204650e+10 3.551259703782e-03
7.476943771667e-03 8.215499770500e+04 9.599172833583e+02 7.570099892286e+10 3.583335145557e-03
7.529192072593e-03 8.130226844093e+04 9.565845664342e+02 7.439596860780e+10 3.615693232017e-03
7.581805480578e-03 8.045839664844e+04 9.532634461806e+02 7.311344599341e+10 3.648336371833e-03
7.634786546961e-03 7.962329030041e+04 9.499538823353e+02 7.185304278907e+10 3.681266993250e-03
7.688137840912e-03 7.879685832595e+04 9.466558347762e+02 7.061437740382e+10 3.714487544232e-03
7.741861949550e-03 7.797901060048e+04 9.433692635210e+02 6.939707483072e+10 3.748000492610e-03
7.795961478077e-03 7.716965793582e+04 9.400941287263e+02 6.820076653326e+10 3.781808326234e-03
7.850439049897e-03 7.636871207056e+04 9.368303906874e+02 6.702509033373e+10 3.815913553123e-03
7.905297306747e-03 7.557608566036e+04 9.335780098379e+02 6.586969030344e+10 3.850318701616e-03
7.960538908825e-03 7.479169226842e+04 9.303369467488e+02 6.473421665493e+10 3.885026320525e-03
8.016166534918e-03 7.401544635612e+04 9.271071621286e+02 6.361832563598e+10 3.920038979289e-03
8.072182882530e-03 7.324726327359e+04 9.238886168223e+02 6.252167942549e+10 3.955359268132e-03
8.128590668018e-03 7.248705925056e+04 9.206812718114e+02 6.144394603108e+10 3.990989798211e-03
8.185392626719e-03 7.173475138717e+04 9.174850882129e+02 6.038479918859e+10 4.026933201782e-03
8.242591513084e-03 7.099025764493e+04 9.143000272793e+02 5.934391826316e+10 4.063192132351e-03
8.300190100815e-03 7.025349683778e+04 9.111260503979e+02 5.832098815215e+10 4.099769264836e-03
8.358191182991e-03 6.952438862326e+04 9.079631190903e+02 5.731569918963e+10 4.136667295727e-03
8.416597572214e-03 6.880285349368e+04 9.048111950121e+02 5.632774705262e+10 4.173888943247e-03
8.475412100738e-03 6.808881276750e+04 9.016702399522e+02 5.535683266883e+10 4.211436947512e-03
8.534637620607e-03 6.738218858073e+04 8.985402158327e+02 5.440266212611e+10 4.249314070697e-03
8.594277003799e-03 6.668290387842e+04 8.954210847079e+02 5.346494658339e+10 4.287523097199e-03
8.654333142356e-03 6.599088240627e+04 8.923128087645e+02 5.254340218316e+10 4.326066833801e-03
8.714808948534e-03 6.530604870232e+04 8.892153503206e+02 5.163774996550e+10 4.364948109840e-03
8.775707354936e-03 6.462832808867e+04 8.861286718254e+02 5.074771578356e+10 4.404169777373e-03
8.837031314661e-03 6.395764666341e+04 8.830527358590e+02 4.987303022051e+10 4.443734711349e-03
8.898783801442e-03 6.329393129247e+04 8.799875051314e+02 4.901342850790e+10 4.483645809771e-03
8.960967809793e-03 6.263710960171e+04 8.769329424826e+02 4.816865044549e+10 4.523905993876e-03
9.023586355152e-03 6.198710996899e+04 8.738890108819e+02 4.733844032239e+10 4.564518208299e-03
9.086642474031e-03 6.134386151637e+04 8.708556734276e+02 4.652254683961e+10 4.605485421252e-03
9.150139224159e-03 6.070729410236e+04 8.678328933461e+02 4.572072303393e+10 4.646810624690e-03
9.214079684633e-03 6.007733831428e+04 8.648206339921e+02 4.493272620307e+10 4.688496834497e-03
9.278466956067e-03 5.945392546070e+04 8.618188588477e+02 4.415831783220e+10 4.730547090650e-03
9.343304160740e-03 5.883698756392e+04 8.588275315220e+02 4.339726352164e+10 4.772964457407e-03
9.408594442751e-03 5.822645735255e+04 8.558466157511e+02 4.264933291587e+10 4.815752023478e-03
9.474340968170e-03 5.762226825422e+04 8.528760753969e+02 4.191429963378e+10 4.858912902208e-03
9.540546925189e-03 5.702435438825e+04 8.499158744474e+02 4.119194120002e+10 4.902450231757e-03
9.607215524281e-03 5.643265055852e+04 8.469659770157e+02 4.048203897769e+10 4.946367175280e-03
9.674349998353e-03 5.584709224631e+04 8.440263473400e+02 3.978437810202e+10 4.990666921114e-03
9.741953602902e-03 5.526761560329e+04 8.410969497828e+02 3.909874741535e+10 5.035352682959e-03
9.810029616177e-03 5.469415744456e+04 8.381777488309e+02 3.842493940312e+10 5.080427700061e-03
9.878581339332e-03 5.412665524173e+04 8.352687090944e+02 3.776275013105e+10 5.125895237405e-03
9.947612096591e-03 5.356504711610e+04 8.323697953069e+02 3.711197918329e+10 5.171758585896e-03
1.001712523541e-02 5.300927183196e+04 8.294809723243e+02 3.647242960181e+10 5.218021062552e-03
1.008712412662e-02 5.245926878983e+04 8.266022051254e+02 3.584390782663e+10 5.264686010691e-03
1.015761216464e-02 5.191497801990e+04 8.237334588105e+02 3.522622363727e+10 5.311756800124e-03
1.022859276759e-02 5.137634017549e+04 8.208746986015e+02 3.461919009507e+10 5.359236827347e-03
1.030006937745e-02 5.084329652654e+04 8.180258898413e+02 3.402262348660e+10 5.407129515733e-03
1.037204546031e-02 5.031578895324e+04 8.151869979935e+02 3.343634326799e+10 5.455438315728e-03
1.044452450642e-02 4.979375993967e+04 8.123579886421e+02 3.286017201024e+10 5.504166705047e-03
1.051751003047e-02 4.927715256751e+04 8.095388274905e+02 3.229393534547e+10 5.553318188869e-03
1.059100557167e-02 4.876591050988e+04 8.067294803618e+02 3.173746191412e+10 5.602896300039e-03
1.066501469400e-02 4.825997802513e+04 8.039299131979e+02 3.119058331301e+10 5.652904599261e-03
1.073954098631e-02 4.775929995081e+04 8.011400920595e+02 3.065313404435e+10 5.703346675307e-03
1.081458806255e-02 4.726382169763e+04 7.983599831252e+02 3.012495146563e+10 5.754226145212e-03
1.089015956191e-02 4.677348924351e+04 7.955895526913e+02 2.960587574028e+10 5.805546654480e-03
1.096625914903e-02 4.628824912767e+04 7.928287671718e+02 2.909574978934e+10 5.857311877288e-03
1.104289051414e-02 4.580804844484e+04 7.900775930971e+02 2.859441924382e+10 5.909525516691e-03
1.112005737326e-02 4.533283483942e+04 7.873359971146e+02 2.810173239795e+10 5.962191304830e-03
1.119776346838e-02 4.486255649985e+04 7.846039459876e+02 2.761754016325e+10 6.015313003139e-03
1.127601256765e-02 4.439716215287e+04 7.818814065950e+02 2.714169602336e+10 6.068894402553e-03
1.135480846552e-02 4.393660105801e+04 7.791683459312e+02 2.667405598963e+10 6.122939323723e-03
1.143415498300e-02 4.348082300199e+04 7.764647311054e+02 2.621447855755e+10 6.177451617221e-03
1.151405596777e-02 4.302977829327e+04 7.737705293414e+02 2.576282466385e+10 6.232435163760e-03
1.159451529439e-02 4.258341775665e+04 7.710857079769e+02 2.531895764439e+10 6.287893874402e-03
1.167553686453e-02 4.214169272785e+04 7.684102344636e+02 2.488274319279e+10 6.343831690779e-03
1.175712460709e-02 4.170455504824e+04 7.657440763664e+02 2.445404931971e+10 6.400252585307e-03
1.183928247844e-02 4.127195705959e+04 7.630872013631e+02 2.403274631287e+10 6.457160561403e-03
1.192201446260e-02 4.084385159885e+04 7.604395772440e+02 2.361870669781e+10 6.514559653708e-03
1.200532457142e-02 4.042019199299e+04 7.578011719116e+02 2.321180519920e+10 6.572453928303e-03
1.208921684480e-02 4.000093205398e+04 7.551719533801e+02 2.281191870298e+10 6.630847482937e-03
1.217369535085e-02 3.958602607365e+04 7.525518897753e+02 2.241892621900e+10 6.689744447244e-03
1.225876418613e-02 3.917542881880e+04 7.499409493337e+02 2.203270884441e+10 6.749148982971e-03
1.234442747580e-02 3.876909552617e+04 7.473391004024e+02 2.165314972763e+10 6.809065284204e-03
1.243068937387e-02 3.836698189766e+04 7.447463114390e+02 2.128013403297e+10 6.869497577592e-03
1.251755406337e-02 3.796904409541e+04 7.421625510106e+02 2.091354890582e+10 6.930450122582e-03
1.260502575656e-02 3.757523873706e+04 7.395877877939e+02 2.055328343852e+10 6.991927211642e-03
1.269310869512e-02 3.718552289100e+04 7.370219905748e+02 2.019922863669e+10 7.053933170493e-03
1.278180715041e-02 3.679985407170e+04 7.344651282476e+02 1.985127738630e+10 7.116472358348e-03
1.287112542359e-02 3.641819023508e+04 7.319171698152e+02 1.950932442116e+10 7.179549168136e-03
1.296106784591e-02 3.604048977391e+04 7.293780843881e+02 1.917326629108e+10 7.243168026745e-03
1.305163877888e-02 3.566671151324e+04 7.268478411848e+02 1.884300133051e+10 7.307333395255e-03
1.314284261447e-02 3.529681470599e+04 7.243264095307e+02 1.851842962777e+10 7.372049769177e-03
1.323468377537e-02 3.493075902842e+04 7.218137588580e+02 1.819945299478e+10 7.437321678688e-03
1.332716671515e-02 3.456850457578e+04 7.193098587054e+02 1.788597493729e+10 7.503153688879e-03
1.342029591851e-02 3.421001185794e+04 7.168146787179e+02 1.757790062571e+10 7.569550399991e-03
1.351407590149e-02 3.385524179509e+04 7.143281886458e+02 1.727513686635e+10 7.636516447658e-03
1.360851121169e-02 3.350415571347e+04 7.118503583451e+02 1.697759207321e+10 7.704056503157e-03
1.370360642849e-02 3.315671534114e+04 7.093811577765e+02 1.668517624022e+10 7.772175273646e-03
1.379936616326e-02 3.281288280383e+04 7.069205570057e+02 1.639780091402e+10 7.840877502419e-03
1.389579505960e-02 3.247262062079e+04 7.044685262021e+02 1.611537916712e+10 7.910167969149e-03
1.399289779356e-02 3.213589170070e+04 7.020250356396e+02 1.583782557163e+10 7.980051490141e-03
1.409067907386e-02 3.180265933763e+04 6.995900556951e+02 1.556505617331e+10 8.050532918582e-03
1.418914364213e-02 3.147288720706e+04 6.971635568489e+02 1.529698846622e+10 8.121617144794e-03
1.428829627315e-02 3.114653936184e+04 6.947455096843e+02 1.503354136770e+10 8.193309096488e-03
1.438814177503e-02 3.082358022837e+04 6.923358848866e+02 1.477463519381e+10 8.265613739020e-03
1.448868498950e-02 3.050397460265e+04 6.899346532437e+02 1.452019163518e+10 8.338536075650e-03
1.458993079212e-02 3.018768764644e+04 6.875417856449e+02 1.427013373334e+10 8.412081147793e-03
1.469188409254e-02 2.987468488351e+04 6.851572530809e+02 1.402438585737e+10 8.486254035288e-03
1.479454983467e-02 2.956493219582e+04 6.827810266438e+02 1.378287368101e+10 8.561059856652e-03
1.489793299702e-02 2.925839581984e+04 6.804130775259e+02 1.354552416017e+10 8.636503769347e-03
1.500203859286e-02 2.895504234284e+04 6.780533770201e+02 1.331226551076e+10 8.712590970042e-03
1.510687167050e-02 2.865483869927e+04 6.757018965194e+02 1.308302718700e+10 8.789326694876e-03
1.521243731352e-02 2.835775216712e+04 6.733586075162e+02 1.285773986002e+10 8.866716219729e-03
1.531874064104e-02 2.806375036438e+04 6.710234816024e+02 1.263633539689e+10 8.944764860489e-03
1.542578680793e-02 2.777280124549e+04 6.686964904687e+02 1.241874683998e+10 9.023477973318e-03
1.553358100510e-02 2.748487309786e+04 6.663776059045e+02 1.220490838664e+10 9.102860954928e-03
1.564212845973e-02 2.719993453838e+04 6.640667997975e+02 1.199475536936e+10 9.182919242850e-03
1.575143443552e-02 2.691795451004e+04 6.617640441332e+02 1.178822423610e+10 9.263658315708e-03
1.586150423296e-02 2.663890227850e+04 6.594693109948e+02 1.158525253109e+10 9.345083693497e-03
1.597234318957e-02 2.636274742876e+04 6.571825725628e+02 1.138577887589e+10 9.427200937855e-03
1.608395668018e-02 2.608945986184e+04 6.549038011145e+02 1.118974295084e+10 9.510015652346e-03
1.619635011718e-02 2.581900979148e+04 6.526329690239e+02 1.099708547677e+10 9.593533482736e-03
1.630952895076e-02 2.555136774094e+04 6.503700487610e+02 1.080774819702e+10 9.677760117274e-03
1.642349866922e-02 2.528650453969e+04 6.481150128920e+02 1.062167385985e+10 9.762701286979e-03
1.653826479919e-02 2.502439132034e+04 6.458678340785e+02 1.043880620107e+10 9.848362765915e-03
1.665383290595e-02 2.476499951540e+04 6.436284850775e+02 1.025908992703e+10 9.934750371486e-03
1.677020859364e-02 2.450830085423e+04 6.413969387407e+02 1.008247069783e+10 1.002186996472e-02
1.688739750557e-02 2.425426735989e+04 6.391731680145e+02 9.908895110898e+09 1.010972745054e-02
1.700540532450e-02 2.400287134615e+04 6.369571459396e+02 9.738310684821e+09 1.019832877809e-02
1.712423777288e-02 2.375408541443e+04 6.347488456506e+02 9.570665843435e+09 1.028767994100e-02
1.724390061315e-02 2.350788245084e+04 6.325482403758e+02 9.405909900218e+09 1.037778697767e-02
1.736439964804e-02 2.326423562318e+04 6.303553034364e+02 9.243993042937e+09 1.046865597159e-02
1.748574072080e-02 2.302311837806e+04 6.281700082471e+02 9.084866318566e+09 1.056029305161e-02
1.760792971552e-02 2.278450443798e+04 6.259923283149e+02 8.928481618459e+09 1.065270439227e-02
1.773097255743e-02 2.254836779846e+04 6.238222372391e+02 8.774791663789e+09 1.074589621406e-02
1.785487521314e-02 2.231468272519e+04 6.216597087111e+02 8.623749991225e+09 1.083987478375e-02
1.797964369096e-02 2.208342375128e+04 6.195047165141e+02 8.475310938864e+09 1.093464641466e-02
1.810528404119e-02 2.185456567442e+04 6.173572345223e+02 8.329429632408e+09 1.103021746699e-02
1.823180235640e-02 2.162808355414e+04 6.152172367013e+02 8.186061971570e+09 1.112659434814e-02
1.835920477175e-02 2.140395270912e+04 6.130846971073e+02 8.045164616726e+09 1.122378351295e-02
1.848749746526e-02 2.118214871448e+04 6.109595898867e+02 7.906694975788e+09 1.132179146407e-02
1.861668665812e-02 2.096264739912e+04 6.088418892764e+02 7.770611191310e+09 1.142062475224e-02
1.874677861501e-02 2.074542484305e+04 6.067315696027e+02 7.636872127811e+09 1.152028997662e-02
1.887777964436e-02 2.053045737485e+04 6.046286052816e+02 7.505437359321e+09 1.162079378507e-02
1.900969609870e-02 2.031772156900e+04 6.025329708183e+02 7.376267157141e+09 1.172214287448e-02
1.914253437495e-02 2.010719424342e+04 6.004446408065e+02 7.249322477811e+09 1.182434399111e-02
1.927630091474e-02 1.989885245684e+04 5.983635899290e+02 7.124564951291e+09 1.192740393084e-02
1.941100220469e-02 1.969267350640e+04 5.962897929564e+02 7.001956869343e+09 1.203132953957e-02
1.954664477677e-02 1.948863492508e+04 5.942232247473e+02 6.881461174110e+09 1.213612771347e-02
1.968323520858e-02 1.928671447932e+04 5.921638602481e+02 6.763041446901e+09 1.224180539932e-02
1.982078012369e-02 1.908689016654e+04 5.901116744924e+02 6.646661897158e+09 1.234836959487e-02
1.995928619196e-02 1.888914021280e+04 5.880666426008e+02 6.532287351627e+09 1.245582734910e-02
2.009876012985e-02 1.869344307036e+04 5.860287397807e+02 6.419883243700e+09 1.256418576260e-02
2.023920870076e-02 1.849977741536e+04 5.839979413259e+02 6.309415602957e+09 1.267345198784e-02
2.038063871535e-02 1.830812214552e+04 5.819742226163e+02 6.200851044873e+09 1.278363322956e-02
2.052305703187e-02 1.811845637778e+04 5.799575591176e+02 6.094156760719e+09 1.289473674506e-02
2.066647055650e-02 1.793075944607e+04 5.779479263810e+02 5.989300507621e+09 1.300676984452e-02
2.081088624367e-02 1.774501089904e+04 5.759453000431e+02 5.886250598801e+09 1.311973989138e-02
2.095631109641e-02 1.756119049782e+04 5.739496558251e+02 5.784975893985e+09 1.323365430262e-02
2.110275216671e-02 1.737927821382e+04 5.719609695333e+02 5.685445789973e+09 1.334852054913e-02
2.125021655580e-02 1.719925422655e+04 5.699792170578e+02 5.587630211373e+09 1.346434615602e-02
2.139871141457e-02 1.702109892143e+04 5.680043743733e+02 5.491499601498e+09 1.358113870299e-02
2.154824394384e-02 1.684479288772e+04 5.660364175378e+02 5.397024913417e+09 1.369890582463e-02
2.169882139479e-02 1.667031691630e+04 5.640753226931e+02 5.304177601157e+09 1.381765521081e-02
2.185045106924e-02 1.649765199767e+04 5.621210660639e+02 5.212929611068e+09 1.393739460696e-02
2.200314032005e-02 1.632677931982e+04 5.601736239580e+02 5.123253373323e+09 1.405813181447e-02
2.215689655145e-02 1.615768026618e+04 5.582329727658e+02 5.035121793577e+09 1.417987469099e-02
2.231172721943e-02 1.599033641363e+04 5.562990889599e+02 4.948508244760e+09 1.430263115083e-02
2.246763983206e-02 1.582472953045e+04 5.543719490950e+02 4.863386559018e+09 1.442640916524e-02
2.262464194989e-02 1.566084157433e+04 5.524515298075e+02 4.779731019792e+09 1.455121676281e-02
2.278274118630e-02 1.549865469044e+04 5.505378078154e+02 4.697516354030e+09 1.467706202981e-02
2.294194520786e-02 1.533815120945e+04 5.486307599177e+02 4.616717724539e+09 1.480395311052e-02
2.310226173472e-02 1.517931364559e+04 5.467303629944e+02 4.537310722464e+09 1.493189820761e-02
2.326369854100e-02 1.502212469480e+04 5.448365940061e+02 4.459271359900e+09 1.506090558249e-02
2.342626345510e-02 1.486656723277e+04 5.429494299938e+02 4.382576062629e+09 1.519098355564e-02
2.358996436017e-02 1.471262431312e+04 5.410688480785e+02 4.307201662985e+09 1.532214050702e-02
2.375480919442e-02 1.456027916555e+04 5.391948254609e+02 4.233125392841e+09 1.545438487636e-02
2.392080595154e-02 1.440951519399e+04 5.373273394215e+02 4.160324876713e+09 1.558772516358e-02
2.408796268107e-02 1.426031597478e+04 5.354663673197e+02 4.088778124992e+09 1.572216992913e-02
2.425628748881e-02 1.411266525494e+04 5.336118865940e+02 4.018463527285e+09 1.585772779434e-02
2.442578853720e-02 1.396654695030e+04 5.317638747617e+02 3.949359845871e+09 1.599440744181e-02
2.459647404572e-02 1.382194514385e+04 5.299223094183e+02 3.881446209277e+09 1.613221761575e-02
2.476835229129e-02 1.367884408391e+04 5.280871682376e+02 3.814702105957e+09 1.627116712236e-02
2.494143160865e-02 1.353722818249e+04 5.262584289711e+02 3.749107378082e+09 1.641126483021e-02
2.511572039081e-02 1.339708201353e+04 5.244360694482e+02 3.684642215443e+09 1.655251967058e-02
2.529122708940e-02 1.325839031125e+04 5.226200675753e+02 3.621287149449e+09 1.669494063788e-02
2.546796021514e-02 1.312113796848e+04 5.208104013361e+02 3.559023047238e+09 1.683853678996e-02
2.564592833821e-02 1.298531003499e+04 5.190070487909e+02 3.497831105884e+09 1.698331724854e-02
2.582514008866e-02 1.285089171591e+04 5.172099880767e+02 3.437692846707e+09 1.712929119954e-02
2.600560415687e-02 1.271786837005e+04 5.154191974068e+02 3.378590109676e+09 1.727646789350e-02
2.618732929394e-02 1.258622550835e+04 5.136346550702e+02 3.320505047917e+09 1.742485664592e-02
2.637032431211e-02 1.245594879228e+04 5.118563394320e+02 3.263420122308e+09 1.757446683766e-02
2.655459808523e-02 1.232702403230e+04 5.100842289326e+02 3.207318096174e+09 1.772530791534e-02
2.674015954912e-02 1.219943718627e+04 5.083183020875e+02 3.152182030063e+09 1.787738939165e-02
2.692701770208e-02 1.207317435795e+04 5.065585374875e+02 3.097995276626e+09 1.803072084584e-02
2.711518160526e-02 1.194822179547e+04 5.048049137977e+02 3.044741475577e+09 1.818531192400e-02
2.730466038315e-02 1.182456588986e+04 5.030574097579e+02 2.992404548737e+09 1.834117233951e-02
2.749546322398e-02 1.170219317350e+04 5.013160041820e+02 2.940968695172e+09 1.849831187341e-02
2.768759938021e-02 1.158109031872e+04 4.995806759578e+02 2.890418386410e+09 1.865674037480e-02
2.788107816894e-02 1.146124413633e+04 4.978514040468e+02 2.840738361739e+09 1.881646776119e-02
2.807590897238e-02 1.134264157413e+04 4.961281674838e+02 2.791913623592e+09 1.897750401895e-02
2.827210123831e-02 1.122526971555e+04 4.944109453769e+02 2.743929433005e+09 1.913985920364e-02
2.846966448051e-02 1.110911577822e+04 4.926997169071e+02 2.696771305157e+09 1.930354344047e-02
2.866860827927e-02 1.099416711255e+04 4.909944613279e+02 2.650425004987e+09 1.946856692463e-02
2.886894228180e-02 1.088041120041e+04 4.892951579653e+02 2.604876542886e+09 1.963493992173e-02
2.907067620275e-02 1.076783565368e+04 4.876017862175e+02 2.560112170460e+09 1.980267276817e-02
2.927381982463e-02 1.065642821298e+04 4.859143255545e+02 2.516118376376e+09 1.997177587156e-02
2.947838299832e-02 1.054617674629e+04 4.842327555180e+02 2.472881882265e+09 2.014225971112e-02
2.968437564355e-02 1.043706924762e+04 4.825570557211e+02 2.430389638710e+09 2.031413483806e-02
2.989180774934e-02 1.032909383574e+04 4.808872058480e+02 2.388628821294e+09 2.048741187598e-02
3.010068937453e-02 1.022223875282e+04 4.792231856538e+02 2.347586826719e+09 2.066210152131e-02
3.031103064826e-02 1.011649236324e+04 4.775649749644e+02 2.307251268992e+09 2.083821454368e-02
3.052284177043e-02 1.001184315221e+04 4.759125536759e+02 2.267609975679e+09 2.101576178632e-02
3.073613301223e-02 9.908279724612e+03 4.742659017548e+02 2.228650984219e+09 2.119475416652e-02
3.095091471663e-02 9.805790803700e+03 4.726249992373e+02 2.190362538304e+09 2.137520267596e-02
3.116719729885e-02 9.704365229887e+03 4.709898262295e+02 2.152733084323e+09 2.155711838119e-02
3.138499124691e-02 9.603991959526e+03 4.693603629069e+02 2.115751267865e+09 2.174051242398e-02
3.160430712213e-02 9.504660063707e+03 4.677365895140e+02 2.079405930284e+09 2.192539602177e-02
3.182515555961e-02 9.406358727062e+03 4.661184863645e+02 2.043686105322e+09 2.211178046809e-02
3.204754726877e-02 9.309077246587e+03 4.645060338407e+02 2.008581015788e+09 2.229967713293e-02
3.227149303388e-02 9.212805030476e+03 4.628992123936e+02 1.974080070301e+09 2.248909746318e-02
3.249700371456e-02 9.117531596962e+03 4.612980025421e+02 1.940172860086e+09 2.268005298306e-02
3.272409024632e-02 9.023246573176e+03 4.597023848733e+02 1.906849155818e+09 2.287255529450e-02
3.295276364109e-02 8.929939694015e+03 4.581123400422e+02 1.874098904533e+09 2.306661607759e-02
3.318303498773e-02 8.837600801023e+03 4.565278487712e+02 1.841912226583e+09 2.326224709098e-02
3.341491545261e-02 8.746219841280e+03 4.549488918500e+02 1.810279412651e+09 2.345946017230e-02
3.364841628013e-02 8.655786866310e+03 4.533754501354e+02 1.779190920806e+09 2.365826723859e-02
3.388354879325e-02 8.566292030992e+03 4.518075045511e+02 1.748637373623e+09 2.385868028672e-02
3.412032439406e-02 8.477725592488e+03 4.502450360873e+02 1.718609555342e+09 2.406071139379e-02
3.435875456434e-02 8.390077909180e+03 4.486880258008e+02 1.689098409080e+09 2.426437271758e-02
3.459885086609e-02 8.303339439616e+03 4.471364548143e+02 1.660095034091e+09 2.446967649698e-02
3.484062494209e-02 8.217500741473e+03 4.455903043166e+02 1.631590683075e+09 2.467663505237e-02
3.508408851652e-02 8.132552470525e+03 4.440495555620e+02 1.603576759530e+09 2.488526078609e-02
3.532925339545e-02 8.048485379624e+03 4.425141898706e+02 1.576044815150e+09 2.509556618284e-02
3.557613146746e-02 7.965290317691e+03 4.409841886275e+02 1.548986547270e+09 2.530756381014e-02
3.582473470422e-02 7.882958228717e+03 4.394595332827e+02 1.522393796356e+09 2.552126631871e-02
3.607507516104e-02 7.801480150779e+03 4.379402053514e+02 1.496258543534e+09 2.573668644294e-02
3.632716497748e-02 7.720847215057e+03 4.364261864129e+02 1.470572908165e+09 2.595383700130e-02
3.658101637793e-02 7.641050644870e+03 4.349174581112e+02 1.445329145461e+09 2.617273089679e-02
3.683664167221e-02 7.562081754719e+03 4.334140021543e+02 1.420519644141e+09 2.639338111733e-02
3.709405325613e-02 7.483931949337e+03 4.319158003140e+02 1.396136924133e+09 2.661580073623e-02
3.735326361217e-02 7.406592722754e+03 4.304228344259e+02 1.372173634302e+09 2.684000291262e-02
3.761428530999e-02 7.330055657367e+03 4.289350863890e+02 1.348622550238e+09 2.706600089187e-02
3.787713100711e-02 7.254312423025e+03 4.274525381657e+02 1.325476572059e+09 2.729380800603e-02
3.814181344950e-02 7.179354776117e+03 4.259751717811e+02 1.302728722272e+09 2.752343767426e-02
3.840834547218e-02 7.105174558673e+03 4.245029693234e+02 1.280372143658e+09 2.775490340327e-02
3.867673999989e-02 7.031763697478e+03 4.230359129432e+02 1.258400097201e+09 2.798821878776e-02
3.894701004766e-02 6.959114203186e+03 4.215739848536e+02 1.236805960043e+09 2.822339751085e-02
3.921916872149e-02 6.887218169454e+03 4.201171673297e+02 1.215583223489e+09 2.846045334452e-02
3.949322921893e-02 6.816067772073e+03 4.186654427087e+02 1.194725491032e+09 2.869940015005e-02
3.976920482979e-02 6.745655268122e+03 4.172187933894e+02 1.174226476423e+09 2.894025187844e-02
4.004710893674e-02 6.675972995119e+03 4.157772018322e+02 1.154080001765e+09 2.918302257090e-02
4.032695501594e-02 6.607013370185e+03 4.143406505587e+02 1.134279995647e+09 2.942772635922e-02
4.060875663776e-02 6.538768889217e+03 4.129091221516e+02 1.114820491309e+09 2.967437746627e-02
4.089252746738e-02 6.471232126074e+03 4.114825992547e+02 1.095695624832e+09 2.992299020639e-02
4.117828126545e-02 6.404395731760e+03 4.100610645720e+02 1.076899633371e+09 3.017357898588e-02
4.146603188882e-02 6.338252433627e+03 4.086445008684e+02 1.058426853409e+09 3.042615830340e-02
4.175579329114e-02 6.272795034580e+03 4.072328909688e+02 1.040271719041e+09 3.068074275045e-02
4.204757952357e-02 6.208016412295e+03 4.058262177582e+02 1.022428760297e+09 3.093734701177e-02
4.234140473549e-02 6.143909518435e+03 4.044244641815e+02 1.004892601484e+09 3.119598586581e-02
4.263728317510e-02 6.080467377891e+03 4.030276132430e+02 9.876579595594e+08 3.145667418517e-02
4.293522919022e-02 6.017683088011e+03 4.016356480067e+02 9.707196425347e+08 3.171942693705e-02
4.323525722889e-02 5.955549817857e+03 4.002485515955e+02 9.540725479060e+08 3.198425918366e-02
4.353738184013e-02 5.894060807452e+03 3.988663071916e+02 9.377116611097e+08 3.225118608271e-02
4.384161767464e-02 5.833209367046e+03 3.974888980359e+02 9.216320540062e+08 3.252022288780e-02
4.414797948547e-02 5.772988876387e+03 3.961163074277e+02 9.058288833903e+08 3.279138494894e-02
4.445648212877e-02 5.713392783997e+03 3.947485187250e+02 8.902973895256e+08 3.306468771291e-02
4.476714056454e-02 5.654414606459e+03 3.933855153437e+02 8.750328947061e+08 3.334014672377e-02
4.507996985726e-02 5.596047927710e+03 3.920272807580e+02 8.600308018411e+08 3.361777762326e-02
4.539498517672e-02 5.538286398339e+03 3.906737984996e+02 8.452865930652e+08 3.389759615126e-02
4.571220179871e-02 5.481123734896e+03 3.893250521580e+02 8.307958283724e+08 3.417961814627e-02
4.603163510576e-02 5.424553719208e+03 3.879810253800e+02 8.165541442733e+08 3.446385954578e-02
4.635330058788e-02 5.368570197697e+03 3.866417018695e+02 8.025572524758e+08 3.475033638679e-02
4.667721384335e-02 5.313167080712e+03 3.853070653876e+02 7.888009385884e+08 3.503906480622e-02
4.700339057943e-02 5.258338341866e+03 3.839770997520e+02 7.752810608461e+08 3.533006104133e-02
4.733184661314e-02 5.204078017374e+03 3.826517888371e+02 7.619935488576e+08 3.562334143022e-02
4.766259787204e-02 5.150380205405e+03 3.813311165737e+02 7.489344023753e+08 3.591892241224e-02
4.799566039499e-02 5.097239065441e+03 3.800150669488e+02 7.360996900853e+08 3.621682052843e-02
4.833105033292e-02 5.044648817635e+03 3.787036240055e+02 7.234855484191e+08 3.651705242200e-02
4.866878394962e-02 4.992603742183e+03 3.773967718425e+02 7.110881803853e+08 3.681963483872e-02
4.900887762254e-02 4.941098178703e+03 3.760944946143e+02 6.989038544216e+08 3.712458462742e-02
4.935134784356e-02 4.890126525610e+03 3.747967765308e+02 6.869289032670e+08 3.743191874040e-02
4.969621121983e-02 4.839683239515e+03 3.735036018572e+02 6.751597228527e+08 3.774165423388e-02
5.004348447452e-02 4.789762834611e+03 3.722149549136e+02 6.635927712127e+08 3.805380826843e-02
5.039318444767e-02 4.740359882082e+03 3.709308200751e+02 6.522245674129e+08 3.836839810947e-02
5.074532809701e-02 4.691469009505e+03 3.696511817715e+02 6.410516904992e+08 3.868544112762e-02
5.109993249875e-02 4.643084900268e+03 3.683760244870e+02 6.300707784627e+08 3.900495479923e-02
5.145701484844e-02 4.595202292990e+03 3.671053327600e+02 6.192785272240e+08 3.932695670677e-02
5.181659246179e-02 4.547815980944e+03 3.658390911832e+02 6.086716896338e+08 3.965146453928e-02
5.217868277550e-02 4.500920811494e+03 3.645772844031e+02 5.982470744920e+08 3.997849609284e-02
5.254330334814e-02 4.454511685527e+03 3.633198971201e+02 5.880015455825e+08 4.030806927096e-02
5.291047186095e-02 4.408583556902e+03 3.620669140878e+02 5.779320207255e+08 4.064020208507e-02
5.328020611873e-02 4.363131431897e+03 3.608183201136e+02 5.680354708458e+08 4.097491265492e-02
5.365252405073e-02 4.318150368666e+03 3.595741000578e+02 5.583089190571e+08 4.131221920904e-02
5.402744371144e-02 4.273635476699e+03 3.583342388337e+02 5.487494397625e+08 4.165214008518e-02
5.440498328155e-02 4.229581916287e+03 3.570987214075e+02 5.393541577699e+08 4.199469373074e-02
5.478516106878e-02 4.185984897997e+03 3.558675327981e+02 5.301202474232e+08 4.233989870319e-02
5.516799550879e-02 4.142839682150e+03 3.546406580766e+02 5.210449317481e+08 4.268777367054e-02
5.555350516606e-02 4.100141578299e+03 3.534180823666e+02 5.121254816132e+08 4.303833741176e-02
5.594170873480e-02 4.057885944726e+03 3.521997908437e+02 5.033592149047e+08 4.339160881720e-02
5.633262503985e-02 4.016068187925e+03 3.509857687353e+02 4.947434957160e+08 4.374760688904e-02
5.672627303761e-02 3.974683762112e+03 3.497760013209e+02 4.862757335512e+08 4.410635074173e-02
5.712267181692e-02 3.933728168720e+03 3.485704739310e+02 4.779533825419e+08 4.446785960238e-02
5.752184060004e-02 3.893196955915e+03 3.473691719479e+02 4.697739406784e+08 4.483215281125e-02
5.792379874354e-02 3.853085718107e+03 3.461720808048e+02 4.617349490531e+08 4.519924982213e-02
5.832856573925e-02 3.813390095471e+03 3.449791859863e+02 4.538339911173e+08 4.556917020281e-02
5.873616121521e-02 3.774105773468e+03 3.437904730274e+02 4.460686919518e+08 4.594193363545e-02
5.914660493662e-02 3.735228482382e+03 3.426059275140e+02 4.384367175482e+08 4.631755991709e-02
5.955991680680e-02 3.696753996846e+03 3.414255350824e+02 4.309357741043e+08 4.669606895998e-02
5.997611686814e-02 3.658678135387e+03 3.402492814194e+02 4.235636073310e+08 4.707748079207e-02
6.039522530311e-02 3.620996759966e+03 3.390771522617e+02 4.163180017707e+08 4.746181555743e-02
6.081726243520e-02 3.583705775529e+03 3.379091333961e+02 4.091967801281e+08 4.784909351663e-02
6.124224872990e-02 3.546801129562e+03 3.367452106591e+02 4.021978026127e+08 4.823933504720e-02
6.167020479574e-02 3.510278811645e+03 3.355853699369e+02 3.953189662917e+08 4.863256064402e-02
6.210115138525e-02 3.474134853016e+03 3.344295971651e+02 3.885582044550e+08 4.902879091976e-02
6.253510939597e-02 3.438365326140e+03 3.332778783287e+02 3.819134859905e+08 4.942804660529e-02
6.297209987148e-02 3.402966344279e+03 3.321301994617e+02 3.753828147710e+08 4.983034855009e-02
6.341214400241e-02 3.367934061070e+03 3.309865466470e+02 3.689642290505e+08 5.023571772266e-02
6.385526312747e-02 3.333264670101e+03 3.298469060163e+02 3.626558008720e+08 5.064417521094e-02
6.430147873448e-02 3.298954404501e+03 3.287112637500e+02 3.564556354847e+08 5.105574222271e-02
6.475081246140e-02 3.264999536527e+03 3.275796060768e+02 3.503618707720e+08 5.147044008602e-02
6.520328609742e-02 3.231396377159e+03 3.264519192738e+02 3.443726766886e+08 5.188829024954e-02
6.565892158398e-02 3.198141275692e+03 3.253281896660e+02 3.384862547080e+08 5.230931428306e-02
6.611774101585e-02 3.165230619347e+03 3.242084036266e+02 3.327008372791e+08 5.273353387780e-02
6.657976664218e-02 3.132660832869e+03 3.230925475764e+02 3.270146872921e+08 5.316097084685e-02
6.704502086761e-02 3.100428378141e+03 3.219806079837e+02 3.214260975540e+08 5.359164712559e-02
6.751352625335e-02 3.068529753800e+03 3.208725713645e+02 3.159333902729e+08 5.402558477204e-02
6.798530551825e-02 3.036961494848e+03 3.197684242818e+02 3.105349165514e+08 5.446280596730e-02
6.846038153991e-02 3.005720172282e+03 3.186681533461e+02 3.052290558880e+08 5.490333301591e-02
6.893877735583e-02 2.974802392715e+03 3.175717452143e+02 3.000142156885e+08 5.534718834628e-02
6.942051616446e-02 2.944204798011e+03 3.164791865906e+02 2.948888307840e+08 5.579439451101e-02
6.990562132638e-02 2.913924064910e+03 3.153904642255e+02 2.898513629594e+08 5.624497418737e-02
7.039411636540e-02 2.883956904676e+03 3.143055649162e+02 2.849003004876e+08 5.669895017761e-02
7.088602496972e-02 2.854300062732e+03 3.132244755059e+02 2.800341576738e+08 5.715634540937e-02
7.138137099307e-02 2.824950318305e+03 3.121471828842e+02 2.752514744068e+08 5.761718293607e-02
7.188017845585e-02 2.795904484077e+03 3.110736739866e+02 2.705508157173e+08 5.808148593728e-02
7.238247154636e-02 2.767159405838e+03 3.100039357945e+02 2.659307713457e+08 5.854927771908e-02
7.288827462187e-02 2.738711962140e+03 3.089379553347e+02 2.613899553153e+08 5.902058171446e-02
7.339761220989e-02 2.710559063957e+03 3.078757196799e+02 2.569270055142e+08 5.949542148368e-02
7.391050900932e-02 2.682697654349e+03 3.068172159479e+02 2.525405832841e+08 5.997382071464e-02
7.442698989165e-02 2.655124708127e+03 3.057624313016e+02 2.482293730157e+08 6.045580322321e-02
7.494707990217e-02 2.627837231526e+03 3.047113529493e+02 2.439920817519e+08 6.094139295369e-02
7.547080426119e-02 2.600832261875e+03 3.036639681438e+02 2.398274387973e+08 6.143061397904e-02
7.599818836526e-02 2.574106867277e+03 3.026202641830e+02 2.357341953342e+08 6.192349050135e-02
7.652925778838e-02 2.547658146288e+03 3.015802284089e+02 2.317111240461e+08 6.242004685215e-02
7.706403828329e-02 2.521483227600e+03 3.005438482084e+02 2.277570187467e+08 6.292030749274e-02
7.760255578265e-02 2.495579269727e+03 2.995111110123e+02 2.238706940163e+08 6.342429701458e-02
7.814483640037e-02 2.469943460701e+03 2.984820042958e+02 2.200509848431e+08 6.393204013961e-02
7.869090643283e-02 2.444573017756e+03 2.974565155779e+02 2.162967462724e+08 6.444356172063e-02
7.924079236016e-02 2.419465187033e+03 2.964346324214e+02 2.126068530605e+08 6.495888674159e-02
7.979452084753e-02 2.394617243274e+03 2.954163424328e+02 2.089801993348e+08 6.547804031795e-02
8.035211874646e-02 2.370026489529e+03 2.944016332621e+02 2.054156982607e+08 6.600104769705e-02
8.091361309609e-02 2.345690256859e+03 2.933904926027e+02 2.019122817128e+08 6.652793425838e-02
8.147903112452e-02 2.321605904045e+03 2.923829081911e+02 1.984688999530e+08 6.705872551395e-02
8.204840025011e-02 2.297770817304e+03 2.913788678070e+02 1.950845213133e+08 6.759344710862e-02
8.262174808282e-02 2.274182409997e+03 2.903783592729e+02 1.917581318848e+08 6.813212482038e-02
8.319910242555e-02 2.250838122354e+03 2.893813704541e+02 1.884887352114e+08 6.867478456072e-02
8.378049127547e-02 2.227735421190e+03 2.883878892585e+02 1.852753519890e+08 6.922145237491e-02
8.436594282540e-02 2.204871799631e+03 2.873979036364e+02 1.821170197702e+08 6.977215444232e-02
8.495548546518e-02 2.182244776841e+03 2.864114015807e+02 1.790127926739e+08 7.032691707675e-02
8.554914778303e-02 2.159851897749e+03 2.854283711260e+02 1.759617410995e+08 7.088576672670e-02
8.614695856694e-02 2.137690732785e+03 2.844488003494e+02 1.729629514465e+08 7.144872997571e-02
8.674894680605e-02 2.115758877611e+03 2.834726773697e+02 1.700155258391e+08 7.201583354261e-02
8.735514169211e-02 2.094053952862e+03 2.824999903472e+02 1.671185818550e+08 7.258710428187e-02
8.796557262084e-02 2.072573603886e+03 2.815307274841e+02 1.642712522589e+08 7.316256918385e-02
8.858026919337e-02 2.051315500485e+03 2.805648770241e+02 1.614726847416e+08 7.374225537511e-02
8.919926121768e-02 2.030277336664e+03 2.796024272519e+02 1.587220416619e+08 7.432619011866e-02
8.982257871007e-02 2.009456830377e+03 2.786433664936e+02 1.560184997946e+08 7.491440081430e-02
9.045025189657e-02 1.988851723282e+03 2.776876831162e+02 1.533612500817e+08 7.550691499884e-02
9.108231121442e-02 1.968459780489e+03 2.767353655277e+02 1.507494973885e+08 7.610376034637e-02
9.171878731357e-02 1.948278790320e+03 2.757864021768e+02 1.481824602638e+08 7.670496466858e-02
9.235971105815e-02 1.928306564069e+03 2.748407815526e+02 1.456593707038e+08 7.731055591498e-02
9.300511352796e-02 1.908540935760e+03 2.738984921850e+02 1.431794739209e+08 7.792056217318e-02
9.365502601997e-02 1.888979761913e+03 2.729595226440e+02 1.407420281157e+08 7.853501166911e-02
9.430948004987e-02 1.869620921309e+03 2.720238615398e+02 1.383463042532e+08 7.915393276732e-02
9.496850735358e-02 1.850462314762e+03 2.710914975227e+02 1.359915858431e+08 7.977735397121e-02
9.563213988878e-02 1.831501864884e+03 2.701624192829e+02 1.336771687236e+08 8.040530392325e-02
9.630040983646e-02 1.812737515864e+03 2.692366155502e+02 1.314023608490e+08 8.103781140523e-02
9.697334960251e-02 1.794167233243e+03 2.683140750944e+02 1.291664820811e+08 8.167490533854e-02
9.765099181924e-02 1.775789003689e+03 2.673947867243e+02 1.269688639836e+08 8.231661478430e-02
9.833336934703e-02 1.757600834780e+03 2.664787392884e+02 1.248088496213e+08 8.296296894370e-02
9.902051527585e-02 1.739600754787e+03 2.655659216744e+02 1.226857933614e+08 8.361399715813e-02
9.971246292692e-02 1.721786812459e+03 2.646563228089e+02 1.205990606788e+08 8.426972890943e-02
1.004092458543e-01 1.704157076809e+03 2.637499316577e+02 1.185480279651e+08 8.493019382014e-02
1.011108978465e-01 1.686709636903e+03 2.628467372251e+02 1.165320823404e+08 8.559542165361e-02
1.018174529282e-01 1.669442601653e+03 2.619467285544e+02 1.145506214682e+08 8.626544231431e-02
1.025289453619e-01 1.652354099613e+03 2.610498947272e+02 1.126030533744e+08 8.694028584796e-02
1.032454096492e-01 1.635442278770e+03 2.601562248637e+02 1.106887962683e+08 8.761998244173e-02
1.039668805332e-01 1.618705306346e+03 2.592657081221e+02 1.088072783671e+08 8.830456242446e-02
1.046933929996e-01 1.602141368595e+03 2.583783336992e+02 1.069579377243e+08 8.899405626680e-02
1.054249822785e-01 1.585748670610e+03 2.574940908293e+02 1.051402220593e+08 8.968849458141e-02
1.061616838463e-01 1.569525436121e+03 2.566129687850e+02 1.033535885916e+08 9.038790812316e-02
1.069035334274e-01 1.553469907308e+03 2.557349568764e+02 1.015975038768e+08 9.109232778923e-02
1.076505669955e-01 1.537580344604e+03 2.548600444515e+02 9.987144364602e+07 9.180178461933e-02
1.084028207761e-01 1.521855026507e+03 2.539882208953e+02 9.817489264775e+07 9.251630979584e-02
1.091603312475e-01 1.506292249395e+03 2.531194756307e+02 9.650734449256e+07 9.323593464396e-02
1.099231351431e-01 1.490890327336e+03 2.522537981176e+02 9.486830150051e+07 9.396069063186e-02
1.106912694529e-01 1.475647591906e+03 2.513911778529e+02 9.325727455109e+07 9.469060937082e-02
1.114647714255e-01 1.460562392010e+03 2.505316043707e+02 9.167378293586e+07 9.542572261536e-02
1.122436785696e-01 1.445633093696e+03 2.496750672418e+02 9.011735421356e+07 9.616606226338e-02
1.130280286563e-01 1.430858079982e+03 2.488215560738e+02 8.858752406770e+07 9.691166035630e-02
1.138178597202e-01 1.416235750678e+03 2.479710605107e+02 8.708383616669e+07 9.766254907915e-02
1.146132100622e-01 1.401764522211e+03 2.471235702334e+02 8.560584202630e+07 9.841876076071e-02
1.154141182504e-01 1.387442827452e+03 2.462790749587e+02 8.415310087452e+07 9.918032787360e-02
1.162206231226e-01 1.373269115548e+03 2.454375644398e+02 8.272517951877e+07 9.994728303440e-02
1.170327637881e-01 1.359241851748e+03 2.445990284660e+02 8.132165221535e+07 1.007196590037e-01
1.178505796294e-01 1.345359517242e+03 2.437634568627e+02 7.994210054118e+07 1.014974886864e-01
1.186741103041e-01 1.331620608990e+03 2.429308394908e+02 7.858611326774e+07 1.022808051314e-01
1.195033957470e-01 1.318023639560e+03 2.421011662472e+02 7.725328623720e+07 1.030696415321e-01
1.203384761720e-01 1.304567136966e+03 2.412744270643e+02 7.594322224062e+07 1.038640312261e-01
1.211793920740e-01 1.291249644509e+03 2.404506119101e+02 7.465553089834e+07 1.046640076957e-01
1.220261842309e-01 1.278069720615e+03 2.396297107878e+02 7.338982854236e+07 1.054696045675e-01
1.228788937054e-01 1.265025938680e+03 2.388117137357e+02 7.214573810078e+07 1.062808556129e-01
1.237375618473e-01 1.252116886916e+03 2.379966108277e+02 7.092288898425e+07 1.070977947478e-01
1.246022302954e-01 1.239341168192e+03 2.371843921721e+02 6.972091697430e+07 1.079204560327e-01
1.254729409792e-01 1.226697399888e+03 2.363750479124e+02 6.853946411370e+07 1.087488736730e-01
1.263497361215e-01 1.214184213739e+03 2.355685682269e+02 6.737817859864e+07 1.095830820188e-01
1.272326582400e-01 1.201800255688e+03 2.347649433283e+02 6.623671467276e+07 1.104231155650e-01
1.281217501496e-01 1.189544185740e+03 2.339641634639e+02 6.511473252306e+07 1.112690089512e-01
1.290170549641e-01 1.177414677813e+03 2.331662189155e+02 6.401189817756e+07 1.121207969620e-01
1.299186160990e-01 1.165410419595e+03 2.323710999989e+02 6.292788340477e+07 1.129785145268e-01
1.308264772729e-01 1.153530112402e+03 2.315787970644e+02 6.186236561479e+07 1.138421967197e-01
1.317406825101e-01 1.141772471034e+03 2.307893004960e+02 6.081502776228e+07 1.147118787598e-01
1.326612761422e-01 1.130136223635e+03 2.300026007118e+02 5.978555825091e+07 1.155875960109e-01
1.335883028109e-01 1.118620111558e+03 2.292186881637e+02 5.877365083964e+07 1.164693839818e-01
1.345218074699e-01 1.107222889224e+03 2.284375533371e+02 5.777900455047e+07 1.173572783260e-01
1.354618353867e-01 1.095943323987e+03 2.276591867513e+02 5.680132357786e+07 1.182513148418e-01
1.364084321454e-01 1.084780196000e+03 2.268835789587e+02 5.584031719970e+07 1.191515294722e-01
1.373616436486e-01 1.073732298084e+03 2.261107205452e+02 5.489569968977e+07 1.200579583049e-01
1.383215161195e-01 1.062798435593e+03 2.253406021299e+02 5.396719023179e+07 1.209706375723e-01
1.392880961045e-01 1.051977426285e+03 2.245732143650e+02 5.305451283486e+07 1.218896036515e-01
1.402614304752e-01 1.041268100194e+03 2.238085479356e+02 5.215739625043e+07 1.228148930639e-01
1.412415664307e-01 1.030669299504e+03 2.230465935599e+02 5.127557389064e+07 1.237465424758e-01
1.422285514999e-01 1.020179878418e+03 2.222873419885e+02 5.040878374814e+07 1.246845886975e-01
1.432224335440e-01 1.009798703036e+03 2.215307840050e+02 4.955676831720e+07 1.256290686838e-01
1.442232607584e-01 9.995246512334e+02 2.207769104254e+02 4.871927451627e+07 1.265800195339e-01
1.452310816754e-01 9.893566125350e+02 2.200257120980e+02 4.789605361182e+07 1.275374784909e-01
1.462459451665e-01 9.792934879959e+02 2.192771799036e+02 4.708686114350e+07 1.285014829424e-01
1.472679004447e-01 9.693341900816e+02 2.185313047551e+02 4.629145685060e+07 1.294720704195e-01
1.482969970669e-01 9.594776425491e+02 2.177880775974e+02 4.550960459975e+07 1.304492785974e-01
1.493332849361e-01 9.497227803298e+02 2.170474894076e+02 4.474107231394e+07 1.314331452952e-01
1.503768143042e-01 9.400685494132e+02 2.163095311944e+02 4.398563190266e+07 1.324237084754e-01
1.514276357743e-01 9.305139067326e+02 2.155741939985e+02 4.324305919330e+07 1.334210062440e-01
1.524858003030e-01 9.210578200507e+02 2.148414688920e+02 4.251313386377e+07 1.344250768506e-01
1.535513592031e-01 9.116992678475e+02 2.141113469787e+02 4.179563937618e+07 1.354359586878e-01
1.546243641458e-01 9.024372392088e+02 2.133838193939e+02 4.109036291175e+07 1.364536902915e-01
1.557048671635e-01 8.932707337164e+02 2.126588773040e+02 4.039709530682e+07 1.374783103404e-01
1.567929206521e-01 8.841987613385e+02 2.119365119066e+02 3.971563098992e+07 1.385098576560e-01
1.578885773739e-01 8.752203423221e+02 2.112167144307e+02 3.904576791998e+07 1.395483712024e-01
1.589918904594e-01 8.663345070864e+02 2.104994761360e+02 3.838730752560e+07 1.405938900863e-01
1.601029134110e-01 8.575402961168e+02 2.097847883131e+02 3.774005464530e+07 1.416464535565e-01
1.612217001044e-01 8.488367598604e+02 2.090726422836e+02 3.710381746888e+07 1.427061010039e-01
1.623483047921e-01 8.402229586227e+02 2.083630293996e+02 3.647840747977e+07 1.437728719614e-01
1.634827821056e-01 8.316979624652e+02 2.076559410436e+02 3.586363939833e+07 1.448468061034e-01
1.646251870583e-01 8.232608511036e+02 2.069513686290e+02 3.525933112616e+07 1.459279432461e-01
1.657755750478e-01 8.149107138081e+02 2.062493035992e+02 3.466530369140e+07 1.470163233467e-01
1.669340018591e-01 8.066466493038e+02 2.055497374279e+02 3.408138119490e+07 1.481119865036e-01
1.681005236667e-01 7.984677656727e+02 2.048526616190e+02 3.350739075739e+07 1.492149729561e-01
1.692751970379e-01 7.903731802562e+02 2.041580677065e+02 3.294316246749e+07 1.503253230841e-01
1.704580789351e-01 7.823620195592e+02 2.034659472542e+02 3.238852933069e+07 1.514430774077e-01
1.716492267189e-01 7.744334191548e+02 2.027762918558e+02 3.184332721914e+07 1.525682765874e-01
1.728486981508e-01 7.665865235901e+02 2.020890931347e+02 3.130739482236e+07 1.537009614237e-01
1.740565513955e-01 7.588204862929e+02 2.014043427440e+02 3.078057359875e+07 1.548411728563e-01
1.752728450248e-01 7.511344694797e+02 2.007220323662e+02 3.026270772800e+07 1.559889519648e-01
1.764976380192e-01 7.435276440642e+02 2.000421537133e+02 2.975364406421e+07 1.571443399676e-01
1.777309897716e-01 7.359991895668e+02 1.993646985266e+02 2.925323208998e+07 1.583073782222e-01
1.789729600901e-01 7.285482940256e+02 1.986896585766e+02 2.876132387110e+07 1.594781082246e-01
1.802236092005e-01 7.211741539077e+02 1.980170256630e+02 2.827777401221e+07 1.606565716091e-01
1.814829977495e-01 7.138759740216e+02 1.973467916143e+02 2.780243961306e+07 1.618428101479e-01
1.827511868076e-01 7.066529674307e+02 1.966789482882e+02 2.733518022564e+07 1.630368657513e-01
1.840282378721e-01 6.995043553672e+02 1.960134875710e+02 2.687585781197e+07 1.642387804667e-01
1.853142128701e-01 6.924293671479e+02 1.953504013777e+02 2.642433670269e+07 1.654485964789e-01
1.866091741611e-01 6.854272400895e+02 1.946896816521e+02 2.598048355629e+07 1.666663561092e-01
1.879131845409e-01 6.784972194259e+02 1.940313203663e+02 2.554416731909e+07 1.678921018158e-01
1.892263072437e-01 6.716385582260e+02 1.933753095210e+02 2.511525918590e+07 1.691258761929e-01
1.905486059456e-01 6.648505173122e+02 1.927216411450e+02 2.469363256132e+07 1.703677219705e-01
1.918801447680e-01 6.581323651797e+02 1.920703072956e+02 2.427916302180e+07 1.716176820143e-01
1.932209882800e-01 6.514833779171e+02 1.914213000580e+02 2.387172827824e+07 1.728757993252e-01
1.945712015020e-01 6.449028391273e+02 1.907746115454e+02 2.347120813931e+07 1.741421170388e-01
1.959308499089e-01 6.383900398497e+02 1.901302338991e+02 2.307748447535e+07 1.754166784256e-01
1.972999994330e-01 6.319442784825e+02 1.894881592881e+02 2.269044118299e+07 1.766995268899e-01
1.986787164674e-01 6.255648607069e+02 1.888483799091e+02 2.230996415021e+07 1.779907059700e-01
2.000670678691e-01 6.192510994108e+02 1.882108879866e+02 2.193594122218e+07 1.792902593377e-01
2.014651209622e-01 6.130023146143e+02 1.875756757724e+02 2.156826216758e+07 1.805982307977e-01
2.028729435416e-01 6.068178333958e+02 1.869427355460e+02 2.120681864553e+07 1.819146642878e-01
2.042906038755e-01 6.006969898180e+02 1.863120596140e+02 2.085150417307e+07 1.832396038779e-01
2.057181707094e-01 5.946391248563e+02 1.856836403105e+02 2.050221409326e+07 1.845730937699e-01
2.071557132692e-01 5.886435863260e+02 1.850574699964e+02 2.015884554376e+07 1.859151782974e-01
2.086033012645e-01 5.827097288121e+02 1.844335410601e+02 1.982129742597e+07 1.872659019252e-01
2.100610048920e-01 5.768369135985e+02 1.838118459167e+02 1.948947037473e+07 1.886253092490e-01
2.115288948390e-01 5.710245085985e+02 1.831923770081e+02 1.916326672853e+07 1.899934449949e-01
2.130070422866e-01 5.652718882861e+02 1.825751268033e+02 1.884259050018e+07 1.913703540189e-01
2.144955189135e-01 5.595784336275e+02 1.819600877976e+02 1.852734734807e+07 1.927560813070e-01
2.159943968992e-01 5.539435320142e+02 1.813472525131e+02 1.821744454789e+07 1.941506719740e-01
2.175037489276e-01 5.483665771958e+02 1.807366134985e+02 1.791279096479e+07 1.955541712640e-01
2.190236481903e-01 5.428469692141e+02 1.801281633287e+02 1.761329702609e+07 1.969666245493e-01
2.205541683909e-01 5.373841143378e+02 1.795218946050e+02 1.731887469444e+07 1.983880773302e-01
2.220953837474e-01 5.319774249978e+02 1.789177999550e+02 1.702943744139e+07 1.998185752347e-01
2.236473689968e-01 5.266263197232e+02 1.783158720322e+02 1.674490022152e+07 2.012581640179e-01
2.252101993983e-01 5.213302230779e+02 1.777161035165e+02 1.646517944688e+07 2.027068895619e-01
2.267839507369e-01 5.160885655980e+02 1.771184871133e+02 1.619019296199e+07 2.041647978747e-01
2.283686993274e-01 5.109007837297e+02 1.765230155544e+02 1.591986001924e+07 2.056319350907e-01
2.299645220177e-01 5.057663197678e+02 1.759296815969e+02 1.565410125463e+07 2.071083474696e-01
2.315714961926e-01 5.006846217954e+02 1.753384780238e+02 1.539283866407e+07 2.085940813960e-01
2.331896997780e-01 4.956551436232e+02 1.747493976436e+02 1.513599557993e+07 2.100891833795e-01
2.348192112441e-01 4.906773447304e+02 1.741624332904e+02 1.488349664817e+07 2.115937000535e-01
2.364601096094e-01 4.857506902056e+02 1.735775778237e+02 1.463526780569e+07 2.131076781755e-01
2.381124744447e-01 4.808746506888e+02 1.729948241282e+02 1.439123625819e+07 2.146311646262e-01
2.397763858768e-01 4.760487023135e+02 1.724141651139e+02 1.415133045835e+07 2.161642064092e-01
2.414519245925e-01 4.712723266497e+02 1.718355937161e+02 1.391548008444e+07 2.177068506504e-01
2.431391718422e-01 4.665450106474e+02 1.712591028949e+02 1.368361601922e+07 2.192591445981e-01
2.448382094444e-01 4.618662465809e+02 1.706846856355e+02 1.345567032926e+07 2.208211356218e-01
2.465491197890e-01 4.572355319934e+02 1.701123349480e+02 1.323157624463e+07 2.223928712124e-01
2.482719858419e-01 4.526523696420e+02 1.695420438673e+02 1.301126813889e+07 2.239743989814e-01
2.500068911487e-01 4.481162674441e+02 1.689738054528e+02 1.279468150944e+07 2.255657666605e-01
2.517539198387e-01 4.436267384234e+02 1.684076127889e+02 1.258175295822e+07 2.271670221014e-01
2.535131566291e-01 4.391833006568e+02 1.678434589843e+02 1.237242017278e+07 2.287782132750e-01
2.552846868292e-01 4.347854772223e+02 1.672813371721e+02 1.216662190754e+07 2.303993882713e-01
2.570685963445e-01 4.304327961467e+02 1.667212405099e+02 1.196429796557e+07 2.320305952988e-01
2.588649716805e-01 4.261247903545e+02 1.661631621794e+02 1.176538918050e+07 2.336718826839e-01
2.606738999476e-01 4.218609976167e+02 1.656070953868e+02 1.156983739886e+07 2.353232988710e-01
2.624954688645e-01 4.176409605006e+02 1.650530333622e+02 1.137758546269e+07 2.369848924213e-01
2.643297667632e-01 4.134642263203e+02 1.645009693596e+02 1.118857719240e+07 2.386567120130e-01
2.661768825928e-01 4.093303470868e+02 1.639508966572e+02 1.100275737002e+07 2.403388064408e-01
2.680369059240e-01 4.052388794597e+02 1.634028085569e+02 1.082007172266e+07 2.420312246151e-01
2.699099269534e-01 4.011893846988e+02 1.628566983845e+02 1.064046690628e+07 2.437340155619e-01
2.717960365079e-01 3.971814286162e+02 1.623125594892e+02 1.046389048974e+07 2.454472284222e-01
2.736953260491e-01 3.932145815290e+02 1.617703852442e+02 1.029029093916e+07 2.471709124518e-01
2.756078876778e-01 3.892884182128e+02 1.612301690460e+02 1.011961760244e+07 2.489051170208e-01
2.775338141382e-01 3.854025178551e+02 1.606919043144e+02 9.951820694212e+06 2.506498916130e-01
2.794731988228e-01 3.815564640097e+02 1.601555844929e+02 9.786851280875e+06 2.524052858257e-01
2.814261357766e-01 3.777498445510e+02 1.596212030480e+02 9.624661266031e+06 2.541713493694e-01
2.833927197017e-01 3.739822516296e+02 1.590887534695e+02 9.465203376083e+06 2.559481320669e-01
2.853730459622e-01 3.702532816275e+02 1.585582292703e+02 9.308431146121e+06 2.577356838537e-01
2.873672105884e-01 3.665625351144e+02 1.580296239863e+02 9.154298906036e+06 2.595340547768e-01
2.893753102818e-01 3.629096168041e+02 1.575029311764e+02 9.002761766876e+06 2.613432949949e-01
2.913974424194e-01 3.592941355115e+02 1.569781444223e+02 8.853775607441e+06 2.631634547779e-01
2.934337050590e-01 3.557157041098e+02 1.564552573285e+02 8.707297061102e+06 2.649945845062e-01
2.954841969434e-01 3.521739394888e+02 1.559342635223e+02 8.563283502851e+06 2.668367346708e-01
2.975490175055e-01 3.486684625128e+02 1.554151566534e+02 8.421693036572e+06 2.686899558727e-01
2.996282668728e-01 3.451988979794e+02 1.548979303943e+02 8.282484482534e+06 2.705542988225e-01
3.017220458728e-01 3.417648745787e+02 1.543825784399e+02 8.145617365093e+06 2.724298143404e-01
3.038304560375e-01 3.383660248530e+02 1.538690945073e+02 8.011051900610e+06 2.743165533552e-01
3.059535996082e-01 3.350019851565e+02 1.533574723361e+02 7.878748985578e+06 2.762145669049e-01
3.080915795409e-01 3.316723956160e+02 1.528477056882e+02 7.748670184949e+06 2.781239061355e-01
3.102444995109e-01 3.283769000916e+02 1.523397883473e+02 7.620777720666e+06 2.800446223014e-01
3.124124639181e-01 3.251151461377e+02 1.518337141195e+02 7.495034460386e+06 2.819767667644e-01
3.145955778917e-01 3.218867849652e+02 1.513294768328e+02 7.371403906408e+06 2.839203909943e-01
3.167939472958e-01 3.186914714030e+02 1.508270703370e+02 7.249850184777e+06 2.858755465676e-01
3.190076787341e-01 3.155288638606e+02 1.503264885039e+02 7.130338034588e+06 2.878422851682e-01
3.212368795553e-01 3.123986242909e+02 1.498277252269e+02 7.012832797468e+06 2.898206585866e-01
3.234816578584e-01 3.093004181537e+02 1.493307744213e+02 6.897300407235e+06 2.918107187195e-01
3.257421224974e-01 3.062339143786e+02 1.488356300238e+02 6.783707379748e+06 2.938125175701e-01
3.280183830873e-01 3.031987853297e+02 1.483422859927e+02 6.672020802915e+06 2.958261072477e-01
3.303105500090e-01 3.001947067694e+02 1.478507363077e+02 6.562208326885e+06 2.978515399672e-01
3.326187344147e-01 2.972213578235e+02 1.473609749699e+02 6.454238154405e+06 2.998888680491e-01
3.349430482333e-01 2.942784209461e+02 1.468729960018e+02 6.348079031340e+06 3.019381439195e-01
3.372836041759e-01 2.913655818847e+02 1.463867934469e+02 6.243700237357e+06 3.039994201098e-01
3.396405157412e-01 2.884825296468e+02 1.459023613702e+02 6.141071576777e+06 3.060727492564e-01
3.420138972210e-01 2.856289564652e+02 1.454196938573e+02 6.040163369569e+06 3.081581841007e-01
3.444038637058e-01 2.828045577651e+02 1.449387850152e+02 5.940946442515e+06 3.102557774890e-01
3.468105310903e-01 2.800090321306e+02 1.444596289716e+02 5.843392120514e+06 3.123655823723e-01
3.492340160791e-01 2.772420812721e+02 1.439822198752e+02 5.747472218046e+06 3.144876518065e-01
3.516744361923e-01 2.745034099937e+02 1.435065518952e+02 5.653159030773e+06 3.166220389518e-01
3.541319097712e-01 2.717927261612e+02 1.430326192218e+02 5.560425327291e+06 3.187687970732e-01
3.566065559842e-01 2.691097406703e+02 1.425604160657e+02 5.469244341022e+06 3.209279795400e-01
3.590984948323e-01 2.664541674148e+02 1.420899366581e+02 5.379589762245e+06 3.230996398262e-01
3.616078471550e-01 2.638257232561e+02 1.416211752507e+02 5.291435730266e+06 3.252838315101e-01
3.641347346363e-01 2.612241279918e+02 1.411541261157e+02 5.204756825716e+06 3.274806082745e-01
3.666792798107e-01 2.586491043254e+02 1.406887835455e+02 5.119528062993e+06 3.296900239071e-01
3.692416060686e-01 2.561003778364e+02 1.402251418527e+02 5.035724882818e+06 3.319121322997e-01
3.718218376628e-01 2.535776769499e+02 1.397631953703e+02 4.953323144939e+06 3.341469874491e-01
3.744200997146e-01 2.510807329076e+02 1.393029384512e+02 4.872299120939e+06 3.363946434569e-01
3.770365182193e-01 2.486092797382e+02 1.388443654686e+02 4.792629487186e+06 3.386551545295e-01
3.796712200528e-01 2.461630542285e+02 1.383874708152e+02 4.714291317889e+06 3.409285749783e-01
3.823243329775e-01 2.437417958949e+02 1.379322489042e+02 4.637262078289e+06 3.432149592200e-01
3.849959856488e-01 2.413452469550e+02 1.374786941681e+02 4.561519617950e+06 3.455143617767e-01
3.876863076210e-01 2.389731522994e+02 1.370268010594e+02 4.487042164179e+06 3.478268372763e-01
3.903954293536e-01 2.366252594642e+02 1.365765640502e+02 4.413808315551e+06 3.501524404521e-01
3.931234822180e-01 2.343013186034e+02 1.361279776322e+02 4.341797035552e+06 3.524912261441e-01
3.958705985034e-01 2.320010824616e+02 1.356810363168e+02 4.270987646322e+06 3.548432492982e-01
3.986369114235e-01 2.297243063473e+02 1.352357346347e+02 4.201359822516e+06 3.572085649675e-01
4.014225551229e-01 2.274707481062e+02 1.347920671360e+02 4.132893585261e+06 3.595872283117e-01
4.042276646836e-01 2.252401680948e+02 1.343500283901e+02 4.065569296224e+06 3.619792945984e-01
4.070523761315e-01 2.230323291545e+02 1.339096129858e+02 3.999367651778e+06 3.643848192028e-01
4.098968264430e-01 2.208469965855e+02 1.334708155309e+02 3.934269677269e+06 3.668038576083e-01
4.127611535519e-01 2.186839381215e+02 1.330336306524e+02 3.870256721383e+06 3.692364654073e-01
4.156454963556e-01 2.165429239046e+02 1.325980529965e+02 3.807310450606e+06 3.716826983011e-01
4.185499947222e-01 2.144237264598e+02 1.321640772281e+02 3.745412843786e+06 3.741426121010e-01
4.214747894973e-01 2.123261206706e+02 1.317316980311e+02 3.684546186779e+06 3.766162627284e-01
4.244200225105e-01 2.102498837545e+02 1.313009101084e+02 3.624693067195e+06 3.791037062158e-01
4.273858365827e-01 2.081947952387e+02 1.308717081814e+02 3.565836369231e+06 3.816049987068e-01
4.303723755328e-01 2.061606369360e+02 1.304440869904e+02 3.507959268594e+06 3.841201964575e-01
4.333797841845e-01 2.041471929214e+02 1.300180412942e+02 3.451045227509e+06 3.866493558365e-01
4.364082083737e-01 2.021542495082e+02 1.295935658704e+02 3.395077989811e+06 3.891925333261e-01
4.394577949553e-01 2.001815952252e+02 1.291706555148e+02 3.340041576132e+06 3.917497855229e-01
4.425286918105e-01 1.982290207932e+02 1.287493050417e+02 3.285920279156e+06 3.943211691383e-01
4.456210478539e-01 1.962963191026e+02 1.283295092840e+02 3.232698658965e+06 3.969067409997e-01
4.487350130405e-01 1.943832851910e+02 1.279112630925e+02 3.180361538461e+06 3.995065580515e-01
4.518707383734e-01 1.924897162204e+02 1.274945613366e+02 3.128893998872e+06 4.021206773552e-01
4.550283759108e-01 1.906154114554e+02 1.270793989036e+02 3.078281375326e+06 4.047491560913e-01
4.582080787734e-01 1.887601722417e+02 1.266657706990e+02 3.028509252509e+06 4.073920515596e-01
4.614100011521e-01 1.869238019840e+02 1.262536716463e+02 2.979563460394e+06 4.100494211806e-01
4.646342983150e-01 1.851061061247e+02 1.258430966869e+02 2.931430070045e+06 4.127213224962e-01
4.678811266155e-01 1.833068921230e+02 1.254340407803e+02 2.884095389489e+06 4.154078131712e-01
4.711506434993e-01 1.815259694338e+02 1.250264989037e+02 2.837545959665e+06 4.181089509942e-01
4.744430075126e-01 1.797631494871e+02 1.246204660519e+02 2.791768550440e+06 4.208247938786e-01
4.777583783093e-01 1.780182456672e+02 1.242159372376e+02 2.746750156689e+06 4.235553998645e-01
4.810969166589e-01 1.762910732927e+02 1.238129074911e+02 2.702477994450e+06 4.263008271190e-01
4.844587844546e-01 1.745814495963e+02 1.234113718602e+02 2.658939497140e+06 4.290611339384e-01
4.878441447207e-01 1.728891937049e+02 1.230113254102e+02 2.616122311834e+06 4.318363787491e-01
4.912531616208e-01 1.712141266201e+02 1.226127632240e+02 2.574014295616e+06 4.346266201090e-01
4.946860004655e-01 1.695560711985e+02 1.222156804016e+02 2.532603511985e+06 4.374319167093e-01
4.981428277208e-01 1.679148521327e+02 1.218200720604e+02 2.491878227326e+06 4.402523273753e-01
5.016238110158e-01 1.662902959319e+02 1.214259333352e+02 2.451826907439e+06 4.430879110690e-01
5.051291191511e-01 1.646822309034e+02 1.210332593778e+02 2.412438214132e+06 4.459387268897e-01
5.086589221067e-01 1.630904871338e+02 1.206420453572e+02 2.373701001868e+06 4.488048340761e-01
5.122133910505e-01 1.615148964704e+02 1.202522864593e+02 2.335604314471e+06 4.516862920083e-01
5.157926983465e-01 1.599552925029e+02 1.198639778872e+02 2.298137381894e+06 4.545831602089e-01
5.193970175633e-01 1.584115105458e+02 1.194771148607e+02 2.261289617029e+06 4.574954983452e-01
5.230265234821e-01 1.568833876197e+02 1.190916926167e+02 2.225050612587e+06 4.604233662312e-01
5.266813921056e-01 1.553707624344e+02 1.187077064087e+02 2.189410138022e+06 4.633668238291e-01
5.303618006666e-01 1.538734753708e+02 1.183251515069e+02 2.154358136510e+06 4.663259312516e-01
5.340679276360e-01 1.523913684636e+02 1.179440231984e+02 2.119884721981e+06 4.693007487639e-01
5.377999527321e-01 1.509242853845e+02 1.175643167867e+02 2.085980176202e+06 4.722913367855e-01
5.415580569290e-01 1.494720714249e+02 1.171860275919e+02 2.052634945907e+06 4.752977558929e-01
5.453424224655e-01 1.480345734790e+02 1.168091509505e+02 2.019839639983e+06 4.783200668213e-01
5.491532328536e-01 1.466116400276e+02 1.164336822156e+02 1.987585026692e+06 4.813583304669e-01
5.529906728881e-01 1.452031211211e+02 1.160596167565e+02 1.955862030956e+06 4.844126078896e-01
5.568549286547e-01 1.438088683636e+02 1.156869499589e+02 1.924661731677e+06 4.874829603151e-01
5.607461875397e-01 1.424287348966e+02 1.153156772245e+02 1.893975359108e+06 4.905694491373e-01
5.646646382389e-01 1.410625753829e+02 1.149457939716e+02 1.863794292268e+06 4.936721359211e-01
5.686104707665e-01 1.397102459912e+02 1.145772956341e+02 1.834110056401e+06 4.967910824045e-01
5.725838764645e-01 1.383716043802e+02 1.142101776623e+02 1.804914320479e+06 4.999263505020e-01
5.765850480122e-01 1.370465096831e+02 1.138444355223e+02 1.776198894747e+06 5.030780023063e-01
5.806141794352e-01 1.357348224923e+02 1.134800646964e+02 1.747955728313e+06 5.062461000921e-01
5.846714661148e-01 1.344364048446e+02 1.131170606823e+02 1.720176906774e+06 5.094307063183e-01
5.887571047979e-01 1.331511202056e+02 1.127554189939e+02 1.692854649890e+06 5.126318836309e-01
5.928712936059e-01 1.318788334553e+02 1.123951351607e+02 1.665981309290e+06 5.158496948663e-01
5.970142320450e-01 1.306194108735e+02 1.120362047278e+02 1.639549366221e+06 5.190842030544e-01
6.011861210154e-01 1.293727201250e+02 1.116786232561e+02 1.613551429339e+06 5.223354714213e-01
6.053871628211e-01 1.281386302450e+02 1.113223863220e+02 1.587980232532e+06 5.256035633928e-01
6.096175611798e-01 1.269170116257e+02 1.109674895172e+02 1.562828632784e+06 5.288885425975e-01
6.138775212329e-01 1.257077360013e+02 1.106139284491e+02 1.538089608072e+06 5.321904728705e-01
6.181672495551e-01 1.245106764346e+02 1.102616987403e+02 1.513756255305e+06 5.355094182564e-01
6.224869541649e-01 1.233257073032e+02 1.099107960289e+02 1.489821788293e+06 5.388454430128e-01
6.268368445341e-01 1.221527042856e+02 1.095612159682e+02 1.466279535752e+06 5.421986116144e-01
6.312171315986e-01 1.209915443477e+02 1.092129542266e+02 1.443122939344e+06 5.455689887560e-01
6.356280277680e-01 1.198421057299e+02 1.088660064876e+02 1.420345551754e+06 5.489566393565e-01
6.400697469365e-01 1.187042679333e+02 1.085203684501e+02 1.397941034790e+06 5.523616285630e-01
6.445425044926e-01 1.175779117069e+02 1.081760358277e+02 1.375903157527e+06 5.557840217540e-01
6.490465173303e-01 1.164629190346e+02 1.078330043491e+02 1.354225794476e+06 5.592238845441e-01
6.535820038590e-01 1.153591731224e+02 1.074912697579e+02 1.332902923785e+06 5.626812827876e-01
6.581491840145e-01 1.142665583857e+02 1.071508278126e+02 1.311928625474e+06 5.661562825827e-01
6.627482792693e-01 1.131849604369e+02 1.068116742864e+02 1.291297079697e+06 5.696489502760e-01
6.673795126437e-01 1.121142660724e+02 1.064738049672e+02 1.271002565035e+06 5.731593524663e-01
6.720431087163e-01 1.110543632612e+02 1.061372156577e+02 1.251039456818e+06 5.766875560094e-01
6.767392936351e-01 1.100051411320e+02 1.058019021752e+02 1.231402225477e+06 5.802336280226e-01
6.814682951285e-01 1.089664899615e+02 1.054678603514e+02 1.212085434921e+06 5.837976358890e-01
6.862303425162e-01 1.079383011624e+02 1.051350860328e+02 1.193083740946e+06 5.873796472623e-01
6.910256667202e-01 1.069204672718e+02 1.048035750800e+02 1.174391889669e+06 5.909797300716e-01
6.958545002764e-01 1.059128819390e+02 1.044733233683e+02 1.156004715987e+06 5.945979525261e-01
7.007170773455e-01 1.049154399145e+02 1.041443267871e+02 1.137917142066e+06 5.982343831201e-01
7.056136337246e-01 1.039280370385e+02 1.038165812402e+02 1.120124175855e+06 6.018890906382e-01
7.105444068584e-01 1.029505702294e+02 1.034900826455e+02 1.102620909624e+06 6.055621441602e-01
7.155096358510e-01 1.019829374726e+02 1.031648269352e+02 1.085402518527e+06 6.092536130662e-01
7.205095614772e-01 1.010250378095e+02 1.028408100556e+02 1.068464259189e+06 6.129635670423e-01
7.255444261944e-01 1.000767713267e+02 1.025180279669e+02 1.051801468324e+06 6.166920760858e-01
7.306144741542e-01 9.913803914483e+01 1.021964766434e+02 1.035409561366e+06 6.204392105105e-01
7.357199512144e-01 9.820874340819e+01 1.018761520733e+02 1.019284031128e+06 6.242050409527e-01
7.408611049507e-01 9.728878727380e+01 1.015570502588e+02 1.003420446490e+06 6.279896383766e-01
7.460381846691e-01 9.637807490104e+01 1.012391672156e+02 9.878144510996e+05 6.317930740804e-01
7.512514414175e-01 9.547651144124e+01 1.009224989736e+02 9.724617621008e+05 6.356154197020e-01
7.565011279982e-01 9.458400302738e+01 1.006070415760e+02 9.573581688824e+05 6.394567472248e-01
7.617874989799e-01 9.370045676391e+01 1.002927910800e+02 9.424995318492e+05 6.433171289843e-01
7.671108107105e-01 9.282578071663e+01 9.997974355620e+01 9.278817812128e+05 6.471966376742e-01
7.724713213289e-01 9.195988390276e+01 9.966789508875e+01 9.135009158045e+05 6.510953463524e-01
7.778692907782e-01 9.110267628104e+01 9.935724177536e+01 8.993530019069e+05 6.550133284477e-01
7.833049808178e-01 9.025406874199e+01 9.904777972713e+01 8.854341721074e+05 6.589506577665e-01
7.887786550361e-01 8.941397309820e+01 9.873950506857e+01 8.717406241694e+05 6.629074084990e-01
7.942905788636e-01 8.858230207478e+01 9.843241393750e+01 8.582686199241e+05 6.668836552264e-01
7.998410195857e-01 8.775896929991e+01 9.812650248499e+01 8.450144841810e+05 6.708794729276e-01
8.054302463555e-01 8.694388929543e+01 9.782176687536e+01 8.319746036566e+05 6.748949369861e-01
8.110585302067e-01 8.613697746760e+01 9.751820328607e+01 8.191454259219e+05 6.789301231973e-01
8.167261440673e-01 8.533815009793e+01 9.721580790769e+01 8.065234583676e+05 6.829851077755e-01
8.224333627722e-01 8.454732433404e+01 9.691457694385e+01 7.941052671873e+05 6.870599673616e-01
8.281804630771e-01 8.376441818075e+01 9.661450661117e+01 7.818874763778e+05 6.911547790298e-01
8.339677236715e-01 8.298935049112e+01 9.631559313921e+01 7.698667667564e+05 6.952696202963e-01
8.397954251923e-01 8.222204095771e+01 9.601783277045e+01 7.580398749956e+05 6.994045691258e-01
8.456638502375e-01 8.146241010380e+01 9.572122176016e+01 7.464035926738e+05 7.035597039401e-01
8.515732833801e-01 8.071037927482e+01 9.542575637644e+01 7.349547653421e+05 7.077351036257e-01
8.575240111814e-01 7.996587062983e+01 9.513143290010e+01 7.236902916075e+05 7.119308475421e-01
8.635163222052e-01 7.922880713302e+01 9.483824762461e+01 7.126071222315e+05 7.161470155294e-01
8.695505070320e-01 7.849911254541e+01 9.454619685609e+01 7.017022592444e+05 7.203836879174e-01
8.756268582724e-01 7.777671141655e+01 9.425527691323e+01 6.909727550740e+05 7.246409455332e-01
8.817456705823e-01 7.706152907637e+01 9.396548412722e+01 6.804157116902e+05 7.289188697104e-01
8.879072406761e-01 7.635349162706e+01 9.367681484173e+01 6.700282797637e+05 7.332175422973e-01
8.941118673420e-01 7.565252593504e+01 9.338926541283e+01 6.598076578386e+05 7.375370456661e-01
9.003598514560e-01 7.495855962309e+01 9.310283220896e+01 6.497510915203e+05 7.418774627215e-01
9.066514959965e-01 7.427152106245e+01 9.281751161087e+01 6.398558726761e+05 7.462388769097e-01
9.129871060592e-01 7.359133936506e+01 9.253330001155e+01 6.301193386504e+05 7.506213722279e-01
9.193669888717e-01 7.291794437589e+01 9.225019381620e+01 6.205388714924e+05 7.550250332336e-01
9.257914538086e-01 7.225126666536e+01 9.196818944217e+01 6.111118971978e+05 7.594499450535e-01
9.322608124063e-01 7.159123752175e+01 9.168728331892e+01 6.018358849633e+05 7.638961933939e-01
9.387753783781e-01 7.093778894381e+01 9.140747188795e+01 5.927083464531e+05 7.683638645497e-01
9.453354676297e-01 7.029085363336e+01 9.112875160273e+01 5.837268350790e+05 7.728530454146e-01
9.519413982743e-01 6.965036498800e+01 9.085111892872e+01 5.748889452921e+05 7.773638234911e-01
9.585934906479e-01 6.901625709389e+01 9.057457034323e+01 5.661923118868e+05 7.818962869005e-01
9.652920673250e-01 6.838846471863e+01 9.029910233543e+01 5.576346093164e+05 7.864505243931e-01
9.720374531344e-01 6.776692330417e+01 9.002471140628e+01 5.492135510212e+05 7.910266253587e-01
9.788299751747e-01 6.715156895979e+01 8.975139406847e+01 5.409268887671e+05 7.956246798374e-01
9.856699628301e-01 6.654233845525e+01 8.947914684638e+01 5.327724119959e+05 8.002447785297e-01
9.925577477867e-01 6.593916921384e+01 8.920796627604e+01 5.247479471871e+05 8.048870128077e-01
9.994936640483e-01 6.534199930570e+01 8.893784890503e+01 5.168513572296e+05 8.095514747262e-01
1.006478047953e+00 6.475076744104e+01 8.866879129250e+01 5.090805408054e+05 8.142382570333e-01
1.013511238188e+00 6.416541296352e+01 8.840079000906e+01 5.014334317826e+05 8.189474531822e-01
1.020593575809e+00 6.358587584369e+01 8.813384163677e+01 4.939079986194e+05 8.236791573421e-01
1.027725404254e+00 6.301209667249e+01 8.786794276906e+01 4.865022437784e+05 8.284334644104e-01
1.034907069361e+00 6.244401665478e+01 8.760309001070e+01 4.792142031505e+05 8.332104700236e-01
1.042138919384e+00 6.188157760302e+01 8.733927997774e+01 4.720419454888e+05 8.380102705698e-01
1.049421305013e+00 6.132472193092e+01 8.707650929746e+01 4.649835718522e+05 8.428329632001e-01
1.056754579385e+00 6.077339264724e+01 8.681477460833e+01 4.580372150583e+05 8.476786458416e-01
1.064139098107e+00 6.022753334962e+01 8.655407255995e+01 4.512010391460e+05 8.525474172086e-01
1.071575219272e+00 5.968708821842e+01 8.629439981299e+01 4.444732388468e+05 8.574393768160e-01
1.079063303472e+00 5.915200201075e+01 8.603575303916e+01 4.378520390656e+05 8.623546249914e-01
1.086603713821e+00 5.862222005441e+01 8.577812892118e+01 4.313356943698e+05 8.672932628878e-01
1.094196815971e+00 5.809768824206e+01 8.552152415266e+01 4.249224884879e+05 8.722553924970e-01
1.101842978128e+00 5.757835302526e+01 8.526593543812e+01 4.186107338155e+05 8.772411166620e-01
1.109542571070e+00 5.706416140876e+01 8.501135949293e+01 4.123987709311e+05 8.822505390907e-01
1.117295968168e+00 5.655506094471e+01 8.475779304321e+01 4.062849681190e+05 8.872837643693e-01
1.125103545402e+00 5.605099972701e+01 8.450523282585e+01 4.002677209009e+05 8.923408979754e-01
1.132965681377e+00 5.555192638568e+01 8.425367558842e+01 3.943454515753e+05 8.974220462921e-01
1.140882757347e+00 5.505779008129e+01 8.400311808912e+01 3.885166087650e+05 9.025273166219e-01
1.148855157227e+00 5.456854049947e+01 8.375355709676e+01 3.827796669719e+05 9.076568172003e-01
1.156883267616e+00 5.408412784548e+01 8.350498939068e+01 3.771331261398e+05 9.128106572105e-01
1.164967477816e+00 5.360450283878e+01 8.325741176072e+01 3.715755112245e+05 9.179889467972e-01
1.173108179847e+00 5.312961670774e+01 8.301082100717e+01 3.661053717707e+05 9.231917970817e-01
1.181305768471e+00 5.265942118431e+01 8.276521394072e+01 3.607212814974e+05 9.284193201761e-01
1.189560641205e+00 5.219386849888e+01 8.252058738241e+01 3.554218378888e+05 9.336716291984e-01
1.197873198347e+00 5.173291137501e+01 8.227693816357e+01 3.502056617936e+05 9.389488382876e-01
1.206243842992e+00 5.127650302440e+01 8.203426312581e+01 3.450713970297e+05 9.442510626184e-01
1.214672981049e+00 5.082459714177e+01 8.179255912093e+01 3.400177099971e+05 9.495784184171e-01
1.223161021267e+00 5.037714789990e+01 8.155182301090e+01 3.350432892962e+05 9.549310229768e-01
1.231708375249e+00 4.993410994462e+01 8.131205166778e+01 3.301468453533e+05 9.603089946734e-01
1.240315457475e+00 4.949543838995e+01 8.107324197374e+01 3.253271100521e+05 9.657124529809e-01
1.248982685322e+00 4.906108881322e+01 8.083539082093e+01 3.205828363720e+05 9.711415184881e-01
1.257710479082e+00 4.863101725027e+01 8.059849511148e+01 3.159127980315e+05 9.765963129142e-01
1.266499261985e+00 4.820518019070e+01 8.036255175746e+01 3.113157891389e+05 9.820769591258e-01
1.275349460219e+00 4.778353457316e+01 8.012755768079e+01 3.067906238483e+05 9.875835811528e-01
1.284261502949e+00 4.736603778069e+01 7.989350981326e+01 3.023361360215e+05 9.931163042057e-01
1.293235822340e+00 4.695264763613e+01 7.966040509640e+01 2.979511788955e+05 9.986752546922e-01
1.302272853576e+00 4.654332239753e+01 7.942824048151e+01 2.936346247562e+05 1.004260560234e+00
1.311373034882e+00 4.613802075366e+01 7.919701292957e+01 2.893853646171e+05 1.009872349686e+00
1.320536807547e+00 4.573670181955e+01 7.896671941121e+01 2.852023079038e+05 1.015510753149e+00
1.329764615942e+00 4.533932513203e+01 7.873735690665e+01 2.810843821436e+05 1.021175901994e+00
1.339056907544e+00 4.494585064542e+01 7.850892240567e+01 2.770305326605e+05 1.026867928875e+00
1.348414132956e+00 4.455623872712e+01 7.828141290755e+01 2.730397222756e+05 1.032586967748e+00
1.357836745930e+00 4.417045015342e+01 7.805482542105e+01 2.691109310125e+05 1.038333153890e+00
1.367325203390e+00 4.378844610518e+01 7.782915696432e+01 2.652431558070e+05 1.044106623917e+00
1.376879965452e+00 4.341018816368e+01 7.760440456491e+01 2.614354102230e+05 1.049907515804e+00
1.386501495448e+00 4.303563830645e+01 7.738056525966e+01 2.576867241723e+05 1.055735968900e+00
1.396190259946e+00 4.266475890316e+01 7.715763609472e+01 2.539961436396e+05 1.061592123951e+00
1.405946728776e+00 4.229751271159e+01 7.693561412545e+01 2.503627304116e+05 1.067476123116e+00
1.415771375050e+00 4.193386287355e+01 7.671449641643e+01 2.467855618117e+05 1.073388109990e+00
1.425664675188e+00 4.157377291094e+01 7.649428004135e+01 2.432637304381e+05 1.079328229617e+00
1.435627108937e+00 4.121720672178e+01 7.627496208302e+01 2.397963439072e+05 1.085296628519e+00
1.445659159397e+00 4.086412857634e+01 7.605653963329e+01 2.363825246009e+05 1.091293454706e+00
1.455761313045e+00 4.051450311328e+01 7.583900979306e+01 2.330214094184e+05 1.097318857704e+00
1.465934059756e+00 4.016829533578e+01 7.562236967213e+01 2.297121495321e+05 1.103372988569e+00
1.476177892829e+00 3.982547060784e+01 7.540661638929e+01 2.264539101475e+05 1.109455999913e+00
1.486493309009e+00 3.948599465046e+01 7.519174707215e+01 2.232458702678e+05 1.115568045922e+00
1.496880808515e+00 3.914983353801e+01 7.497775885720e+01 2.200872224617e+05 1.121709282374e+00
1.507340895059e+00 3.881695369450e+01 7.476464888968e+01 2.169771726356e+05 1.127879866667e+00
1.517874075873e+00 3.848732189003e+01 7.455241432361e+01 2.139149398096e+05 1.134079957833e+00
1.528480861735e+00 3.816090523712e+01 7.434105232168e+01 2.108997558971e+05 1.140309716563e+00
1.539161766990e+00 3.783767118723e+01 7.413056005526e+01 2.079308654888e+05 1.146569305230e+00
1.549917309579e+00 3.751758752720e+01 7.392093470433e+01 2.050075256392e+05 1.152858887908e+00
1.560748011063e+00 3.720062237581e+01 7.371217345744e+01 2.021290056578e+05 1.159178630394e+00
1.571654396645e+00 3.688674418030e+01 7.350427351167e+01 1.992945869037e+05 1.165528700232e+00
1.582636995201e+00 3.657592171299e+01 7.329723207258e+01 1.965035625826e+05 1.171909266737e+00
1.593696339300e+00 3.626812406792e+01 7.309104635418e+01 1.937552375489e+05 1.178320501012e+00
1.604832965235e+00 3.596332065749e+01 7.288571357888e+01 1.910489281100e+05 1.184762575975e+00
1.616047413045e+00 3.566148120917e+01 7.268123097743e+01 1.883839618341e+05 1.191235666383e+00
1.627340226543e+00 3.536257576224e+01 7.247759578891e+01 1.857596773617e+05 1.197739948853e+00
1.638711953342e+00 3.506657466454e+01 7.227480526068e+01 1.831754242198e+05 1.204275601883e+00
1.650163144883e+00 3.477344856931e+01 7.207285664831e+01 1.806305626394e+05 1.210842805884e+00
1.661694356459e+00 3.448316843197e+01 7.187174721556e+01 1.781244633764e+05 1.217441743193e+00
1.673306147243e+00 3.419570550705e+01 7.167147423436e+01 1.756565075349e+05 1.224072598107e+00
1.684999080318e+00 3.391103134501e+01 7.147203498472e+01 1.732260863945e+05 1.230735556901e+00
1.696773722698e+00 3.362911778928e+01 7.127342675471e+01 1.708326012390e+05 1.237430807855e+00
1.708630645362e+00 3.334993697311e+01 7.107564684043e+01 1.684754631898e+05 1.244158541277e+00
1.720570423279e+00 3.307346131665e+01 7.087869254597e+01 1.661540930405e+05 1.250918949530e+00
1.732593635434e+00 3.279966352393e+01 7.068256118333e+01 1.638679210956e+05 1.257712227058e+00
1.744700864860e+00 3.252851657994e+01 7.048725007243e+01 1.616163870108e+05 1.264538570407e+00
1.756892698662e+00 3.225999374772e+01 7.029275654103e+01 1.593989396372e+05 1.271398178255e+00
1.769169728050e+00 3.199406856546e+01 7.009907792473e+01 1.572150368668e+05 1.278291251435e+00
1.781532548363e+00 3.173071484365e+01 6.990621156687e+01 1.550641454820e+05 1.285217992963e+00
1.793981759102e+00 3.146990666229e+01 6.971415481854e+01 1.529457410064e+05 1.292178608064e+00
1.806517963956e+00 3.121161836806e+01 6.952290503853e+01 1.508593075589e+05 1.299173304197e+00
1.819141770834e+00 3.095582457156e+01 6.933245959327e+01 1.488043377101e+05 1.306202291082e+00
1.831853791892e+00 3.070250014461e+01 6.914281585680e+01 1.467803323412e+05 1.313265780729e+00
1.844654643562e+00 3.045162021748e+01 6.895397121076e+01 1.447868005049e+05 1.320363987463e+00
1.857544946588e+00 3.020316017630e+01 6.876592304428e+01 1.428232592889e+05 1.327497127953e+00
1.870525326047e+00 2.995709566030e+01 6.857866875402e+01 1.408892336821e+05 1.334665421237e+00
1.883596411388e+00 2.971340255930e+01 6.839220574406e+01 1.389842564423e+05 1.341869088753e+00
1.896758836455e+00 2.947205701101e+01 6.820653142593e+01 1.371078679668e+05 1.349108354365e+00
1.910013239523e+00 2.923303539855e+01 6.802164321851e+01 1.352596161648e+05 1.356383444392e+00
1.923360263329e+00 2.899631434783e+01 6.783753854802e+01 1.334390563321e+05 1.363694587636e+00
1.936800555097e+00 2.876187072511e+01 6.765421484797e+01 1.316457510278e+05 1.371042015414e+00
1.950334766578e+00 2.852968163444e+01 6.747166955915e+01 1.298792699534e+05 1.378425961580e+00
1.963963554075e+00 2.829972441522e+01 6.728990012954e+01 1.281391898335e+05 1.385846662562e+00
1.977687578478e+00 2.807197663980e+01 6.710890401432e+01 1.264250942988e+05 1.393304357386e+00
1.991507505295e+00 2.784641611102e+01 6.692867867580e+01 1.247365737712e+05 1.400799287708e+00
2.005424004684e+00 2.762302085981e+01 6.674922158340e+01 1.230732253503e+05 1.408331697845e+00
2.019437751488e+00 2.740176914289e+01 6.657053021362e+01 1.214346527025e+05 1.415901834802e+00
2.033549425263e+00 2.718263944036e+01 6.639260204995e+01 1.198204659513e+05 1.423509948306e+00
2.047759710316e+00 2.696561045345e+01 6.621543458291e+01 1.182302815702e+05 1.431156290834e+00
2.062069295734e+00 2.675066110218e+01 6.603902530995e+01 1.166637222767e+05 1.438841117644e+00
2.076478875421e+00 2.653777052309e+01 6.586337173544e+01 1.151204169285e+05 1.446564686810e+00
2.090989148129e+00 2.632691806706e+01 6.568847137062e+01 1.136000004213e+05 1.454327259248e+00
2.105600817493e+00 2.611808329702e+01 6.551432173359e+01 1.121021135884e+05 1.462129098751e+00
2.120314592065e+00 2.591124598577e+01 6.534092034923e+01 1.106264031020e+05 1.469970472020e+00
2.135131185348e+00 2.570638611383e+01 6.516826474920e+01 1.091725213761e+05 1.477851648697e+00
2.150051315831e+00 2.550348386728e+01 6.499635247190e+01 1.077401264710e+05 1.485772901396e+00
2.165075707025e+00 2.530251963561e+01 6.482518106241e+01 1.063288819993e+05 1.493734505738e+00
2.180205087494e+00 2.510347400961e+01 6.465474807246e+01 1.049384570343e+05 1.501736740379e+00
2.195440190896e+00 2.490632777934e+01 6.448505106043e+01 1.035685260185e+05 1.509779887052e+00
2.210781756014e+00 2.471106193200e+01 6.431608759125e+01 1.022187686749e+05 1.517864230589e+00
2.226230526795e+00 2.451765764992e+01 6.414785523642e+01 1.008888699195e+05 1.525990058966e+00
2.241787252384e+00 2.432609630851e+01 6.398035157396e+01 9.957851977448e+04 1.534157663328e+00
2.257452687159e+00 2.413635947433e+01 6.381357418835e+01 9.828741328409e+04 1.542367338031e+00
2.273227590773e+00 2.394842890302e+01 6.364752067053e+01 9.701525043107e+04 1.550619380668e+00
2.289112728185e+00 2.376228653739e+01 6.348218861785e+01 9.576173605475e+04 1.558914092113e+00
2.305108869701e+00 2.357791450550e+01 6.331757563401e+01 9.452657977060e+04 1.567251776548e+00
2.321216791008e+00 2.339529511868e+01 6.315367932907e+01 9.330949589100e+04 1.575632741504e+00
2.337437273215e+00 2.321441086969e+01 6.299049731939e+01 9.211020334745e+04 1.584057297893e+00
2.353771102889e+00 2.303524443081e+01 6.282802722761e+01 9.092842561402e+04 1.592525760046e+00
2.370219072093e+00 2.285777865198e+01 6.266626668257e+01 8.976389063211e+04 1.601038445750e+00
2.386781978425e+00 2.268199655899e+01 6.250521331936e+01 8.861633073651e+04 1.609595676279e+00
2.403460625056e+00 2.250788135162e+01 6.234486477921e+01 8.748548258262e+04 1.618197776438e+00
2.420255820772e+00 2.233541640184e+01 6.218521870947e+01 8.637108707499e+04 1.626845074597e+00
2.437168380008e+00 2.216458525207e+01 6.202627276363e+01 8.527288929701e+04 1.635537902725e+00
2.454199122891e+00 2.199537161338e+01 6.186802460122e+01 8.419063844178e+04 1.644276596433e+00
2.471348875280e+00 2.182775936372e+01 6.171047188781e+01 8.312408774413e+04 1.653061495008e+00
2.488618468802e+00 2.166173254624e+01 6.155361229497e+01 8.207299441385e+04 1.661892941454e+00
2.506008740900e+00 2.149727536758e+01 6.139744350025e+01 8.103711956998e+04 1.670771282528e+00
2.523520534865e+00 2.133437219611e+01 6.124196318712e+01 8.001622817619e+04 1.679696868779e+00
2.541154699883e+00 2.117300756033e+01 6.108716904496e+01 7.901008897732e+04 1.688670054589e+00
2.558912091073e+00 2.101316614717e+01 6.093305876904e+01 7.801847443691e+04 1.697691198211e+00
2.576793569530e+00 2.085483280038e+01 6.077963006043e+01 7.704116067582e+04 1.706760661809e+00
2.594800002366e+00 2.069799251886e+01 6.062688062605e+01 7.607792741187e+04 1.715878811497e+00
2.612932262753e+00 2.054263045509e+01 6.047480817856e+01 7.512855790049e+04 1.725046017379e+00
2.631191229964e+00 2.038873191354e+01 6.032341043640e+01 7.419283887639e+04 1.734262653592e+00
2.649577789416e+00 2.023628234907e+01 6.017268512370e+01 7.327056049615e+04 1.743529098346e+00
2.668092832714e+00 2.008526736540e+01 6.002262997027e+01 7.236151628184e+04 1.752845733962e+00
2.686737257693e+00 1.993567271356e+01 5.987324271160e+01 7.146550306555e+04 1.762212946919e+00
2.705511968462e+00 1.978748429033e+01 5.972452108877e+01 7.058232093485e+04 1.771631127889e+00
2.724417875448e+00 1.964068813679e+01 5.957646284846e+01 6.971177317919e+04 1.781100671787e+00
2.743455895440e+00 1.949527043680e+01 5.942906574292e+01 6.885366623715e+04 1.790621977807e+00
2.762626951634e+00 1.935121751549e+01 5.928232752994e+01 6.800780964463e+04 1.800195449466e+00
2.781931973675e+00 1.920851583787e+01 5.913624597277e+01 6.717401598386e+04 1.809821494652e+00
2.801371897708e+00 1.906715200728e+01 5.899081884017e+01 6.635210083333e+04 1.819500525659e+00
2.820947666416e+00 1.892711276407e+01 5.884604390634e+01 6.554188271845e+04 1.829232959239e+00
2.840660229072e+00 1.878838498409e+01 5.870191895086e+01 6.474318306315e+04 1.839019216640e+00
2.860510541580e+00 1.865095567733e+01 5.855844175873e+01 6.395582614222e+04 1.848859723655e+00
2.880499566527e+00 1.851481198654e+01 5.841561012029e+01 6.317963903448e+04 1.858754910661e+00
2.900628273224e+00 1.837994118581e+01 5.827342183121e+01 6.241445157672e+04 1.868705212673e+00
2.920897637756e+00 1.824633067927e+01 5.813187469245e+01 6.166009631840e+04 1.878711069378e+00
2.941308643030e+00 1.811396799968e+01 5.799096651024e+01 6.091640847715e+04 1.888772925191e+00
2.961862278819e+00 1.798284080717e+01 5.785069509606e+01 6.018322589495e+04 1.898891229296e+00
2.982559541814e+00 1.785293688784e+01 5.771105826661e+01 5.946038899511e+04 1.909066435692e+00
3.003401435672e+00 1.772424415253e+01 5.757205384376e+01 5.874774073993e+04 1.919299003243e+00
3.024388971062e+00 1.759675063548e+01 5.743367965454e+01 5.804512658906e+04 1.929589395722e+00
3.045523165714e+00 1.747044449307e+01 5.729593353112e+01 5.735239445858e+04 1.939938081862e+00
3.066805044474e+00 1.734531400256e+01 5.715881331078e+01 5.666939468078e+04 1.950345535399e+00
3.088235639345e+00 1.722134756082e+01 5.702231683586e+01 5.599597996455e+04 1.960812235124e+00
3.109815989545e+00 1.709853368312e+01 5.688644195377e+01 5.533200535646e+04 1.971338664932e+00
3.131547141551e+00 1.697686100187e+01 5.675118651694e+01 5.467732820257e+04 1.981925313868e+00
3.153430149156e+00 1.685631826545e+01 5.661654838279e+01 5.403180811071e+04 1.992572676180e+00
3.175466073514e+00 1.673689433695e+01 5.648252541373e+01 5.339530691358e+04 2.003281251364e+00
3.197655983196e+00 1.661857819305e+01 5.634911547710e+01 5.276768863228e+04 2.014051544219e+00
3.220000954239e+00 1.650135892278e+01 5.621631644517e+01 5.214881944061e+04 2.024884064894e+00
3.242502070200e+00 1.638522572642e+01 5.608412619512e+01 5.153856762987e+04 2.035779328942e+00
3.265160422207e+00 1.627016791430e+01 5.595254260898e+01 5.093680357426e+04 2.046737857368e+00
3.287977109014e+00 1.615617490567e+01 5.582156357363e+01 5.034339969688e+04 2.057760176682e+00
3.310953237052e+00 1.604323622759e+01 5.569118698079e+01 4.975823043631e+04 2.068846818952e+00
3.334089920484e+00 1.593134151379e+01 5.556141072697e+01 4.918117221367e+04 2.079998321855e+00
3.357388281258e+00 1.582048050360e+01 5.543223271345e+01 4.861210340032e+04 2.091215228730e+00
3.380849449163e+00 1.571064304082e+01 5.530365084626e+01 4.805090428607e+04 2.102498088634e+00
3.404474561883e+00 1.560181907266e+01 5.517566303616e+01 4.749745704785e+04 2.113847456391e+00
3.428264765051e+00 1.549399864866e+01 5.504826719861e+01 4.695164571903e+04 2.125263892648e+00
3.452221212307e+00 1.538717191963e+01 5.492146125376e+01 4.641335615914e+04 2.136747963931e+00
3.476345065351e+00 1.528132913662e+01 5.479524312640e+01 4.588247602415e+04 2.148300242698e+00
3.500637494001e+00 1.517646064986e+01 5.466961074596e+01 4.535889473722e+04 2.159921307396e+00
3.525099676252e+00 1.507255690774e+01 5.454456204649e+01 4.484250345994e+04 2.171611742514e+00
3.549732798327e+00 1.496960845580e+01 5.442009496662e+01 4.433319506410e+04 2.183372138642e+00
3.574538054742e+00 1.486760593571e+01 5.429620744955e+01 4.383086410382e+04 2.195203092525e+00
3.599516648357e+00 1.476654008430e+01 5.417289744302e+01 4.333540678823e+04 2.207105207122e+00
3.624669790440e+00 1.466640173255e+01 5.405016289930e+01 4.284672095461e+04 2.219079091662e+00
3.649998700721e+00 1.456718180463e+01 5.392800177515e+01 4.236470604191e+04 2.231125361704e+00
3.675504607455e+00 1.446887131694e+01 5.380641203182e+01 4.188926306477e+04 2.243244639191e+00
3.701188747479e+00 1.437146137712e+01 5.368539163503e+01 4.142029458792e+04 2.255437552513e+00
3.727052366274e+00 1.427494318315e+01 5.356493855490e+01 4.095770470107e+04 2.267704736564e+00
3.753096718024e+00 1.417930802240e+01 5.344505076602e+01 4.050139899415e+04 2.280046832803e+00
3.779323065675e+00 1.408454727069e+01 5.332572624732e+01 4.005128453301e+04 2.292464489313e+00
3.805732681002e+00 1.399065239141e+01 5.320696298216e+01 3.960726983550e+04 2.304958360859e+00
3.832326844665e+00 1.389761493455e+01 5.308875895821e+01 3.916926484794e+04 2.317529108955e+00
3.859106846273e+00 1.380542653587e+01 5.297111216752e+01 3.873718092199e+04 2.330177401920e+00
3.886073984447e+00 1.371407891600e+01 5.285402060643e+01 3.831093079193e+04 2.342903914943e+00
3.913229566883e+00 1.362356387950e+01 5.273748227558e+01 3.789042855226e+04 2.355709330142e+00
3.940574910415e+00 1.353387331409e+01 5.262149517990e+01 3.747558963571e+04 2.368594336630e+00
3.968111341078e+00 1.344499918971e+01 5.250605732857e+01 3.706633079162e+04 2.381559630578e+00
3.995840194175e+00 1.335693355770e+01 5.239116673502e+01 3.666257006465e+04 2.394605915277e+00
4.023762814338e+00 1.326966854996e+01 5.227682141690e+01 3.626422677385e+04 2.407733901202e+00
4.051880555597e+00 1.318319637810e+01 5.216301939606e+01 3.587122149211e+04 2.420944306080e+00
4.080194781442e+00 1.309750933265e+01 5.204975869854e+01 3.548347602590e+04 2.434237854951e+00
4.108706864894e+00 1.301259978219e+01 5.193703735455e+01 3.510091339535e+04 2.447615280236e+00
4.137418188564e+00 1.292846017259e+01 5.182485339846e+01 3.472345781473e+04 2.461077321802e+00
4.166330144729e+00 1.284508302619e+01 5.171320486875e+01 3.435103467315e+04 2.474624727030e+00
4.195444135392e+00 1.276246094100e+01 5.160208980804e+01 3.398357051566e+04 2.488258250881e+00
4.224761572356e+00 1.268058658994e+01 5.149150626304e+01 3.362099302460e+04 2.501978655963e+00
4.254283877286e+00 1.259945272005e+01 5.138145228455e+01 3.326323100133e+04 2.515786712602e+00
4.284012481785e+00 1.251905215171e+01 5.127192592743e+01 3.291021434818e+04 2.529683198905e+00
4.313948827457e+00 1.243937777791e+01 5.116292525058e+01 3.256187405077e+04 2.543668900836e+00
4.344094365982e+00 1.236042256349e+01 5.105444831697e+01 3.221814216056e+04 2.557744612280e+00
4.374450559182e+00 1.228217954438e+01 5.094649319355e+01 3.187895177776e+04 2.571911135116e+00
4.405018879098e+00 1.220464182686e+01 5.083905795129e+01 3.154423703443e+04 2.586169279287e+00
4.435800808053e+00 1.212780258689e+01 5.073214066514e+01 3.121393307795e+04 2.600519862869e+00
4.466797838731e+00 1.205165506931e+01 5.062573941405e+01 3.088797605470e+04 2.614963712147e+00
4.498011474246e+00 1.197619258717e+01 5.051985228088e+01 3.056630309405e+04 2.629501661683e+00
4.529443228215e+00 1.190140852103e+01 5.041447735247e+01 3.024885229254e+04 2.644134554390e+00
4.561094624835e+00 1.182729631823e+01 5.030961271957e+01 2.993556269846e+04 2.658863241607e+00
4.592967198949e+00 1.175384949225e+01 5.020525647686e+01 2.962637429653e+04 2.673688583169e+00
4.625062496129e+00 1.168106162195e+01 5.010140672290e+01 2.932122799292e+04 2.688611447483e+00
4.657382072748e+00 1.160892635098e+01 4.999806156014e+01 2.902006560051e+04 2.703632711605e+00
4.689927496051e+00 1.153743738703e+01 4.989521909491e+01 2.872282982436e+04 2.718753261311e+00
4.722700344239e+00 1.146658850123e+01 4.979287743739e+01 2.842946424745e+04 2.733973991176e+00
4.755702206538e+00 1.139637352745e+01 4.969103470161e+01 2.813991331664e+04 2.749295804647e+00
4.788934683281e+00 1.132678636169e+01 4.958968900543e+01 2.785412232887e+04 2.764719614125e+00
4.822399385984e+00 1.125782096139e+01 4.948883847052e+01 2.757203741757e+04 2.780246341037e+00
4.856097937424e+00 1.118947134482e+01 4.938848122236e+01 2.729360553931e+04 2.795876915916e+00
4.890031971718e+00 1.112173159049e+01 4.928861539024e+01 2.701877446065e+04 2.811612278479e+00
4.924203134402e+00 1.105459583643e+01 4.918923910721e+01 2.674749274524e+04 2.827453377708e+00
4.958613082510e+00 1.098805827968e+01 4.909035051009e+01 2.647970974108e+04 2.843401171925e+00
4.993263484655e+00 1.092211317559e+01 4.899194773946e+01 2.621537556808e+04 2.859456628878e+00
5.028156021114e+00 1.085675483728e+01 4.889402893966e+01 2.595444110566e+04 2.875620725814e+00
5.063292383900e+00 1.079197763503e+01 4.879659225873e+01 2.569685798077e+04 2.891894449568e+00
5.098674276854e+00 1.072777599564e+01 4.869963584846e+01 2.544257855591e+04 2.908278796637e+00
5.134303415721e+00 1.066414440193e+01 4.860315786434e+01 2.519155591747e+04 2.924774773268e+00
5.170181528236e+00 1.060107739206e+01 4.850715646556e+01 2.494374386420e+04 2.941383395538e+00
5.206310354208e+00 1.053856955906e+01 4.841162981500e+01 2.469909689591e+04 2.958105689435e+00
5.242691645604e+00 1.047661555018e+01 4.831657607922e+01 2.445757020231e+04 2.974942690947e+00
5.279327166630e+00 1.041521006639e+01 4.822199342843e+01 2.421911965206e+04 2.991895446142e+00
5.316218693825e+00 1.035434786175e+01 4.812788003652e+01 2.398370178202e+04 3.008965011252e+00
5.353368016140e+00 1.029402374296e+01 4.803423408102e+01 2.375127378661e+04 3.026152452762e+00
5.390776935027e+00 1.023423256873e+01 4.794105374309e+01 2.352179350743e+04 3.043458847494e+00
5.428447264527e+00 1.017496924928e+01 4.784833720753e+01 2.329521942297e+04 3.060885282690e+00
5.466380831355e+00 1.011622874579e+01 4.775608266274e+01 2.307151063853e+04 3.078432856105e+00
5.504579474996e+00 1.005800606991e+01 4.766428830074e+01 2.285062687630e+04 3.096102676089e+00
5.543045047784e+00 1.000029628319e+01 4.757295231714e+01 2.263252846560e+04 3.113895861676e+00
5.581779415000e+00 9.943094496592e+00 4.748207291115e+01 2.241717633330e+04 3.131813542675e+00
5.620784454958e+00 9.886395869960e+00 4.739164828557e+01 2.220453199432e+04 3.149856859754e+00
5.660062059098e+00 9.830195611540e+00 4.730167664673e+01 2.199455754238e+04 3.168026964534e+00
5.699614132078e+00 9.774488977457e+00 4.721215620458e+01 2.178721564086e+04 3.186325019675e+00
5.739442591865e+00 9.719271271228e+00 4.712308517258e+01 2.158246951379e+04 3.204752198969e+00
5.779549369827e+00 9.664537843273e+00 4.703446176775e+01 2.138028293703e+04 3.223309687428e+00
5.819936410831e+00 9.610284090424e+00 4.694628421066e+01 2.118062022953e+04 3.241998681379e+00
5.860605673333e+00 9.556505455449e+00 4.685855072540e+01 2.098344624481e+04 3.260820388551e+00
5.901559129476e+00 9.503197426575e+00 4.677125953958e+01 2.078872636253e+04 3.279776028171e+00
5.942798765181e+00 9.450355537020e+00 4.668440888433e+01 2.059642648019e+04 3.298866831054e+00
5.984326580249e+00 9.397975364522e+00 4.659799699429e+01 2.040651300500e+04 3.318094039697e+00
6.026144588456e+00 9.346052530885e+00 4.651202210759e+01 2.021895284586e+04 3.337458908374e+00
6.068254817648e+00 9.294582701517e+00 4.642648246586e+01 2.003371340547e+04 3.356962703227e+00
6.110659309843e+00 9.243561584982e+00 4.634137631422e+01 1.985076257258e+04 3.376606702362e+00
6.153360121328e+00 9.192984932554e+00 4.625670190126e+01 1.967006871435e+04 3.396392195944e+00
6.196359322759e+00 9.142848537771e+00 4.617245747904e+01 1.949160066883e+04 3.416320486291e+00
6.239658999262e+00 9.093148236003e+00 4.608864130309e+01 1.931532773761e+04 3.436392887971e+00
6.283261250532e+00 9.043879904012e+00 4.600525163239e+01 1.914121967852e+04 3.456610727897e+00
6.327168190940e+00 8.995039459533e+00 4.592228672940e+01 1.896924669851e+04 3.476975345423e+00
6.371381949629e+00 8.946622860839e+00 4.583974485998e+01 1.879937944658e+04 3.497488092443e+00
6.415904670621e+00 8.898626106330e+00 4.575762429347e+01 1.863158900688e+04 3.518150333483e+00
6.460738512921e+00 8.851045234115e+00 4.567592330262e+01 1.846584689194e+04 3.538963445806e+00
6.505885650620e+00 8.803876321598e+00 4.559464016361e+01 1.830212503589e+04 3.559928819502e+00
6.551348273002e+00 8.757115485075e+00 4.551377315606e+01 1.814039578796e+04 3.581047857592e+00
6.597128584650e+00 8.710758879330e+00 4.543332056297e+01 1.798063190592e+04 3.602321976123e+00
6.643228805551e+00 8.664802697236e+00 4.535328067079e+01 1.782280654977e+04 3.623752604268e+00
6.689651171207e+00 8.619243169362e+00 4.527365176934e+01 1.766689327542e+04 3.645341184424e+00
6.736397932739e+00 8.574076563580e+00 4.519443215185e+01 1.751286602853e+04 3.667089172312e+00
6.783471357001e+00 8.529299184682e+00 4.511562011496e+01 1.736069913845e+04 3.688998037079e+00
6.830873726687e+00 8.484907373995e+00 4.503721395869e+01 1.721036731223e+04 3.711069261390e+00
6.878607340441e+00 8.440897509006e+00 4.495921198641e+01 1.706184562873e+04 3.733304341537e+00
6.926674512972e+00 8.397266002984e+00 4.488161250492e+01 1.691510953287e+04 3.755704787535e+00
6.975077575162e+00 8.354009304611e+00 4.480441382436e+01 1.677013482991e+04 3.778272123220e+00
7.023818874182e+00 8.311123897614e+00 4.472761425825e+01 1.662689767984e+04 3.801007886353e+00
7.072900773605e+00 8.268606300406e+00 4.465121212346e+01 1.648537459193e+04 3.823913628720e+00
7.122325653519e+00 8.226453065721e+00 4.457520574025e+01 1.634554241924e+04 3.846990916231e+00
7.172095910646e+00 8.184660780263e+00 4.449959343218e+01 1.620737835332e+04 3.870241329023e+00
7.222213958454e+00 8.143226064351e+00 4.442437352622e+01 1.607085991895e+04 3.893666461558e+00
7.272682227279e+00 8.102145571574e+00 4.434954435264e+01 1.593596496901e+04 3.917267922727e+00
7.323503164436e+00 8.061415988443e+00 4.427510424508e+01 1.580267167935e+04 3.941047335948e+00
7.374679234346e+00 8.021034034052e+00 4.420105154048e+01 1.567095854383e+04 3.965006339270e+00
7.426212918648e+00 7.980996459740e+00 4.412738457915e+01 1.554080436936e+04 3.989146585471e+00
7.478106716323e+00 7.941300048756e+00 4.405410170471e+01 1.541218827112e+04 4.013469742159e+00
7.530363143815e+00 7.901941615930e+00 4.398120126410e+01 1.528508966774e+04 4.037977491877e+00
7.582984735155e+00 7.862918007343e+00 4.390868160758e+01 1.515948827665e+04 4.062671532195e+00
7.635974042078e+00 7.824226100006e+00 4.383654108874e+01 1.503536410945e+04 4.087553575820e+00
7.689333634151e+00 7.785862801538e+00 4.376477806445e+01 1.491269746738e+04 4.112625350690e+00
7.743066098900e+00 7.747825049849e+00 4.369339089491e+01 1.479146893687e+04 4.137888600074e+00
7.797174041929e+00 7.710109812825e+00 4.362237794362e+01 1.467165938511e+04 4.163345082676e+00
7.851660087050e+00 7.672714088017e+00 4.355173757738e+01 1.455324995577e+04 4.188996572731e+00
7.906526876413e+00 7.635634902337e+00 4.348146816627e+01 1.443622206471e+04 4.214844860105e+00
7.961777070628e+00 7.598869311749e+00 4.341156808367e+01 1.432055739582e+04 4.240891750392e+00
8.017413348899e+00 7.562414400970e+00 4.334203570626e+01 1.420623789689e+04 4.267139065016e+00
8.073438409150e+00 7.526267283171e+00 4.327286941397e+01 1.409324577556e+04 4.293588641326e+00
8.129854968160e+00 7.490425099682e+00 4.320406759005e+01 1.398156349532e+04 4.320242332694e+00
8.186665761692e+00 7.454885019702e+00 4.313562862100e+01 1.387117377160e+04 4.347102008611e+00
8.243873544626e+00 7.419644240004e+00 4.306755089659e+01 1.376205956791e+04 4.374169554787e+00
8.301481091093e+00 7.384699984656e+00 4.299983280986e+01 1.365420409202e+04 4.401446873240e+00
8.359491194609e+00 7.350049504731e+00 4.293247275713e+01 1.354759079224e+04 4.428935882398e+00
8.417906668212e+00 7.315690078035e+00 4.286546913796e+01 1.344220335372e+04 4.456638517187e+00
8.476730344597e+00 7.281619008819e+00 4.279882035517e+01 1.333802569485e+04 4.484556729129e+00
8.535965076252e+00 7.247833627513e+00 4.273252481484e+01 1.323504196368e+04 4.512692486432e+00
8.595613735599e+00 7.214331290451e+00 4.266658092629e+01 1.313323653439e+04 4.541047774083e+00
8.655679215134e+00 7.181109379600e+00 4.260098710209e+01 1.303259400390e+04 4.569624593936e+00
8.716164427564e+00 7.148165302298e+00 4.253574175805e+01 1.293309918842e+04 4.598424964806e+00
8.777072305948e+00 7.115496490987e+00 4.247084331321e+01 1.283473712010e+04 4.627450922554e+00
8.838405803845e+00 7.083100402953e+00 4.240629018985e+01 1.273749304379e+04 4.656704520177e+00
8.900167895449e+00 7.050974520069e+00 4.234208081348e+01 1.264135241376e+04 4.686187827892e+00
8.962361575741e+00 7.019116348538e+00 4.227821361283e+01 1.254630089051e+04 4.715902933222e+00
9.024989860628e+00 6.987523418639e+00 4.221468701985e+01 1.245232433767e+04 4.745851941079e+00
9.088055787094e+00 6.956193284482e+00 4.215149946971e+01 1.235940881887e+04 4.776036973848e+00
9.151562413344e+00 6.925123523751e+00 4.208864940079e+01 1.226754059474e+04 4.806460171466e+00
9.215512818953e+00 6.894311737469e+00 4.202613525467e+01 1.217670611988e+04 4.837123691502e+00
9.279910105018e+00 6.863755549748e+00 4.196395547616e+01 1.208689203995e+04 4.868029709234e+00
9.344757394304e+00 6.833452607550e+00 4.190210851324e+01 1.199808518876e+04 4.899180417726e+00
9.410057831398e+00 6.803400580451e+00 4.184059281710e+01 1.191027258541e+04 4.930578027899e+00
9.475814582862e+00 6.773597160406e+00 4.177940684212e+01 1.182344143150e+04 4.962224768607e+00
9.542030837386e+00 6.744040061512e+00 4.171854904587e+01 1.173757910837e+04 4.994122886704e+00
9.608709805941e+00 6.714727019782e+00 4.165801788908e+01 1.165267317435e+04 5.026274647116e+00
9.675854721937e+00 6.685655792913e+00 4.159781183569e+01 1.156871136212e+04 5.058682332902e+00
9.743468841378e+00 6.656824160062e+00 4.153792935279e+01 1.148568157607e+04 5.091348245319e+00
9.811555443021e+00 6.628229921622e+00 4.147836891064e+01 1.140357188969e+04 5.124274703888e+00
9.880117828535e+00 6.599870899001e+00 4.141912898266e+01 1.132237054303e+04 5.157464046445e+00
9.949159322661e+00 6.571744934401e+00 4.136020804546e+01 1.124206594020e+04 5.190918629204e+00
1.001868327337e+01 6.543849890602e+00 4.130160457874e+01 1.116264664686e+04 5.224640826807e+00
1.008869305204e+01 6.516183650749e+00 4.124331706541e+01 1.108410138785e+04 5.258633032375e+00
1.015919205359e+01 6.488744118136e+00 4.118534399149e+01 1.100641904473e+04 5.292897657558e+00
1.023018369667e+01 6.461529215999e+00 4.112768384613e+01 1.092958865345e+04 5.327437132578e+00
1.030167142382e+01 6.434536887304e+00 4.107033512164e+01 1.085359940204e+04 5.362253906271e+00
1.037365870165e+01 6.407765094544e+00 4.101329631342e+01 1.077844062832e+04 5.397350446126e+00
1.044614902097e+01 6.381211819535e+00 4.095656592002e+01 1.070410181763e+04 5.432729238319e+00
1.051914589700e+01 6.354875063209e+00 4.090014244309e+01 1.063057260064e+04 5.468392787747e+00
1.059265286951e+01 6.328752845422e+00 4.084402438739e+01 1.055784275116e+04 5.504343618053e+00
1.066667350303e+01 6.302843204747e+00 4.078821026078e+01 1.048590218401e+04 5.540584271652e+00
1.074121138697e+01 6.277144198287e+00 4.073269857421e+01 1.041474095288e+04 5.577117309751e+00
1.081627013584e+01 6.251653901473e+00 4.067748784173e+01 1.034434924829e+04 5.613945312364e+00
1.089185338940e+01 6.226370407876e+00 4.062257658046e+01 1.027471739550e+04 5.651070878325e+00
1.096796481285e+01 6.201291829018e+00 4.056796331061e+01 1.020583585253e+04 5.688496625296e+00
1.104460809700e+01 6.176416294180e+00 4.051364655546e+01 1.013769520816e+04 5.726225189767e+00
1.112178695846e+01 6.151741950219e+00 4.045962484132e+01 1.007028617998e+04 5.764259227059e+00
1.119950513979e+01 6.127266961380e+00 4.040589669759e+01 1.000359961248e+04 5.802601411312e+00
1.127776640972e+01 6.102989509119e+00 4.035246065670e+01 9.937626475130e+03 5.841254435480e+00
1.135657456331e+01 6.078907791914e+00 4.029931525413e+01 9.872357860557e+03 5.880221011305e+00
1.143593342214e+01 6.055020025095e+00 4.024645902838e+01 9.807784982674e+03 5.919503869303e+00
1.151584683450e+01 6.031324440659e+00 4.019389052098e+01 9.743899174894e+03 5.959105758733e+00
1.159631867556e+01 6.007819287100e+00 4.014160827647e+01 9.680691888348e+03 5.999029447563e+00
1.167735284758e+01 5.984502829231e+00 4.008961084240e+01 9.618154690135e+03 6.039277722430e+00
1.175895328009e+01 5.961373348018e+00 4.003789676933e+01 9.556279261597e+03 6.079853388595e+00
1.184112393007e+01 5.938429140401e+00 3.998646461079e+01 9.495057396627e+03 6.120759269892e+00
1.192386878215e+01 5.915668519135e+00 3.993531292332e+01 9.434480999995e+03 6.161998208665e+00
1.200719184881e+01 5.893089812616e+00 3.988444026639e+01 9.374542085703e+03 6.203573065708e+00
1.209109717058e+01 5.870691364717e+00 3.983384520248e+01 9.315232775369e+03 6.245486720190e+00
1.217558881620e+01 5.848471534629e+00 3.978352629699e+01 9.256545296631e+03 6.287742069572e+00
1.226067088287e+01 5.826428696693e+00 3.973348211827e+01 9.198471981575e+03 6.330342029525e+00
1.234634749639e+01 5.804561240244e+00 3.968371123762e+01 9.141005265196e+03 6.373289533832e+00
1.243262281141e+01 5.782867569448e+00 3.963421222925e+01 9.084137683867e+03 6.416587534286e+00
1.251950101162e+01 5.761346103151e+00 3.958498367029e+01 9.027861873849e+03 6.460239000576e+00
1.260698630993e+01 5.739995274714e+00 3.953602414076e+01 8.972170569810e+03 6.504246920173e+00
1.269508294869e+01 5.718813531870e+00 3.948733222359e+01 8.917056603374e+03 6.548614298196e+00
1.278379519991e+01 5.697799336563e+00 3.943890650458e+01 8.862512901690e+03 6.593344157278e+00
1.287312736543e+01 5.676951164799e+00 3.939074557240e+01 8.808532486023e+03 6.638439537417e+00
1.296308377716e+01 5.656267506498e+00 3.934284801858e+01 8.755108470370e+03 6.683903495821e+00
1.305366879730e+01 5.635746865344e+00 3.929521243749e+01 8.702234060087e+03 6.729739106745e+00
1.314488681850e+01 5.615387758640e+00 3.924783742635e+01 8.649902550550e+03 6.775949461307e+00
1.323674226414e+01 5.595188717160e+00 3.920072158519e+01 8.598107325828e+03 6.822537667310e+00
1.332923958848e+01 5.575148285009e+00 3.915386351685e+01 8.546841857379e+03 6.869506849039e+00
1.342238327691e+01 5.555265019475e+00 3.910726182696e+01 8.496099702765e+03 6.916860147056e+00
1.351617784619e+01 5.535537490893e+00 3.906091512394e+01 8.445874504384e+03 6.964600717976e+00
1.361062784462e+01 5.515964282504e+00 3.901482201898e+01 8.396159988231e+03 7.012731734243e+00
1.370573785228e+01 5.496543990315e+00 3.896898112603e+01 8.346949962666e+03 7.061256383877e+00
1.380151248128e+01 5.477275222961e+00 3.892339106176e+01 8.298238317203e+03 7.110177870227e+00
1.389795637592e+01 5.458156601574e+00 3.887805044561e+01 8.250019021329e+03 7.159499411696e+00
1.399507421299e+01 5.439186759645e+00 3.883295789968e+01 8.202286123322e+03 7.209224241464e+00
1.409287070194e+01 5.420364342890e+00 3.878811204880e+01 8.155033749104e+03 7.259355607190e+00
1.419135058514e+01 5.401688009120e+00 3.874351152048e+01 8.108256101099e+03 7.309896770705e+00
1.429051863810e+01 5.383156428112e+00 3.869915494488e+01 8.061947457118e+03 7.360851007686e+00
1.439037966969e+01 5.364768281474e+00 3.865504095484e+01 8.016102169251e+03 7.412221607324e+00
1.449093852240e+01 5.346522262524e+00 3.861116818581e+01 7.970714662786e+03 7.464011871966e+00
1.459220007254e+01 5.328417076157e+00 3.856753527586e+01 7.925779435134e+03 7.516225116750e+00
1.469416923050e+01 5.310451438724e+00 3.852414086566e+01 7.881291054781e+03 7.568864669219e+00
1.479685094101e+01 5.292624077904e+00 3.848098359849e+01 7.837244160245e+03 7.621933868924e+00
1.490025018331e+01 5.274933732581e+00 3.843806212017e+01 7.793633459056e+03 7.675436067006e+00
1.500437197147e+01 5.257379152726e+00 3.839537507907e+01 7.750453726748e+03 7.729374625763e+00
1.510922135457e+01 5.239959099269e+00 3.835292112609e+01 7.707699805869e+03 7.783752918198e+00
1.521480341700e+01 5.222672343985e+00 3.831069891466e+01 7.665366605001e+03 7.838574327550e+00
1.532112327867e+01 5.205517669374e+00 3.826870710069e+01 7.623449097801e+03 7.893842246808e+00
1.542818609524e+01 5.188493868540e+00 3.822694434255e+01 7.581942322049e+03 7.949560078206e+00
1.553599705845e+01 5.171599745079e+00 3.818540930108e+01 7.540841378716e+03 8.005731232691e+00
1.564456139627e+01 5.154834112960e+00 3.814410063956e+01 7.500141431045e+03 8.062359129387e+00
1.575388437323e+01 5.138195796413e+00 3.810301702366e+01 7.459837703643e+03 8.119447195022e+00
1.586397129064e+01 5.121683629815e+00 3.806215712146e+01 7.419925481589e+03 8.176998863344e+00
1.597482748686e+01 5.105296457574e+00 3.802151960342e+01 7.380400109553e+03 8.235017574514e+00
1.608645833755e+01 5.089033134027e+00 3.798110314231e+01 7.341256990930e+03 8.293506774475e+00
1.619886925593e+01 5.072892523318e+00 3.794090641327e+01 7.302491586989e+03 8.352469914302e+00
1.631206569306e+01 5.056873499297e+00 3.790092809373e+01 7.264099416026e+03 8.411910449526e+00
1.642605313807e+01 5.040974945411e+00 3.786116686338e+01 7.226076052541e+03 8.471831839436e+00
1.654083711848e+01 5.025195754593e+00 3.782162140421e+01 7.188417126420e+03 8.532237546355e+00
1.665642320040e+01 5.009534829157e+00 3.778229040042e+01 7.151118322126e+03 8.593131034899e+00
1.677281698887e+01 4.993991080695e+00 3.774317253842e+01 7.114175377915e+03 8.654515771198e+00
1.689002412807e+01 4.978563429971e+00 3.770426650681e+01 7.077584085047e+03 8.716395222105e+00
1.700805030163e+01 4.963250806816e+00 3.766557099636e+01 7.041340287022e+03 8.778772854369e+00
1.712690123290e+01 4.948052150030e+00 3.762708469997e+01 7.005439878817e+03 8.841652133788e+00
1.724658268522e+01 4.932966407274e+00 3.758880631264e+01 6.969878806145e+03 8.905036524327e+00
1.736710046222e+01 4.917992534975e+00 3.755073453147e+01 6.934653064712e+03 8.968929487218e+00
1.748846040806e+01 4.903129498223e+00 3.751286805561e+01 6.899758699499e+03 9.033334480020e+00
1.761066840775e+01 4.888376270674e+00 3.747520558625e+01 6.865191804040e+03 9.098254955664e+00
1.773373038742e+01 4.873731834448e+00 3.743774582656e+01 6.830948519722e+03 9.163694361452e+00
1.785765231463e+01 4.859195180039e+00 3.740048748171e+01 6.797025035092e+03 9.229656138039e+00
1.798244019862e+01 4.844765306211e+00 3.736342925881e+01 6.763417585167e+03 9.296143718379e+00
1.810810009063e+01 4.830441219906e+00 3.732656986687e+01 6.730122450768e+03 9.363160526637e+00
1.823463808418e+01 4.816221936151e+00 3.728990801680e+01 6.697135957847e+03 9.430709977072e+00
1.836206031537e+01 4.802106477961e+00 3.725344242137e+01 6.664454476841e+03 9.498795472890e+00
1.849037296320e+01 4.788093876246e+00 3.721717179517e+01 6.632074422020e+03 9.567420405055e+00
1.861958224981e+01 4.774183169722e+00 3.718109485460e+01 6.599992250854e+03 9.636588151073e+00
1.874969444087e+01 4.760373404816e+00 3.714521031780e+01 6.568204463387e+03 9.706302073742e+00
1.888071584578e+01 4.746663635576e+00 3.710951690466e+01 6.536707601615e+03 9.776565519859e+00
1.901265281807e+01 4.733052923583e+00 3.707401333677e+01 6.505498248883e+03 9.847381818902e+00
1.914551175565e+01 4.719540337859e+00 3.703869833737e+01 6.474573029281e+03 9.918754281662e+00
1.927929910114e+01 4.706124954781e+00 3.700357063134e+01 6.443928607054e+03 9.990686198855e+00
1.941402134218e+01 4.692805857992e+00 3.696862894519e+01 6.413561686018e+03 1.006318083968e+01
1.954968501176e+01 4.679582138314e+00 3.693387200693e+01 6.383469008986e+03 1.013624145034e+01
1.968629668849e+01 4.666452893661e+00 3.689929854617e+01 6.353647357200e+03 1.020987125254e+01
1.982386299699e+01 4.653417228955e+00 3.686490729395e+01 6.324093549775e+03 1.028407344193e+01
1.996239060814e+01 4.640474256040e+00 3.683069698281e+01 6.294804443145e+03 1.035885118651e+01
2.010188623945e+01 4.627623093600e+00 3.679666634669e+01 6.265776930525e+03 1.043420762500e+01
2.024235665537e+01 4.614862867070e+00 3.676281412092e+01 6.237007941370e+03 1.051014586516e+01
2.038380866762e+01 4.602192708559e+00 3.672913904217e+01 6.208494440854e+03 1.058666898207e+01
2.052624913552e+01 4.589611756767e+00 3.669563984841e+01 6.180233429344e+03 1.066378001637e+01
2.066968496632e+01 4.577119156898e+00 3.666231527889e+01 6.152221941891e+03 1.074148197248e+01
2.105674578791e+01 4.550585237291e+00 3.655701750433e+01 6.081472776296e+03 1.096647521561e+01
2.143761292854e+01 4.517508834143e+00 3.647525246157e+01 6.010292713679e+03 1.116903762962e+01
2.181828310407e+01 4.485838330689e+00 3.639682732988e+01 5.942520303980e+03 1.137233080129e+01
2.221025219779e+01 4.454788313260e+00 3.631982614792e+01 5.876443889372e+03 1.158300838734e+01
2.261791578538e+01 4.423742769518e+00 3.624273581133e+01 5.810744936101e+03 1.180264518070e+01
2.303844253182e+01 4.392696201896e+00 3.616555143207e+01 5.745414304074e+03 1.202895905097e+01
2.346866481797e+01 4.361911090829e+00 3.608893694258e+01 5.681002598078e+03 1.226018921988e+01
2.390673396068e+01 4.331580663097e+00 3.601338890812e+01 5.617904965624e+03 1.249543618454e+01
2.435208744912e+01 4.301785017861e+00 3.593912483601e+01 5.556274550116e+03 1.273447409857e+01
2.480459658393e+01 4.272537345544e+00 3.586619611940e+01 5.496123783574e+03 1.297721615078e+01
2.526432616879e+01 4.243827963841e+00 3.579459682688e+01 5.437417997651e+03 1.322364868965e+01
2.573136058644e+01 4.215640312590e+00 3.572430332447e+01 5.380109132877e+03 1.347374531554e+01
2.620581619459e+01 4.187956669991e+00 3.565528849262e+01 5.324147628874e+03 1.372749161040e+01
2.668779432401e+01 4.160759386250e+00 3.558752482620e+01 5.269484942106e+03 1.398485409358e+01
2.717741625487e+01 4.134031217413e+00 3.552098529955e+01 5.216074188026e+03 1.424580642341e+01
2.767479522983e+01 4.107755160022e+00 3.545564298897e+01 5.163869773001e+03 1.451030819359e+01
2.818005084876e+01 4.081914793374e+00 3.539147195749e+01 5.112828038737e+03 1.477831630226e+01
2.869330817042e+01 4.056493913926e+00 3.532844637788e+01 5.062906498352e+03 1.504978268923e+01
2.921469008968e+01 4.031476754496e+00 3.526654110748e+01 5.014064236671e+03 1.532464938757e+01
2.974432577216e+01 4.006847938466e+00 3.520573160368e+01 4.966261784079e+03 1.560285414114e+01
3.028234598130e+01 3.982592383847e+00 3.514599371440e+01 4.919460897696e+03 1.588432642022e+01
3.082888402328e+01 3.958695378341e+00 3.508730389005e+01 4.873624676946e+03 1.616898813256e+01
3.138407657559e+01 3.935142525326e+00 3.502963907558e+01 4.828717429520e+03 1.645675373938e+01
3.194806019133e+01 3.911919789064e+00 3.497297684495e+01 4.784704729237e+03 1.674752777803e+01
3.252097437732e+01 3.889013482124e+00 3.491729539199e+01 4.741553363165e+03 1.704120678024e+01
3.310296811205e+01 3.866410060818e+00 3.486257305366e+01 4.699230921206e+03 1.733768260072e+01
3.369419908455e+01 3.844096028450e+00 3.480878810001e+01 4.657705599280e+03 1.763684102373e+01
3.429482433364e+01 3.822058143487e+00 3.475591926118e+01 4.616946572158e+03 1.793855599836e+01
3.490499994152e+01 3.800283580115e+00 3.470394613094e+01 4.576924266473e+03 1.824269012384e+01
3.552488037959e+01 3.778759913080e+00 3.465284914232e+01 4.537610303794e+03 1.854909417411e+01
3.615462304739e+01 3.757475019945e+00 3.460260934596e+01 4.498977295477e+03 1.885760968124e+01
3.679438870121e+01 3.736416981198e+00 3.455320818628e+01 4.460998640064e+03 1.916806865458e+01
3.744434269757e+01 3.715574045793e+00 3.450462743490e+01 4.423648444381e+03 1.948029413826e+01
3.810465443983e+01 3.694934616729e+00 3.445684917129e+01 4.386901482645e+03 1.979409969626e+01
3.877549735256e+01 3.674487256589e+00 3.440985580929e+01 4.350733192026e+03 2.010928939495e+01
3.945704860101e+01 3.654220687506e+00 3.436363010940e+01 4.315119658321e+03 2.042565764087e+01
4.014948907670e+01 3.634123789988e+00 3.431815518714e+01 4.280037599877e+03 2.074298923514e+01
4.085300339434e+01 3.614185597209e+00 3.427341451011e+01 4.245464343950e+03 2.106105945669e+01
4.156777996337e+01 3.594395288121e+00 3.422939189151e+01 4.211377801559e+03 2.137963423180e+01
4.229401107178e+01 3.574742179630e+00 3.418607148093e+01 4.177756441356e+03 2.169847035069e+01
4.303189298662e+01 3.555215718779e+00 3.414343775449e+01 4.144579264142e+03 2.201731574007e+01
4.378162606059e+01 3.535805475094e+00 3.410147550479e+01 4.111825778271e+03 2.233590978587e+01
4.454341484503e+01 3.516501133233e+00 3.406016983103e+01 4.079475976161e+03 2.265398370812e+01
4.531746820786e+01 3.497292485972e+00 3.401950612925e+01 4.047510311935e+03 2.297126098668e+01
4.610399945750e+01 3.478169427536e+00 3.397947008284e+01 4.015909680149e+03 2.328745783852e+01
4.690322647196e+01 3.459121947272e+00 3.394004765331e+01 3.984655395593e+03 2.360228374462e+01
4.771537183361e+01 3.440140123675e+00 3.390122507121e+01 3.953729174138e+03 2.391544202584e+01
4.854066297009e+01 3.421214118764e+00 3.386298882736e+01 3.923113114571e+03 2.422663046543e+01
4.937933230170e+01 3.402334172795e+00 3.382532566430e+01 3.892789681410e+03 2.453554197616e+01
5.023161739425e+01 3.383490599337e+00 3.378822256787e+01 3.862741688655e+03 2.484186530813e+01
5.109776111981e+01 3.364673780689e+00 3.375166675915e+01 3.832952284468e+03 2.514528579508e+01
5.197801182409e+01 3.345874163648e+00 3.371564568646e+01 3.803404936714e+03 2.544548613400e+01
5.287262350076e+01 3.327082255633e+00 3.368014701769e+01 3.774083419390e+03 2.574214719373e+01
5.378185597417e+01 3.308288621170e+00 3.364515863272e+01 3.744971799895e+03 2.603494884802e+01
5.470597508975e+01 3.289483878734e+00 3.361066861611e+01 3.716054427118e+03 2.632357082701e+01
5.564525291313e+01 3.270658697961e+00 3.357666524992e+01 3.687315920336e+03 2.660769358171e+01
5.659996793793e+01 3.251803797224e+00 3.354313700675e+01 3.658741158913e+03 2.688699915512e+01
5.757040530285e+01 3.232909941605e+00 3.351007254286e+01 3.630315272770e+03 2.716117205392e+01
5.855685701937e+01 3.213967941228e+00 3.347746069160e+01 3.602023633625e+03 2.742990011441e+01
5.955962220831e+01 3.194968650008e+00 3.344529045682e+01 3.573851846995e+03 2.769287535543e+01
6.057900734886e+01 3.175902964787e+00 3.341355100658e+01 3.545785744944e+03 2.794979481293e+01
6.161532653757e+01 3.156761824891e+00 3.338223166691e+01 3.517811379582e+03 2.820036134871e+01
6.266890176062e+01 3.137536212099e+00 3.335132191572e+01 3.489915017293e+03 2.844428442800e+01
6.374006317761e+01 3.118217151056e+00 3.332081137689e+01 3.462083133708e+03 2.868128085932e+01
6.482914941945e+01 3.098795710122e+00 3.329068981442e+01 3.434302409414e+03 2.891107549171e+01
6.593650790006e+01 3.079263002677e+00 3.326094712669e+01 3.406559726382e+03 2.913340186380e+01
6.706249514256e+01 3.059610188903e+00 3.323157334095e+01 3.378842165150e+03 2.934800280037e+01
6.820747712156e+01 3.039828478042e+00 3.320255860775e+01 3.351137002723e+03 2.955463095248e+01
6.937182962136e+01 3.019909131153e+00 3.317389319558e+01 3.323431711231e+03 2.975304927766e+01
7.055593861199e+01 2.999843464387e+00 3.314556748558e+01 3.295713957315e+03 2.994303145772e+01
7.176020064299e+01 2.979622852779e+00 3.311757196634e+01 3.267971602273e+03 3.012436225195e+01
7.298502325714e+01 2.959238734598e+00 3.308989722877e+01 3.240192702960e+03 3.029683778483e+01
7.423082542392e+01 2.938682616243e+00 3.306253396109e+01 3.212365513446e+03 3.046026576739e+01
7.549803799525e+01 2.917946077727e+00 3.303547294384e+01 3.184478487447e+03 3.061446565275e+01
7.678710418342e+01 2.897020778746e+00 3.300870504500e+01 3.156520281536e+03 3.075926872656e+01
7.809848006318e+01 2.875898465370e+00 3.298222121519e+01 3.128479759140e+03 3.089451813398e+01
7.943263509980e+01 2.854570977351e+00 3.295601248290e+01 3.100345995332e+03 3.102006884572e+01
8.079005270323e+01 2.833030256089e+00 3.293006994982e+01 3.072108282433e+03 3.113578756546e+01
8.217123081173e+01 2.811268353251e+00 3.290438478613e+01 3.043756136423e+03 3.124155258263e+01
8.357668250484e+01 2.789277440081e+00 3.287894822602e+01 3.015279304186e+03 3.133725357396e+01
8.500693664876e+01 2.767049817404e+00 3.285375156304e+01 2.986667771578e+03 3.142279135835e+01
8.646253857551e+01 2.744577926347e+00 3.282878614570e+01 2.957911772352e+03 3.149807760951e+01
8.794405079844e+01 2.721854359786e+00 3.280404337297e+01 2.929001797917e+03 3.156303453154e+01
8.945205376424e+01 2.698871874553e+00 3.277951468985e+01 2.899928607978e+03 3.161759450206e+01
9.098714664755e+01 2.675623404398e+00 3.275519158305e+01 2.870683242028e+03 3.166169968886e+01
9.254994818672e+01 2.652102073722e+00 3.273106557660e+01 2.841257031713e+03 3.169530164472e+01
9.414109756550e+01 2.628301212106e+00 3.270712822753e+01 2.811641614081e+03 3.171836088605e+01
9.576125534342e+01 2.604214369644e+00 3.268337112161e+01 2.781828945704e+03 3.173084646071e+01
9.741110443678e+01 2.579835333071e+00 3.265978586908e+01 2.751811317685e+03 3.173273550987e+01
9.909135115479e+01 2.555158142726e+00 3.263636410036e+01 2.721581371540e+03 3.172401282928e+01
1.008027262929e+02 2.530177110321e+00 3.261309746188e+01 2.691132115967e+03 3.170467043441e+01
1.025459862885e+02 2.504886837552e+00 3.258997761184e+01 2.660456944468e+03 3.167470713443e+01
1.043219144419e+02 2.479282235526e+00 3.256699621602e+01 2.629549653849e+03 3.163412811899e+01
1.061313222069e+02 2.453358545010e+00 3.254414494357e+01 2.598404463557e+03 3.158294456205e+01
1.079750505560e+02 2.427111357513e+00 3.252141546286e+01 2.567016035854e+03 3.152117324639e+01
1.098539714251e+02 2.400536637157e+00 3.249879943733e+01 2.535379496803e+03 3.144883621224e+01
1.117689892416e+02 2.373630743358e+00 3.247628852125e+01 2.503490458038e+03 3.136596043291e+01
1.137210425435e+02 2.346390454280e+00 3.245387435563e+01 2.471345039298e+03 3.127257752052e+01
1.157111056952e+02 2.318812991036e+00 3.243154856400e+01 2.438939891673e+03 3.116872346378e+01
1.177401907031e+02 2.290896042628e+00 3.240930274831e+01 2.406272221544e+03 3.105443840000e+01
1.198093491442e+02 2.262637791569e+00 3.238712848470e+01 2.373339815155e+03 3.092976642339e+01
1.219196742097e+02 2.234036940161e+00 3.236501731934e+01 2.340141063754e+03 3.079475543037e+01
1.240723028731e+02 2.205092737381e+00 3.234296076428e+01 2.306674989279e+03 3.064945700360e+01
1.262684181942e+02 2.175805006319e+00 3.232095029325e+01 2.272941270476e+03 3.049392633519e+01
1.285092517641e+02 2.146174172100e+00 3.229897733744e+01 2.238940269402e+03 3.032822218958e+01
1.307960863046e+02 2.116201290243e+00 3.227703328131e+01 2.204673058228e+03 3.015240690640e+01
1.331302584311e+02 2.085888075346e+00 3.225510945837e+01 2.170141446229e+03 2.996654644331e+01
1.355131615908e+02 2.055236930051e+00 3.223319714691e+01 2.135348006876e+03 2.977071045830e+01
1.379462491905e+02 2.024250974146e+00 3.221128756578e+01 2.100296104913e+03 2.956497243117e+01
1.404310379253e+02 1.992934073743e+00 3.218937187010e+01 2.064989923289e+03 2.934940982333e+01
1.429691113247e+02 1.961290870378e+00 3.216744114697e+01 2.029434489816e+03 2.912410427480e+01
1.455621235307e+02 1.929326809929e+00 3.214548641111e+01 1.993635703409e+03 2.888914183748e+01
1.482118033264e+02 1.897048171209e+00 3.212349860057e+01 1.957600359753e+03 2.864461324319e+01
1.509199584334e+02 1.864462094057e+00 3.210146857231e+01 1.921336176212e+03 2.839061420478e+01
1.536884800964e+02 1.831576606810e+00 3.207938709783e+01 1.884851815821e+03 2.812724574876e+01
1.565193479806e+02 1.798400652931e+00 3.205724485870e+01 1.848156910154e+03 2.785461457744e+01
1.594146354006e+02 1.764944116637e+00 3.203503244205e+01 1.811262080862e+03 2.757283345824e+01
1.623765149110e+02 1.731217847309e+00 3.201274033611e+01 1.774178959674e+03 2.728202163833e+01
1.654072642827e+02 1.697233682472e+00 3.199035892558e+01 1.736920206611e+03 2.698230528159e+01
1.685092728983e+02 1.663004469109e+00 3.196787848702e+01 1.699499526184e+03 2.667381792571e+01
1.716850485953e+02 1.628544083077e+00 3.194528918411e+01 1.661931681317e+03 2.635670095615e+01
1.749372249962e+02 1.593867446362e+00 3.192258106292e+01 1.624232504718e+03 2.603110409446e+01
1.782685693605e+02 1.558990541895e+00 3.189974404702e+01 1.586418907436e+03 2.569718589729e+01
1.816819910020e+02 1.523930425674e+00 3.187676793251e+01 1.548508884302e+03 2.535511426307e+01
1.851805503163e+02 1.488705235855e+00 3.185364238296e+01 1.510521515953e+03 2.500506694270e+01
1.887674684656e+02 1.453334198554e+00 3.183035692417e+01 1.472476967141e+03 2.464723205044e+01
1.924461377766e+02 1.417837630003e+00 3.180690093880e+01 1.434396481007e+03 2.428180857126e+01
1.962201329041e+02 1.382236934765e+00 3.178326366082e+01 1.396302369003e+03 2.390900686040e+01
2.000932228296e+02 1.346554599661e+00 3.175943416969e+01 1.358217996131e+03 2.352904913110e+01
2.040693837530e+02 1.310814183070e+00 3.173540138435e+01 1.320167761180e+03 2.314216992557e+01
2.081528129616e+02 1.275040299267e+00 3.171115405683e+01 1.282177071644e+03 2.274861656534e+01
2.123479437437e+02 1.239258597445e+00 3.168668076557e+01 1.244272312969e+03 2.234864957520e+01
2.166594614427e+02 1.203495735095e+00 3.166196990826e+01 1.206480811868e+03 2.194254307668e+01
2.210923207370e+02 1.167779345388e+00 3.163700969420e+01 1.168830793347e+03 2.153058514530e+01
2.256517642516e+02 1.132137998231e+00 3.161178813604e+01 1.131351331190e+03 2.111307812655e+01
2.303433426044e+02 1.096601154692e+00 3.158629304085e+01 1.094072291610e+03 2.069033890505e+01
2.351729360082e+02 1.061199114474e+00 3.156051200033e+01 1.057024269845e+03 2.026269912148e+01
2.401467775521e+02 1.025962956161e+00 3.153443238008e+01 1.020238519448e+03 1.983050533131e+01
2.452714782984e+02 9.909244699830e-01 3.150804130761e+01 9.837468741110e+02 1.939411909981e+01
2.505540543382e+02 9.561160828660e-01 3.148132565918e+01 9.475816618826e+02 1.895391702733e+01
2.560019559671e+02 9.215707755867e-01 3.145427204481e+01 9.117756116532e+02 1.851029069899e+01
2.616230991362e+02 8.873219918870e-01 3.142686679158e+01 8.763617518990e+02 1.806364655267e+01
2.674258993697e+02 8.534035394591e-01 3.139909592469e+01 8.413733016835e+02 1.761440565987e+01
2.734193083226e+02 8.198494827605e-01 3.137094514587e+01 8.068435539989e+02 1.716300341285e+01
2.796128531886e+02 7.866940277077e-01 3.134239980883e+01 7.728057516209e+02 1.670988911293e+01
2.860166791563e+02 7.539713983537e-01 3.131344489120e+01 7.392929557148e+02 1.625552545385e+01
2.926415951387e+02 7.217157057513e-01 3.128406496229e+01 7.063379075360e+02 1.580038789514e+01
2.994991229978e+02 6.899608092866e-01 3.125424414616e+01 6.739728836547e+02 1.534496391999e+01
3.066015504933e+02 6.587401708913e-01 3.122396607911e+01 6.422295452638e+02 1.488975217294e+01
3.139619881950e+02 6.280867026306e-01 3.119321386077e+01 6.111387822233e+02 1.443526147304e+01
3.215944305865e+02 5.980326083047e-01 3.116196999783e+01 5.807305526324e+02 1.398200969837e+01
3.295138215948e+02 5.686092198233e-01 3.113021633927e+01 5.510337188428e+02 1.353052253877e+01
3.377361247595e+02 5.398468292551e-01 3.109793400193e+01 5.220758809682e+02 1.308133211397e+01
3.462783982449e+02 5.117745176007e-01 3.106510328494e+01 4.938832090779e+02 1.263497545566e+01
3.551588748679e+02 4.844199814816e-01 3.103170357162e+01 4.664802754041e+02 1.219199285236e+01
3.643970472732e+02 4.578093591113e-01 3.099771321718e+01 4.398898880441e+02 1.175292605772e+01
3.740137583434e+02 4.319670570515e-01 3.096310942050e+01 4.141329277632e+02 1.131831636382e+01
3.840312968522e+02 4.069155794324e-01 3.092786807815e+01 3.892281896500e+02 1.088870254253e+01
3.944734982939e+02 3.826753614549e-01 3.089196361874e+01 3.651922314938e+02 1.046461865994e+01
4.053658506971e+02 3.592646091491e-01 3.085536881576e+01 3.420392308696e+02 1.004659177047e+01
4.167356051068e+02 3.366991474925e-01 3.081805457716e+01 3.197808530118e+02 9.635139499678e+00
4.286118902453e+02 3.149922791021e-01 3.077998970985e+01 2.984261316209e+02 9.230767526990e+00
4.410258306616e+02 2.941546558117e-01 3.074114065811e+01 2.779813647987e+02 8.833966982137e+00
4.540106674446e+02 2.741941655062e-01 3.070147121488e+01 2.584500283116e+02 8.445211772182e+00
4.676018802962e+02 2.551158366042e-01 3.066094220596e+01 2.398327083484e+02 8.064955858785e+00
4.818373094391e+02 2.369217625637e-01 3.061951114796e+01 2.221270558593e+02 7.693630508825e+00
4.967572754845e+02 2.196110487064e-01 3.057713188232e+01 2.053277644245e+02 7.331641544800e+00
5.124046949685e+02 2.031797835226e-01 3.053375418906e+01 1.894265734122e+02 6.979366624855e+00
5.288251888575e+02 1.876210364180e-01 3.048932338646e+01 1.744122979196e+02 6.637152585952e+00
5.460671808374e+02 1.729248835854e-01 3.044377992492e+01 1.602708866722e+02 6.305312886818e+00
5.641819817619e+02 1.590784633317e-01 3.039705898656e+01 1.469855086531e+02 5.984125190725e+00
5.832238561668e+02 1.460660617530e-01 3.034909010539e+01 1.345366687714e+02 5.673829130519e+00
6.032500663338e+02 1.338692291427e-01 3.029979682661e+01 1.229023523500e+02 5.374624300635e+00
6.243208890594e+02 1.224669269262e-01 3.024909642764e+01 1.120581976277e+02 5.086668522015e+00
6.464996000273e+02 1.118357042652e-01 3.019689972749e+01 1.019776948349e+02 4.810076425919e+00
6.698524206328e+02 1.019499027718e-01 3.014311101497e+01 9.263240975004e+01 4.544918401634e+00
6.944484222187e+02 9.278188704091e-02 3.008762812899e+01 8.399222896998e+01 4.291219950189e+00
7.203593830908e+02 8.430229797304e-02 3.003034272685e+01 7.602562348729e+01 4.048961481991e+00
7.476595944025e+02 7.648032514088e-02 2.997114077631e+01 6.869992655514e+01 3.818078589721e+00
7.764256119911e+02 6.928399380946e-02 2.990990330569e+01 6.198162130674e+01 3.598462819616e+00
8.067359527454e+02 6.268046165400e-02 2.984650744184e+01 5.583663317375e+01 3.389962954280e+00
8.386707357721e+02 5.663631979535e-02 2.978082775802e+01 5.023062187357e+01 3.192386807819e+00
8.723112708055e+02 5.111789251036e-02 2.971273794267e+01 4.512926762359e+01 3.005503521231e+00
9.077395985871e+02 4.609152990222e-02 2.964211278547e+01 4.049854631032e+01 2.829046331350e+00
9.450379904937e+02 4.152388795319e-02 2.956883045971e+01 3.630498860568e+01 2.662715772406e+00
9.842884171235e+02 3.738219073385e-02 2.949277505998e+01 3.251591847640e+01 2.506183254916e+00
1.025571997898e+03 3.363447010366e-02 2.941383933355e+01 2.909966716537e+01 2.359094953976e+00
1.068968445639e+03 3.024977898211e-02 2.933192752384e+01 2.602575950559e+01 2.221075928041e+00
1.114555521465e+03 2.719837516771e-02 2.924695822660e+01 2.326507032537e+01 2.091734381454e+00
1.162408516006e+03 2.445187368097e-02 2.915886714679e+01 2.078994966643e+01 1.970665979329e+00
1.212599772809e+03 2.198336665557e-02 2.906760963713e+01 1.857431651635e+01 1.857458122606e+00
1.265198268614e+03 1.976751084603e-02 2.897316290035e+01 1.659372170447e+01 1.751694094220e+00
1.320269263510e+03 1.778058379178e-02 2.887552774635e+01 1.482538146808e+01 1.652956994409e+00
1.377874031061e+03 1.600051054133e-02 2.877472981236e+01 1.324818393299e+01 1.560833393052e+00
1.438069675431e+03 1.440686354922e-02 2.867082017861e+01 1.184267133468e+01 1.474916640202e+00
1.500909038902e+03 1.298083888739e-02 2.856387534107e+01 1.059100121302e+01 1.394809790344e+00
1.566440699482e+03 1.170521225531e-02 2.845399653492e+01 9.476890047909e+00 1.320128111537e+00
1.634709054727e+03 1.056427843065e-02 2.834130843424e+01 8.485542868196e+00 1.250501165965e+00
1.705754484897e+03 9.543777788159e-03 2.822595728345e+01 7.603572281419e+00 1.185574462988e+00
1.779613585791e+03 8.630813358129e-03 2.810810854020e+01 6.818910164471e+00 1.125010698432e+00
1.856319459887e+03 7.813761625418e-03 2.798794412849e+01 6.120714954466e+00 1.068490604777e+00
1.935902053170e+03 7.082179918158e-03 2.786565941168e+01 5.499277114583e+00 1.015713444981e+00
2.018388524554e+03 6.426712837001e-03 2.774145999918e+01 4.945924953377e+00 9.663971885592e-01
2.103803635188e+03 5.838999757194e-03 2.761555849765e+01 4.452932571201e+00 9.202784118687e-01
2.192170145548e+03 5.311585023274e-03 2.748817130888e+01 4.013431316615e+00 8.771119657271e-01
2.283509209502e+03 4.837832068047e-03 2.735951556384e+01 3.621325774250e+00 8.366704528877e-01
2.377840756112e+03 4.411842335857e-03 2.722980626620e+01 3.271214983063e+00 7.987435558087e-01
2.475183851427e+03 4.028379584233e-03 2.709925370200e+01 2.958319307358e+00 7.631372519492e-01
2.575557034391e+03 3.682799880079e-03 2.696806115445e+01 2.678413153031e+00 7.296729500511e-01
2.678978622560e+03 3.370987396466e-03 2.683642294712e+01 2.427763537143e+00 6.981865765680e-01
2.785466984867e+03 3.089295951713e-03 2.670452282385e+01 2.203074377243e+00 6.685276371010e-01
2.895040780069e+03 2.834496108449e-03 2.657253266188e+01 2.001436262440e+00 6.405582734693e-01
3.007719160599e+03 2.603727561996e-03 2.644061150436e+01 1.820281396204e+00 6.141523330540e-01
3.123521942597e+03 2.394456488683e-03 2.630890489138e+01 1.657343355452e+00 5.891944634481e-01
3.242469743576e+03 2.204437490195e-03 2.617754446305e+01 1.510621286598e+00 5.655792422251e-01
3.364584089750e+03 2.031679754623e-03 2.604664780524e+01 1.378348151974e+00 5.432103488688e-01
3.489887495443e+03 1.874417053965e-03 2.591631850690e+01 1.258962645335e+00 5.219997835656e-01
3.618403517289e+03 1.731081207450e-03 2.578664639784e+01 1.151084409252e+00 5.018671356219e-01
3.750156785976e+03 1.600278657191e-03 2.565770793674e+01 1.053492207546e+00 4.827389026875e-01
3.885173018369e+03 1.480769824585e-03 2.552956672081e+01 9.651047298195e-01 4.645478607559e-01
4.023479012764e+03 1.371450940556e-03 2.540227409078e+01 8.849637311414e-01 4.472324839382e-01
4.165102629932e+03 1.271338068657e-03 2.527586980749e+01 8.122192364275e-01 4.307364123197e-01
4.310072762491e+03 1.179553066097e-03 2.515038277889e+01 7.461165652764e-01 4.150079656945e-01
4.458419294877e+03 1.095311253096e-03 2.502583181892e+01 6.859849581647e-01 3.999997006420e-01
4.610173056129e+03 1.017910585053e-03 2.490222642265e+01 6.312276085840e-01 3.856680082102e-01
4.765365767407e+03 9.467221445491e-04 2.477956754417e+01 5.813129276495e-01 3.719727493650e-01
4.924029985946e+03 8.811817909391e-04 2.465784836623e+01 5.357668878274e-01 3.588769253577e-01
5.086199047143e+03 8.207828242192e-04 2.453705505267e+01 4.941663106237e-01 3.463463802074e-01
5.251907006036e+03 7.650695369241e-04 2.441716747658e+01 4.561329794778e-01 3.343495325731e-01
5.421188579468e+03 7.136315431714e-04 2.429815991883e+01 4.213284737414e-01 3.228571344321e-01
5.594079089996e+03 6.660987875996e-04 2.418000173301e+01 3.894496326075e-01 3.118420541062e-01
5.770614412451e+03 6.221371490898e-04 2.406265797409e+01 3.602245693615e-01 3.012790813403e-01
5.950830924028e+03 5.814445648499e-04 2.394608998952e+01 3.334091664355e-01 2.911447522999e-01
6.134765458470e+03 5.437476098868e-04 2.383025597185e+01 3.087839906530e-01 2.814171925073e-01
6.322455265138e+03 5.087984751437e-04 2.371511147351e+01 2.861515758188e-01 2.720759759129e-01
6.513937973312e+03 4.763722948378e-04 2.360060988432e+01 2.653340266202e-01 2.631019984302e-01
6.709251562315e+03 4.462647798656e-04 2.348670287350e+01 2.461709037427e-01 2.544773644339e-01
6.908434337810e+03 4.182901196652e-04 2.337334079796e+01 2.285173552662e-01 2.461852848427e-01
7.111524914657e+03 3.922791197456e-04 2.326047307933e+01 2.122424639157e-01 2.382099855496e-01
7.318562206640e+03 3.680775462936e-04 2.314804855233e+01 1.972277836528e-01 2.305366250819e-01
7.529585423504e+03 3.455446529045e-04 2.303601578730e+01 1.833660424903e-01 2.231512204853e-01
7.744634075496e+03 3.245518676716e-04 2.292432339004e+01 1.705599913757e-01 2.160405805287e-01
7.963747985835e+03 3.049816216292e-04 2.281292028202e+01 1.587213815539e-01 2.091922454282e-01
8.186967311418e+03 2.867263019334e-04 2.270175596419e+01 1.477700550502e-01 2.025944323681e-01
8.414332572213e+03 2.696873152596e-04 2.259078076763e+01 1.376331348506e-01 1.962359861799e-01
8.645884689687e+03 2.537742487068e-04 2.247994609422e+01 1.282443030462e-01 1.901063346100e-01
8.881665034790e+03 2.389041170765e-04 2.236920465053e+01 1.195431566672e-01 1.841954476735e-01
9.121715485973e+03 2.250006867659e-04 2.225851067775e+01 1.114746322103e-01 1.784938006484e-01
9.366078497870e+03 2.119938677088e-04 2.214782018076e+01 1.039884909691e-01 1.729923403163e-01
9.614797181268e+03 1.998191658379e-04 2.203709115880e+01 9.703885824171e-02 1.676824541053e-01
9.867915395040e+03 1.884171894517e-04 2.192628384024e+01 9.058381033514e-02 1.625559418301e-01
1.012547785095e+04 1.777332036528e-04 2.181536092355e+01 8.458500401383e-02 1.576049897668e-01
1.038753023203e+04 1.677167277226e-04 2.170428782617e+01 7.900734368441e-02 1.528221468264e-01
1.065411932565e+04 1.583211708946e-04 2.159303294273e+01 7.381868216635e-02 1.482003026310e-01
1.092529317209e+04 1.495035025184e-04 2.148156791330e+01 6.898955138633e-02 1.437326673163e-01
1.120110122980e+04 1.412239530657e-04 2.136986790218e+01 6.449291976351e-02 1.394127529125e-01
1.148159455851e+04 1.334457428360e-04 2.125791188675e+01 6.030397342598e-02 1.352343561760e-01
1.176682602117e+04 1.261348355729e-04 2.114568295525e+01 5.639991872877e-02 1.311915427648e-01
1.205685050603e+04 1.192597145151e-04 2.103316861191e+01 5.275980383144e-02 1.272786326683e-01
1.235172516993e+04 1.127911786760e-04 2.092036108629e+01 4.936435734625e-02 1.234901868159e-01
1.265150970388e+04 1.067021573907e-04 2.080725764328e+01 4.619584229160e-02 1.198209948064e-01
1.295626662209e+04 1.009675413771e-04 2.069386088885e+01 4.323792378029e-02 1.162660637077e-01
1.326606157519e+04 9.556402874601e-05 2.058017906539e+01 4.047554904622e-02 1.128206078894e-01
1.358096368827e+04 9.046998455976e-05 2.046622632953e+01 3.789483856553e-02 1.094800398609e-01
1.390104592446e+04 8.566531268115e-05 2.035202300368e+01 3.548298716197e-02 1.062399620903e-01
1.422638547383e+04 8.113133878187e-05 2.023759579152e+01 3.322817410581e-02 1.030961597878e-01
1.455706416749e+04 7.685070349231e-05 2.012297794624e+01 3.111948132163e-02 1.000445946371e-01
1.489316891607e+04 7.280726477086e-05 2.000820937921e+01 2.914681891293e-02 9.708139946205e-02
1.523479217106e+04 6.898600865663e-05 1.989333669553e+01 2.730085729483e-02 9.420287380832e-02
1.558203240701e+04 6.537296764283e-05 1.977841314245e+01 2.557296529918e-02 9.140548041978e-02
1.593499462152e+04 6.195514597404e-05 1.966349845570e+01 2.395515368268e-02 8.868584257495e-02
1.629379084940e+04 5.872045122460e-05 1.954865858914e+01 2.244002352622e-02 8.604074224215e-02
1.665854068586e+04 5.565763156377e-05 1.943396531341e+01 2.102071906567e-02 8.346711899047e-02
1.702937181310e+04 5.275621815512e-05 1.931949567058e+01 1.969088454126e-02 8.096206957912e-02
1.740642052305e+04 5.000647217149e-05 1.920533127382e+01 1.844462469332e-02 7.852284812063e-02
1.778983222828e+04 4.739933593912e-05 1.909155744429e+01 1.727646856981e-02 7.614686668954e-02
1.817976195154e+04 4.492638775195e-05 1.897826218142e+01 1.618133634433e-02 7.383169621822e-02
1.857637478399e+04 4.257979992210e-05 1.886553496819e+01 1.515450887290e-02 7.157506749387e-02
1.897984630071e+04 4.035229965773e-05 1.875346541941e+01 1.419159974462e-02 6.937487203863e-02
1.939036292216e+04 3.823713238565e-05 1.864214178883e+01 1.328852960572e-02 6.722916263158e-02
1.980812220926e+04 3.622802716414e-05 1.853164935933e+01 1.244150255832e-02 6.513615320771e-02
2.023333308098e+04 3.431916386294e-05 1.842206874995e+01 1.164698445437e-02 6.309421785833e-02
2.066621594325e+04 3.250514182456e-05 1.831347418303e+01 1.090168292348e-02 6.110188865283e-02
2.110700272003e+04 3.078094976411e-05 1.820593176419e+01 1.020252898913e-02 5.915785201759e-02
2.155593677932e+04 2.914193671333e-05 1.809949783600e+01 9.546660142063e-03 5.726094343611e-02
2.201327274982e+04 2.758378387000e-05 1.799421747268e+01 8.931404752798e-03 5.541014028464e-02
2.247927622791e+04 2.610247727312e-05 1.789012318669e+01 8.354267716653e-03 5.360455268741e-02
2.295422337817e+04 2.469428128760e-05 1.778723391769e+01 7.812917235163e-03 5.184341236346e-02
2.343840043662e+04 2.335571294419e-05 1.768555436947e+01 7.305172646872e-03 5.012605954429e-02
2.393210312960e+04 2.208351723931e-05 1.758507475004e+01 6.828993228522e-03 4.845192815485e-02
2.443563602705e+04 2.087464355004e-05 1.748577095459e+01 6.382467894817e-03 4.682052957260e-02
2.494931185303e+04 1.972622335759e-05 1.738760520977e+01 5.963805730762e-03 4.523143539143e-02
2.547345077956e+04 1.863554949375e-05 1.729052717286e+01 5.571327295904e-03 4.368425971451e-02
2.600837973278e+04 1.760005712646e-05 1.719447545144e+01 5.203456643921e-03 4.217864156997e-02
2.655443174018e+04 1.661730668008e-05 1.709937948135e+01 4.858714004595e-03 4.071422807425e-02
2.711194534651e+04 1.568496884513e-05 1.700516167483e+01 4.535709078238e-03 3.929065895757e-02
2.768126412305e+04 1.480081177143e-05 1.691173973070e+01 4.233134894901e-03 3.790755300563e-02
2.826273628884e+04 1.396269046485e-05 1.681902898587e+01 3.949762192933e-03 3.656449686801e-02
2.885671445651e+04 1.316853832680e-05 1.672694468535e+01 3.684434273396e-03 3.526103654294e-02
2.946355550795e+04 1.241636069414e-05 1.663540405594e+01 3.436062288479e-03 3.399667168109e-02
3.008362059654e+04 1.170423016602e-05 1.654432808816e+01 3.203620924109e-03 3.277085267540e-02
3.071727526673e+04 1.103028344785e-05 1.645364295751e+01 2.986144438978e-03 3.158298033967e-02
3.136488967516e+04 1.039271940758e-05 1.636328104925e+01 2.782723024303e-03 3.043240783619e-02
3.202683889406e+04 9.789798029011e-06 1.627318158391e+01 2.592499451231e-03 2.931844441320e-02
3.270350327536e+04 9.219839959158e-06 1.618329087233e+01 2.414665975366e-03 2.824036045946e-02
3.339526885498e+04 8.681226379156e-06 1.609356225272e+01 2.248461470696e-03 2.719739337789e-02
3.410252777776e+04 8.172398975524e-06 1.600395577855e+01 2.093168768037e-03 2.618875381947e-02
3.482567872741e+04 7.691859843454e-06 1.591443773170e+01 1.948112176053e-03 2.521363189092e-02
3.556512734974e+04 7.238171209274e-06 1.582498003270e+01 1.812655165527e-03 2.427120304083e-02
3.632128666135e+04 6.809954910020e-06 1.573555961015e+01 1.686198200193e-03 2.336063342557e-02
3.709457743952e+04 6.405891609699e-06 1.564615777741e+01 1.568176699781e-03 2.248108464689e-02
3.788542859199e+04 6.024719762366e-06 1.555675964981e+01 1.458059122996e-03 2.163171782725e-02
3.869427750795e+04 5.665234351518e-06 1.546735362118e+01 1.355345159890e-03 2.081169704379e-02
3.952157039192e+04 5.326285445226e-06 1.537793090726e+01 1.259564024677e-03 2.002019217599e-02
4.036776258355e+04 5.006776609040e-06 1.528848515531e+01 1.170272841263e-03 1.925638124028e-02
4.123331886626e+04 4.705663216172e-06 1.519901211414e+01 1.087055114849e-03 1.851945228784e-02
4.211871376732e+04 4.421950689707e-06 1.510950935667e+01 1.009519283797e-03 1.780860493849e-02
4.302443185197e+04 4.154692705472e-06 1.501997604646e+01 9.372973466652e-04 1.712305161409e-02
4.395096801327e+04 3.902989378604e-06 1.493041274037e+01 8.700435599133e-04 1.646201852523e-02
4.489882775999e+04 3.665985451523e-06 1.484082122052e+01 8.074332022132e-04 1.582474645464e-02
4.586852750292e+04 3.442868497074e-06 1.475120435007e+01 7.491614017468e-04 1.521049137238e-02
4.686059484180e+04 3.232867147084e-06 1.466156594843e+01 6.949420231581e-04 1.461852491130e-02
4.787556885307e+04 3.035249354041e-06 1.457191068228e+01 6.445066111111e-04 1.404813472468e-02
4.891400037930e+04 2.849320691714e-06 1.448224396991e+01 5.976033876628e-04 1.349862474456e-02
4.997645232107e+04 2.674422698952e-06 1.439257189651e+01 5.539963008292e-04 1.296931535585e-02
5.106349993193e+04 2.509931269662e-06 1.430290113878e+01 5.134641219038e-04 1.245954349806e-02
5.217573111659e+04 2.355255091194e-06 1.421323889749e+01 4.757995892425e-04 1.196866270508e-02
5.331374673289e+04 2.209834132529e-06 1.412359283688e+01 4.408085963558e-04 1.149604309174e-02
5.447816089814e+04 2.073138183143e-06 1.403397102988e+01 4.083094222583e-04 1.104107129428e-02
5.566960129931e+04 1.944665442964e-06 1.394438190855e+01 3.781320021423e-04 1.060315037104e-02
5.688870950849e+04 1.823941163444e-06 1.385483421897e+01 3.501172365176e-04 1.018169966890e-02
5.813614130298e+04 1.710516339475e-06 1.376533698015e+01 3.241163370510e-04 9.776154659890e-03
5.941256699030e+04 1.603966451687e-06 1.367589944648e+01 2.999902074268e-04 9.385966752182e-03
6.071867173878e+04 1.503890258396e-06 1.358653107350e+01 2.776088576006e-04 9.010603079014e-03
6.205515591339e+04 1.409908636375e-06 1.349724148636e+01 2.568508498985e-04 8.649546268635e-03
6.342273541710e+04 1.321663469499e-06 1.340804045104e+01 2.376027754743e-04 8.302294198187e-03
6.482214203810e+04 1.238816584182e-06 1.331893784757e+01 2.197587596899e-04 7.968359734086e-03
6.625412380235e+04 1.161048730474e-06 1.322994364534e+01 2.032199950486e-04 7.647270460999e-03
6.771944533233e+04 1.088058607541e-06 1.314106788025e+01 1.878943003557e-04 7.338568401289e-03
6.921888821114e+04 1.019561932218e-06 1.305232063409e+01 1.736957048399e-04 7.041809726199e-03
7.075325135325e+04 9.552905493642e-07 1.296371201587e+01 1.605440560104e-04 6.756564460566e-03
7.232335138070e+04 8.949915828139e-07 1.287525214436e+01 1.483646500790e-04 6.482416182985e-03
7.393002300548e+04 8.384266256059e-07 1.278695113151e+01 1.370878838199e-04 6.218961722884e-03
7.557411941765e+04 7.853709679791e-07 1.269881906767e+01 1.266489267835e-04 5.965810854579e-03
7.725651267970e+04 7.356128618669e-07 1.261086600826e+01 1.169874128247e-04 5.722585989740e-03
7.897809412664e+04 6.889528206464e-07 1.252310196097e+01 1.080471499498e-04 5.488921869643e-03
8.073977477152e+04 6.452029527839e-07 1.243553687385e+01 9.977584752641e-05 5.264465257842e-03
8.254248571749e+04 6.041863278383e-07 1.234818062613e+01 9.212485993952e-05 5.048874632446e-03
8.438717857570e+04 5.657363737515e-07 1.226104302053e+01 8.504894581722e-05 4.841819879838e-03
8.627482588880e+04 5.296963043925e-07 1.217413377436e+01 7.850604198846e-05 4.642981992109e-03
8.820642155922e+04 4.959185759669e-07 1.208746251041e+01 7.245705136971e-05 4.452052767742e-03
9.018298128038e+04 4.642643715296e-07 1.200103874118e+01 6.686564401369e-05 4.268734519434e-03
9.220554297273e+04 4.346031108177e-07 1.191487186543e+01 6.169807058885e-05 4.092739777673e-03
9.427516722983e+04 4.068119847449e-07 1.182897117563e+01 5.692298759140e-05 3.923790993272e-03
9.639293776895e+04 3.807755150550e-07 1.174334585541e+01 5.251129362676e-05 3.761620251278e-03
9.855996188598e+04 3.563851373606e-07 1.165800497300e+01 4.843597612668e-05 3.605968992003e-03
1.007773709116e+05 3.335388064347e-07 1.157295746964e+01 4.467196789772e-05 3.456587738946e-03
1.030463206703e+05 3.121406219029e-07 1.148821215635e+01 4.119601292810e-05 3.313235826954e-03
1.053679919330e+05 2.921004753172e-07 1.140377768466e+01 3.798654090820e-05 3.175681147360e-03
1.077435908960e+05 2.733337114362e-07 1.131966260873e+01 3.502354994541e-05 3.043699855902e-03
1.101743496534e+05 2.557608129788e-07 1.123587535671e+01 3.228849698768e-05 2.917076131362e-03
1.126615266637e+05 2.393071017458e-07 1.115242421188e+01 2.976419548709e-05 2.795601932631e-03
1.152064072127e+05 2.239024555720e-07 1.106931730224e+01 2.743471986260e-05 2.679076756254e-03
1.178103038827e+05 2.094810397845e-07 1.098656261684e+01 2.528531634459e-05 2.567307388777e-03
1.204745570508e+05 1.959810523224e-07 1.090416806247e+01 2.330231980681e-05 2.460107651830e-03
1.232005353625e+05 1.833444872275e-07 1.082214141608e+01 2.147307621551e-05 2.357298194559e-03
1.259896361837e+05 1.715169107270e-07 1.074049028158e+01 1.978587034018e-05 2.258706285628e-03
1.288432860521e+05 1.604472479276e-07 1.065922209950e+01 1.822985839198e-05 2.164165589945e-03
1.317629412339e+05 1.500875760634e-07 1.057834435538e+01 1.679500527655e-05 2.073515889676e-03
1.347500880630e+05 1.403929476165e-07 1.049786417760e+01 1.547202617272e-05 1.986603012126e-03
1.378062434786e+05 1.313212004200e-07 1.041778872024e+01 1.425233214332e-05 1.903278502191e-03
1.409329554887e+05 1.228327938154e-07 1.033812503506e+01 1.312797952975e-05 1.823399473507e-03
1.441318034861e+05 1.148906554952e-07 1.025887984315e+01 1.209162287779e-05 1.746828482162e-03
1.474043990248e+05 1.074600145955e-07 1.018006030439e+01 1.113647115609e-05 1.673433128446e-03
1.507523857447e+05 1.005082915362e-07 1.010167267051e+01 1.025624706937e-05 1.603086250524e-03
1.541774400291e+05 9.400493836007e-08 1.002372348000e+01 9.445149227808e-06 1.535665414664e-03
1.576812716471e+05 8.792131726296e-08 9.946219518917e+00 8.697817009854e-06 1.471052778218e-03
1.612656234859e+05 8.223060667575e-08 9.869166532662e+00 8.009297933593e-06 1.409135236453e-03
1.649322729217e+05 7.690764913846e-08 9.792571580559e+00 7.375017342521e-06 1.349803701467e-03
1.686830316641e+05 7.192888600170e-08 9.716440897489e+00 6.790750290061e-06 1.292953468627e-03
1.725197453096e+05 6.727225949833e-08 9.640779662829e+00 6.252595437002e-06 1.238484078915e-03
1.764442948716e+05 6.291708375500e-08 9.565594519808e+00 5.756950820550e-06 1.186298636785e-03
1.804585964124e+05 5.884399392066e-08 9.490891230989e+00 5.300491402988e-06 1.136304182687e-03
1.845646019801e+05 5.503484297942e-08 9.416676293867e+00 4.880148242415e-06 1.088411227934e-03
1.887642984050e+05 5.147265554830e-08 9.342954473278e+00 4.493089192904e-06 1.042534091312e-03
1.930597090901e+05 4.814151415326e-08 9.269732309593e+00 4.136700999651e-06 9.985901100475e-04
1.974528929234e+05 4.502652938250e-08 9.197014901663e+00 3.808572729586e-06 9.565001154493e-04
2.019459460482e+05 4.211374334420e-08 9.124809056253e+00 3.506480407434e-06 9.161877643426e-04
2.065409998474e+05 3.939010952916e-08 9.053119349078e+00 3.228372803174e-06 8.775800878772e-04
2.112402210004e+05 3.684341233358e-08 8.981950418419e+00 2.972358254960e-06 8.406069677261e-04
2.160458139909e+05 3.446219691533e-08 8.911309328842e+00 2.736692474262e-06 8.052006979178e-04
2.209600199714e+05 3.223575170877e-08 8.841202028783e+00 2.519767275278e-06 7.712964449374e-04
2.259851143110e+05 3.015406658087e-08 8.771632342626e+00 2.320100137689e-06 7.388322460272e-04
2.311234111213e+05 2.820774427492e-08 8.702608282716e+00 2.136324539700e-06 7.077480449894e-04
2.363772563849e+05 2.638802888487e-08 8.634132115708e+00 1.967181041603e-06 6.779869426119e-04
2.417490336715e+05 2.468669413304e-08 8.566211267079e+00 1.811509009972e-06 6.494936523434e-04
2.472411634686e+05 2.309604688878e-08 8.498852807584e+00 1.668238992743e-06 6.222151839955e-04
2.528561685911e+05 2.160863235072e-08 8.432114213085e+00 1.536385647099e-06 5.960951234091e-04
2.586000000000e+05 2.020556643958e-08 8.368525234511e+00 1.415040565024e-06 5.708159054783e-04
